ENTREZID,ENSEMBL,SYMBOL,GENENAME,logFC,AveExpr,t,P.Value,adj.P.Val,B
57650,ENSG00000163507,CIP2A,cellular inhibitor of PP2A,-2.22037311,6.110325823,-96.01368058,1.75E-09,4.98E-05,12.17081837
7474,ENSG00000114251,WNT5A,Wnt family member 5A,-9.121315533,-0.65668241,-67.76135619,1.03E-08,0.000146148,5.865799665
9993,ENSG00000070413,DGCR2,DiGeorge syndrome critical region gene 2,2.162754732,6.900307153,62.35251783,1.72E-08,0.000150536,10.66100482
55762,ENSG00000167562,ZNF701,zinc finger protein 701,-2.349569884,3.344891588,-58.77328191,2.12E-08,0.000150536,9.79130878
23350,ENSG00000163714,U2SURP,U2 snRNP associated SURP domain containing,-1.235057287,6.920543477,-52.03354036,3.94E-08,0.000210579,9.961028805
29801,ENSG00000099904,ZDHHC8,zinc finger DHHC-type palmitoyltransferase 8,1.682065034,5.822395839,50.36252641,4.64E-08,0.000210579,9.776463556
406984,ENSG00000207730,MIR200B,microRNA 200b,-5.388090649,-2.521943924,-49.18871102,5.24E-08,0.000210579,5.308511908
10409,ENSG00000176788,BASP1,brain abundant membrane attached signal protein 1,1.675465787,5.91800606,46.87135833,7.00E-08,0.000210579,9.404520678
6648,ENSG00000291237,SOD2,superoxide dismutase 2,1.892282439,8.248937171,49.28266456,7.39E-08,0.000210579,9.385349036
58191,ENSG00000161921,CXCL16,C-X-C motif chemokine ligand 16,1.06678432,6.485180351,45.92681346,7.42E-08,0.000210579,9.363372638
149775,ENSG00000235590,GNAS-AS1,GNAS antisense RNA 1,-5.475118561,-2.47864849,-45.06637685,8.16E-08,0.000210715,5.266517397
3491,ENSG00000142871,CCN1,cellular communication network factor 1,2.620510197,6.179212544,49.35863622,9.39E-08,0.000222122,9.126430884
55022,ENSG00000153823,PID1,phosphotyrosine interaction domain containing 1,1.806945075,2.705449589,40.71689287,1.37E-07,0.000298346,8.38300783
216,ENSG00000165092,ALDH1A1,aldehyde dehydrogenase 1 family member A1,-7.786075596,-1.324672822,-41.18101872,1.57E-07,0.000308265,5.328106335
9814,ENSG00000198089,SFI1,SFI1 centrin binding protein,-1.719216567,3.278456581,-39.32134681,1.63E-07,0.000308265,8.411558047
96610,NA,BMS1P20,BMS1 pseudogene 20,1.825957996,5.734255402,41.17138617,1.89E-07,0.000308265,8.466366072
4478,ENSG00000147065,MSN,moesin,3.41139871,9.980572942,42.63483069,1.91E-07,0.000308265,8.471727351
8682,ENSG00000162734,PEA15,proliferation and apoptosis adaptor protein 15,1.625910264,7.132791209,39.99777592,2.17E-07,0.000308265,8.32933934
3675,ENSG00000005884,ITGA3,integrin subunit alpha 3,1.344777414,9.839315894,38.50485404,2.20E-07,0.000308265,8.293880004
3383,ENSG00000090339,ICAM1,intercellular adhesion molecule 1,2.095979058,7.551937453,41.06716405,2.29E-07,0.000308265,8.29000203
246,ENSG00000161905,ALOX15,arachidonate 15-lipoxygenase,1.038260362,5.263973061,36.7288497,2.30E-07,0.000308265,8.244726737
11167,ENSG00000163430,FSTL1,follistatin like 1,2.269885438,5.913952891,40.68353901,2.40E-07,0.000308265,8.241485677
55370,NA,PPP4R1L,protein phosphatase 4 regulatory subunit 1 like (pseudogene),-1.35677078,3.391793629,-35.72152867,2.65E-07,0.000308265,8.029743638
598,ENSG00000171552,BCL2L1,BCL2 like 1,2.792896856,8.395985783,38.5572571,3.11E-07,0.000308265,7.977331285
58506,ENSG00000126461,SCAF1,SR-related CTD associated factor 1,1.221584782,7.4095328,35.27000199,3.21E-07,0.000308265,7.900081516
81553,ENSG00000197872,CYRIA,CYFIP related Rac1 interactor A,-6.284590508,-2.071367226,-34.71807336,3.23E-07,0.000308265,5.111112928
55749,ENSG00000060339,CCAR1,cell division cycle and apoptosis regulator 1,-1.953921814,6.226990615,-38.22289953,3.24E-07,0.000308265,7.941961651
84448,ENSG00000163995,ABLIM2,actin binding LIM protein family member 2,2.168974043,1.087525197,34.26114976,3.28E-07,0.000308265,7.013218769
9928,ENSG00000118193,KIF14,kinesin family member 14,-2.077934316,4.412024834,-37.02819202,3.42E-07,0.000308265,7.859844639
7576,ENSG00000198538,ZNF28,zinc finger protein 28,-2.207799931,4.525280403,-37.4450459,3.52E-07,0.000308265,7.83775709
3832,ENSG00000138160,KIF11,kinesin family member 11,-1.461588416,4.989550053,-34.80925237,3.55E-07,0.000308265,7.824387514
10914,ENSG00000090060,PAPOLA,poly(A) polymerase alpha,-0.986006497,6.901730933,-33.65706136,3.59E-07,0.000308265,7.770250601
2152,ENSG00000117525,F3,"coagulation factor III, tissue factor",0.842679118,7.745654388,33.52369251,3.66E-07,0.000308265,7.740998764
613,ENSG00000186716,BCR,BCR activator of RhoGEF and GTPase,2.220812026,7.967639422,37.16402947,3.72E-07,0.000308265,7.79359442
7052,ENSG00000198959,TGM2,transglutaminase 2,2.300697718,7.515195035,36.78332046,3.91E-07,0.000308265,7.7445069
100124700,ENSG00000228630,HOTAIR,HOX transcript antisense RNA,-2.902197143,2.675227024,-35.32381737,3.91E-07,0.000308265,7.417610346
80380,ENSG00000197646,PDCD1LG2,programmed cell death 1 ligand 2,2.993773678,1.756609566,32.97568687,4.41E-07,0.000338757,7.014951178
55603,ENSG00000112773,TENT5A,terminal nucleotidyltransferase 5A,-1.58413926,2.84199331,-32.10675363,4.55E-07,0.000340182,7.468357521
57489,ENSG00000122417,ODF2L,outer dense fiber of sperm tails 2 like,-1.76003944,4.986881327,-34.43584732,4.94E-07,0.000359398,7.516509236
259266,ENSG00000066279,ASPM,assembly factor for spindle microtubules,-2.341776158,5.456060152,-34.78452612,5.12E-07,0.000363596,7.484915474
164284,ENSG00000198768,APCDD1L,APC down-regulated 1 like,2.452362424,3.727656775,34.58639897,5.27E-07,0.00036468,7.404326786
56944,ENSG00000116774,OLFML3,olfactomedin like 3,2.368813731,7.416682943,34.04904242,5.68E-07,0.000370552,7.353311222
2132,ENSG00000151348,EXT2,exostosin glycosyltransferase 2,0.846782271,7.606931306,30.60709264,5.80E-07,0.000370552,7.246960775
558,ENSG00000167601,AXL,AXL receptor tyrosine kinase,2.012037004,6.766420329,33.88093787,5.82E-07,0.000370552,7.33414461
128989,ENSG00000183597,TANGO2,transport and golgi organization 2 homolog,1.59159086,5.305369589,33.06758709,5.89E-07,0.000370552,7.329657727
81857,ENSG00000104973,MED25,mediator complex subunit 25,0.658195202,6.338814361,30.39952142,6.00E-07,0.000370552,7.229099004
57698,ENSG00000187164,SHTN1,shootin 1,-1.379320247,5.890007476,-32.11363496,6.31E-07,0.000375341,7.23647417
284021,ENSG00000271605,MILR1,mast cell immunoglobulin like receptor 1,-1.780463356,4.304935046,-32.26967423,6.53E-07,0.000375341,7.234235017
5054,ENSG00000106366,SERPINE1,serpin family E member 1,1.973506603,7.451514567,32.99963579,6.61E-07,0.000375341,7.19019988
92154,ENSG00000132613,MTSS2,MTSS I-BAR domain containing 2,1.024246353,6.241414082,29.9153253,6.64E-07,0.000375341,7.12723087
79675,ENSG00000138399,FASTKD1,FAST kinase domains 1,-1.221695758,3.779048334,-29.56546414,6.91E-07,0.000375341,7.147872777
23384,ENSG00000100014,SPECC1L,sperm antigen with calponin homology and coiled-coil domains 1 like,2.289262398,6.249484753,32.65917341,6.95E-07,0.000375341,7.156246057
23331,ENSG00000100154,TTC28,tetratricopeptide repeat domain 28,-7.88601147,-1.271273212,-32.5828628,7.03E-07,0.000375341,4.801205812
84446,ENSG00000160469,BRSK1,BR serine/threonine kinase 1,1.91468544,5.691303972,32.31231695,7.32E-07,0.000375341,7.110878898
160,ENSG00000196961,AP2A1,adaptor related protein complex 2 subunit alpha 1,0.879392568,7.802440135,29.12672811,7.45E-07,0.000375341,6.972169895
25957,ENSG00000132424,PNISR,PNN interacting serine and arginine rich protein,-1.754167348,6.438465685,-32.16495443,7.48E-07,0.000375341,7.071570009
728113,ENSG00000264230,ANXA8L1,annexin A8 like 1,2.050390621,5.750744136,32.11982327,7.53E-07,0.000375341,7.08014746
54585,ENSG00000163818,LZTFL1,leucine zipper transcription factor like 1,-1.608272634,4.724544267,-31.21386927,7.74E-07,0.000375374,7.058839962
340017,ENSG00000234111,LINC02433,long intergenic non-protein coding RNA 2433,-4.581454043,-2.927460046,-28.86628456,7.80E-07,0.000375374,4.611805062
2533,ENSG00000082074,FYB1,FYN binding protein 1,-3.121459443,2.779060935,-31.65824127,8.08E-07,0.000382456,6.835235487
27107,ENSG00000066422,ZBTB11,zinc finger and BTB domain containing 11,-1.351324148,5.81733219,-30.60551956,8.23E-07,0.000383207,6.95993913
351,ENSG00000142192,APP,amyloid beta precursor protein,0.80037202,9.072001376,28.28464393,8.65E-07,0.000395943,6.801894153
10276,ENSG00000173848,NET1,neuroepithelial cell transforming 1,-1.288621733,7.178065335,-30.36496913,8.97E-07,0.000404249,6.846717512
6892,ENSG00000231925,TAPBP,TAP binding protein,3.633380598,-3.413051599,27.90446198,9.26E-07,0.000410734,4.385923574
26054,ENSG00000112701,SENP6,SUMO specific peptidase 6,-1.128538147,5.98380521,-28.68859717,9.86E-07,0.000426038,6.738434933
1048,ENSG00000105388,CEACAM5,CEA cell adhesion molecule 5,-5.606459262,1.310659413,-30.31278868,9.97E-07,0.000426038,5.760986267
100507290,ENSG00000261221,ZNF865,zinc finger protein 865,1.273201178,6.794685657,29.49339615,1.04E-06,0.000426038,6.696262568
23786,ENSG00000099968,BCL2L13,BCL2 like 13,1.397393118,6.904589354,29.76366088,1.09E-06,0.000426038,6.656995538
8728,ENSG00000135074,ADAM19,ADAM metallopeptidase domain 19,-2.377443081,2.425958829,-28.60855035,1.09E-06,0.000426038,6.584034575
7748,ENSG00000005801,ZNF195,zinc finger protein 195,-1.71373658,3.499811364,-28.39697927,1.12E-06,0.000426038,6.685832416
23641,ENSG00000182195,LDOC1,LDOC1 regulator of NFKB signaling,1.738115604,6.738296987,29.57536207,1.12E-06,0.000426038,6.628854095
3098,ENSG00000156515,HK1,hexokinase 1,0.643765524,8.439715239,26.79125565,1.14E-06,0.000426038,6.501752352
84433,ENSG00000198286,CARD11,caspase recruitment domain family member 11,1.461240423,7.383539224,29.41186168,1.15E-06,0.000426038,6.586847473
55706,ENSG00000058804,NDC1,NDC1 transmembrane nucleoporin,-0.837646949,6.353990381,-26.68477703,1.16E-06,0.000426038,6.512223581
81502,ENSG00000101294,HM13,histocompatibility minor 13,1.835593618,8.266453193,29.23430653,1.19E-06,0.000426038,6.546561487
100874194,ENSG00000223392,CLDN10-AS1,CLDN10 antisense RNA 1,-3.254515,-3.589889838,-26.52394971,1.20E-06,0.000426038,4.261574198
101929191,ENSG00000253641,LINC03022,long intergenic non-protein coding RNA 3022,-3.254515,-3.589889838,-26.52394971,1.20E-06,0.000426038,4.261574198
101927787,ENSG00000228044,LOC101927787,uncharacterized LOC101927787,-1.948387693,2.594913086,-27.42434454,1.21E-06,0.000426038,6.551056204
9406,ENSG00000132485,ZRANB2,zinc finger RANBP2-type containing 2,-1.536859917,5.983224057,-29.08969651,1.22E-06,0.000426038,6.559411754
5991,ENSG00000080298,RFX3,regulatory factor X3,-1.774789084,2.904823588,-27.31553861,1.23E-06,0.000426038,6.565733065
64288,ENSG00000235109,ZSCAN31,zinc finger and SCAN domain containing 31,-2.647815084,3.47478837,-28.98502028,1.24E-06,0.000426038,6.587482421
94104,ENSG00000159086,PAXBP1,PAX3 and PAX7 binding protein 1,-1.942891919,3.604277168,-28.7144222,1.24E-06,0.000426038,6.597059968
3936,ENSG00000136167,LCP1,lymphocyte cytosolic protein 1,-1.956653309,5.03726941,-28.93126035,1.25E-06,0.000426038,6.568044577
7486,ENSG00000165392,WRN,WRN RecQ like helicase,-1.356851485,4.13839567,-27.34018086,1.26E-06,0.000426038,6.550870437
102466724,ENSG00000277681,MIR6739,microRNA 6739,-3.44459177,-3.493387632,-25.85471827,1.36E-06,0.000453619,4.251663853
83606,ENSG00000138867,GUCD1,guanylyl cyclase domain containing 1,2.254418739,7.031616684,28.36933551,1.37E-06,0.000453619,6.406864231
79365,ENSG00000123095,BHLHE41,basic helix-loop-helix family member e41,-1.98835807,5.828092834,-28.27620923,1.40E-06,0.000453619,6.420174638
51742,ENSG00000054267,ARID4B,AT-rich interaction domain 4B,-1.270504135,5.825876307,-27.69828541,1.41E-06,0.000453619,6.386209211
646627,ENSG00000259823,LYPD8,LY6/PLAUR domain containing 8,-4.17991142,-0.479142994,-26.54225788,1.42E-06,0.000453619,5.259686449
23413,ENSG00000107130,NCS1,neuronal calcium sensor 1,1.18932982,5.591865102,27.05856006,1.47E-06,0.000456636,6.33945595
55629,ENSG00000189266,PNRC2,proline rich nuclear receptor coactivator 2,-0.804023121,5.484231695,-25.46236019,1.47E-06,0.000456636,6.284322447
613227,ENSG00000214511,HIGD1C,HIG1 hypoxia inducible domain family member 1C,-4.275303871,-3.077753827,-25.43192119,1.48E-06,0.000456636,4.353519437
11068,ENSG00000114395,CYB561D2,cytochrome b561 family member D2,1.295192728,4.460360859,26.64035475,1.51E-06,0.000457025,6.355644701
4907,ENSG00000135318,NT5E,5'-nucleotidase ecto,1.622383437,7.654184704,27.73610579,1.53E-06,0.000457025,6.271880892
55900,ENSG00000089335,ZNF302,zinc finger protein 302,-1.751781605,4.27387507,-27.71305863,1.54E-06,0.000457025,6.375762995
9738,ENSG00000103540,CCP110,centriolar coiled-coil protein 110,-1.452265506,4.670394596,-27.30385617,1.55E-06,0.000457025,6.342610185
7056,ENSG00000178726,THBD,thrombomodulin,5.776391879,2.886721858,27.24260944,1.67E-06,0.000484783,5.993218374
309,ENSG00000197043,ANXA6,annexin A6,1.437863208,5.154757552,27.22346022,1.67E-06,0.000484783,6.245303591
3625,ENSG00000163083,INHBB,inhibin subunit beta B,0.832600905,7.70536896,25.05691025,1.69E-06,0.000485365,6.077122687
83692,ENSG00000102181,CD99L2,CD99 molecule like 2,0.55337677,6.187559001,24.71494038,1.71E-06,0.000485365,6.088197376
3589,ENSG00000095752,IL11,interleukin 11,2.530028704,6.480502935,26.9745114,1.75E-06,0.000492894,6.155933887
51134,ENSG00000173588,CEP83,centrosomal protein 83,-1.941397616,2.725305898,-25.91001427,1.80E-06,0.000494358,6.196390774
716,ENSG00000182326,C1S,complement C1s,2.58135021,6.150912764,26.7647475,1.82E-06,0.000494358,6.126390983
10198,ENSG00000051825,MPHOSPH9,M-phase phosphoprotein 9,-2.239021889,4.035544425,-26.76071952,1.82E-06,0.000494358,6.213441622
55329,ENSG00000138587,MNS1,meiosis specific nuclear structural 1,-2.209780731,1.908959348,-25.27479261,1.83E-06,0.000494358,6.064122877
64780,ENSG00000135596,MICAL1,"microtubule associated monooxygenase, calponin and LIM domain containing 1",0.626492037,5.549564571,24.34258691,1.85E-06,0.000494358,6.030090353
23028,ENSG00000004487,KDM1A,lysine demethylase 1A,-0.871574916,7.341618409,-24.85174235,1.88E-06,0.000495775,5.97696817
339761,ENSG00000186684,CYP27C1,cytochrome P450 family 27 subfamily C member 1,-1.26207417,3.528618175,-24.63109817,1.89E-06,0.000495775,6.140997338
22800,ENSG00000133818,RRAS2,RAS related 2,0.867244727,5.094626122,24.1884877,1.91E-06,0.00049641,6.019875235
9584,ENSG00000131051,RBM39,RNA binding motif protein 39,-0.862570447,7.657698445,-24.71982447,1.94E-06,0.000500767,5.939702116
5296,ENSG00000105647,PIK3R2,phosphoinositide-3-kinase regulatory subunit 2,0.687701298,7.257652556,24.04286242,1.96E-06,0.000502549,5.903943231
56241,ENSG00000099994,SUSD2,sushi domain containing 2,3.6350591,2.801879965,26.13906002,2.04E-06,0.000517469,6.024596211
3689,ENSG00000160255,ITGB2,integrin subunit beta 2,1.879003586,5.755467271,26.03771919,2.08E-06,0.0005223,5.986932075
10059,ENSG00000087470,DNM1L,dynamin 1 like,-1.18684273,6.71715904,-25.82843315,2.12E-06,0.0005223,5.922949474
170958,ENSG00000203326,ZNF525,zinc finger protein 525,-2.512485278,3.829574598,-25.91700848,2.13E-06,0.0005223,6.062646017
55599,ENSG00000185946,RNPC3,"RNA binding region (RNP1, RRM) containing 3",-2.13548174,3.386323622,-25.87878565,2.14E-06,0.0005223,6.058385847
5526,ENSG00000068971,PPP2R5B,protein phosphatase 2 regulatory subunit B'beta,1.153470219,5.068642022,24.99814696,2.15E-06,0.0005223,5.944242967
9169,ENSG00000139218,SCAF11,SR-related CTD associated factor 11,-1.496801387,6.765981081,-25.79166727,2.18E-06,0.000523951,5.898724616
4683,ENSG00000104320,NBN,nibrin,-0.996722873,6.022023174,-24.42797722,2.31E-06,0.000550902,5.811486666
6455,ENSG00000141985,SH3GL1,"SH3 domain containing GRB2 like 1, endophilin A2",0.864713143,5.506830881,23.42949151,2.35E-06,0.000555611,5.776248053
3224,ENSG00000037965,HOXC8,homeobox C8,-2.703850799,1.109873986,-24.01740022,2.39E-06,0.000562001,5.608565435
7078,ENSG00000100234,TIMP3,TIMP metallopeptidase inhibitor 3,-1.407406132,6.474483684,-25.20113631,2.44E-06,0.000566435,5.78160527
24144,ENSG00000100109,TFIP11,tuftelin interacting protein 11,-0.840238744,4.024088057,-23.00625659,2.45E-06,0.000566435,5.8159447
51303,ENSG00000134285,FKBP11,FKBP prolyl isomerase 11,-2.23896171,2.329291863,-24.67607855,2.48E-06,0.000566786,5.857923716
57153,ENSG00000129353,SLC44A2,solute carrier family 44 member 2,0.965132312,8.381573562,24.32829272,2.52E-06,0.00057195,5.679214103
55635,ENSG00000024526,DEPDC1,DEP domain containing 1,-1.750147272,4.716557623,-24.92193386,2.57E-06,0.000577539,5.809612406
58473,ENSG00000021300,PLEKHB1,pleckstrin homology domain containing B1,0.788144806,5.738322666,22.76062446,2.59E-06,0.000577539,5.644757068
339745,ENSG00000144228,SPOPL,speckle type BTB/POZ protein like,-1.055901948,5.004315515,-23.77635807,2.60E-06,0.000577539,5.7274472
4680,ENSG00000086548,CEACAM6,CEA cell adhesion molecule 6,-1.814207332,5.485330135,-24.79027464,2.64E-06,0.000580283,5.73840058
7153,ENSG00000131747,TOP2A,DNA topoisomerase II alpha,-1.343446482,6.853834643,-24.74582492,2.66E-06,0.00058083,5.672073051
79791,ENSG00000103264,FBXO31,F-box protein 31,0.724338528,5.083715242,22.5936678,2.69E-06,0.000582653,5.639249129
90355,ENSG00000181751,MACIR,macrophage immunometabolism regulator,-1.06705976,4.300008628,-23.12411635,2.76E-06,0.000592669,5.696521817
586,ENSG00000060982,BCAT1,branched chain amino acid transaminase 1,-1.502163507,8.286970173,-24.52643522,2.78E-06,0.000592669,5.600967321
8940,ENSG00000100038,TOP3B,DNA topoisomerase III beta,1.553662417,5.65776138,24.46990607,2.81E-06,0.000593917,5.656541001
55259,ENSG00000118307,DNAI7,dynein axonemal intermediate chain 7,-2.30759446,0.455343919,-22.36410204,2.83E-06,0.000593917,5.342372428
10769,ENSG00000145632,PLK2,polo like kinase 2,0.718620301,7.329358752,22.32109086,2.86E-06,0.000593917,5.479636572
375790,ENSG00000188157,AGRN,agrin,0.904580194,9.59465909,23.55935957,2.87E-06,0.000593917,5.519482315
26086,ENSG00000160360,GPSM1,G protein signaling modulator 1,1.275135802,4.157047357,23.62573029,2.91E-06,0.000593917,5.678811665
160518,ENSG00000170456,DENND5B,DENN domain containing 5B,-1.004563927,3.061661857,-22.18762965,2.95E-06,0.000593917,5.687494991
9666,ENSG00000198919,DZIP3,DAZ interacting zinc finger protein 3,-2.101425676,6.276650547,-24.22620318,2.95E-06,0.000593917,5.582824135
81788,ENSG00000163545,NUAK2,NUAK family kinase 2,1.643321371,3.754103414,24.2208794,2.95E-06,0.000593917,5.716907461
1975,ENSG00000063046,EIF4B,eukaryotic translation initiation factor 4B,-0.432884742,9.610234588,-22.10372525,3.00E-06,0.000600321,5.405137318
54443,ENSG00000011426,ANLN,"anillin, actin binding protein",-1.20138803,6.24937129,-24.05812924,3.05E-06,0.000601146,5.537162635
29967,ENSG00000147650,LRP12,LDL receptor related protein 12,-1.529931963,5.080304811,-24.05507886,3.05E-06,0.000601146,5.597135427
22908,ENSG00000211456,SACM1L,SAC1 like phosphatidylinositide phosphatase,-0.790488169,5.334441529,-21.96051285,3.10E-06,0.000607476,5.465104577
102724954,NA,RGS2-AS1,RSG2 antisense RNA 1,-2.91699918,-3.758997634,-21.80821463,3.21E-06,0.00060758,3.886984858
256646,ENSG00000184507,NUTM1,NUT midline carcinoma family member 1,-2.91699918,-3.758997634,-21.80821463,3.21E-06,0.00060758,3.886984858
10913,ENSG00000135960,EDAR,ectodysplasin A receptor,-2.91699918,-3.758997634,-21.80821463,3.21E-06,0.00060758,3.886984858
339855,ENSG00000174611,KY,kyphoscoliosis peptidase,-2.91699918,-3.758997634,-21.80821463,3.21E-06,0.00060758,3.886984858
55769,ENSG00000167766,ZNF83,zinc finger protein 83,-2.248098008,3.880601992,-23.75921726,3.24E-06,0.00060758,5.622891021
348654,ENSG00000178295,GEN1,GEN1 Holliday junction 5' flap endonuclease,-2.031468931,3.607341547,-23.72230385,3.26E-06,0.00060758,5.62513192
338821,NA,SLCO1B7,solute carrier organic anion transporter family member 1B7 (putative),-2.221650372,1.539874851,-22.59661637,3.27E-06,0.00060758,5.498137956
7358,ENSG00000109814,UGDH,UDP-glucose 6-dehydrogenase,-0.947305536,8.45351877,-23.21469967,3.27E-06,0.00060758,5.389423152
79600,ENSG00000204852,TCTN1,tectonic family member 1,-1.126287811,4.541338747,-22.89426282,3.30E-06,0.00060758,5.509807875
124152,ENSG00000174628,IQCK,IQ motif containing K,-0.721596786,4.856924723,-21.60678992,3.37E-06,0.000616729,5.404497326
26020,ENSG00000197324,LRP10,LDL receptor related protein 10,0.859909091,8.453561188,22.61387838,3.43E-06,0.000621556,5.318413021
5586,ENSG00000065243,PKN2,protein kinase N2,-1.381550183,6.525826007,-23.41589033,3.47E-06,0.000621556,5.382495567
6596,ENSG00000071794,HLTF,helicase like transcription factor,-1.213441285,6.193084416,-23.41175369,3.47E-06,0.000621556,5.391917864
5045,ENSG00000140564,FURIN,"furin, paired basic amino acid cleaving enzyme",1.084502863,8.21559995,23.40361253,3.48E-06,0.000621556,5.345191505
26099,ENSG00000055070,SZRD1,SUZ RNA binding domain containing 1,0.78118761,6.529819914,21.79440844,3.58E-06,0.00063263,5.271010014
677805,ENSG00000207145,SNORA18,"small nucleolar RNA, H/ACA box 18",-2.519772769,0.68178414,-21.77468713,3.59E-06,0.00063263,5.207757692
4102,ENSG00000221867,MAGEA3,MAGE family member A3,3.646422617,4.619755563,23.1515246,3.67E-06,0.000639561,5.477690001
3918,ENSG00000058085,LAMC2,laminin subunit gamma 2,1.707229048,8.809274278,23.14595415,3.67E-06,0.000639561,5.281042629
7399,ENSG00000042781,USH2A,usherin,-3.037159005,-3.698569287,-21.11246123,3.78E-06,0.000643464,3.840338442
5122,ENSG00000175426,PCSK1,proprotein convertase subtilisin/kexin type 1,-3.037159005,-3.698569287,-21.11246123,3.78E-06,0.000643464,3.840338442
2730,ENSG00000023909,GCLM,glutamate-cysteine ligase modifier subunit,-1.097589078,7.618626607,-22.9863175,3.80E-06,0.000643464,5.253716704
92092,ENSG00000146858,ZC3HAV1L,"zinc finger CCCH-type containing, antiviral 1 like",-0.829529868,5.102027352,-21.34429424,3.81E-06,0.000643464,5.264214284
5155,ENSG00000100311,PDGFB,platelet derived growth factor subunit B,0.867857174,6.475245381,21.98294609,3.86E-06,0.000643464,5.214867821
7072,ENSG00000116001,TIA1,TIA1 cytotoxic granule associated RNA binding protein,-2.146548254,5.974418598,-22.86713318,3.89E-06,0.000643464,5.284920922
390927,ENSG00000188227,ZNF793,zinc finger protein 793,-2.729890452,1.75615759,-22.85704478,3.90E-06,0.000643464,5.348213918
85456,ENSG00000149115,TNKS1BP1,tankyrase 1 binding protein 1,0.980363055,8.396796702,22.67074757,3.92E-06,0.000643464,5.201229091
7016,ENSG00000107140,TESK1,testis associated actin remodelling kinase 1,1.219584085,4.364627492,22.45683902,3.92E-06,0.000643464,5.34930952
57580,ENSG00000124126,PREX1,"phosphatidylinositol-3,4,5-trisphosphate dependent Rac exchange factor 1",-1.466940625,2.639926362,-21.60926146,3.93E-06,0.000643464,5.428782043
51222,ENSG00000165804,ZNF219,zinc finger protein 219,0.743392762,5.775418222,21.01434394,3.95E-06,0.000643464,5.172470071
55700,ENSG00000116871,MAP7D1,MAP7 domain containing 1,1.457287164,7.207756134,22.7787773,3.97E-06,0.000643464,5.213525544
4772,ENSG00000131196,NFATC1,nuclear factor of activated T cells 1,1.056264093,4.266100849,21.70330413,4.02E-06,0.000646704,5.298524472
27074,ENSG00000078081,LAMP3,lysosomal associated membrane protein 3,-1.129795933,3.929281725,-21.71680588,4.03E-06,0.000646704,5.326943084
8633,ENSG00000182168,UNC5C,unc-5 netrin receptor C,-5.746918784,-2.348363905,-22.61117142,4.11E-06,0.000655553,4.010335246
26,ENSG00000002726,AOC1,amine oxidase copper containing 1,-4.002444852,1.270963705,-22.55688189,4.16E-06,0.000659491,5.078402538
10051,ENSG00000113810,SMC4,structural maintenance of chromosomes 4,-1.659416941,6.335596628,-22.53065376,4.18E-06,0.000659516,5.182119964
117608,ENSG00000178338,ZNF354B,zinc finger protein 354B,-1.634187805,2.757586469,-21.90525971,4.22E-06,0.000661363,5.370161393
5557,ENSG00000198056,PRIM1,DNA primase subunit 1,-1.10991533,4.13082878,-21.57428572,4.30E-06,0.000666244,5.245659964
283431,ENSG00000139354,GAS2L3,growth arrest specific 2 like 3,-1.918087708,2.892673787,-22.39922143,4.30E-06,0.000666244,5.362706802
51203,ENSG00000137804,NUSAP1,nucleolar and spindle associated protein 1,-1.328401083,5.085610168,-22.36150397,4.34E-06,0.000666244,5.203567978
1912,ENSG00000134686,PHC2,polyhomeotic homolog 2,0.705051069,6.914461676,20.76649038,4.34E-06,0.000666244,5.028015914
57508,ENSG00000108506,INTS2,integrator complex subunit 2,-1.258285501,3.701965733,-21.65873488,4.39E-06,0.000667252,5.267511961
55196,ENSG00000174718,RESF1,retroelement silencing factor 1,-1.576911053,4.928412812,-22.29534849,4.40E-06,0.000667252,5.202689818
115704,ENSG00000142459,EVI5L,ecotropic viral integration site 5 like,1.294028319,5.174311888,22.27439474,4.42E-06,0.000667252,5.175987798
1266,ENSG00000117519,CNN3,calponin 3,0.819445446,7.102475157,21.35205753,4.45E-06,0.000667557,5.033584452
23325,ENSG00000136051,WASHC4,WASH complex subunit 4,-2.042389293,5.150993122,-22.22344396,4.47E-06,0.000667557,5.178942005
5175,ENSG00000261371,PECAM1,platelet and endothelial cell adhesion molecule 1,-4.253474417,1.549828408,-22.16176199,4.53E-06,0.000673018,5.06204614
5501,ENSG00000186298,PPP1CC,protein phosphatase 1 catalytic subunit gamma,-1.276066262,7.324407195,-22.11972767,4.57E-06,0.000673532,5.049168353
79612,ENSG00000172766,NAA16,"N-alpha-acetyltransferase 16, NatA auxiliary subunit",-1.334045888,3.197278528,-21.27932194,4.58E-06,0.000673532,5.254254135
1062,ENSG00000138778,CENPE,centromere protein E,-2.221507433,4.136413035,-22.08672289,4.60E-06,0.000673532,5.22959669
7030,ENSG00000068323,TFE3,transcription factor binding to IGHM enhancer 3,0.767390822,6.237228376,20.73603495,4.68E-06,0.000679505,4.983342872
80789,ENSG00000185085,INTS5,integrator complex subunit 5,0.521120178,5.240741859,20.22261709,4.70E-06,0.000679505,5.0026101
316,ENSG00000138356,AOX1,aldehyde oxidase 1,2.487046634,4.758730372,21.97620931,4.71E-06,0.000679505,5.159781613
89887,ENSG00000197483,ZNF628,zinc finger protein 628,0.780976564,5.005629032,20.31320766,4.75E-06,0.000680065,5.016474558
54682,ENSG00000111261,MANSC1,MANSC domain containing 1,-0.601783157,5.77364965,-20.16499826,4.77E-06,0.000680065,4.955240783
1847,ENSG00000138166,DUSP5,dual specificity phosphatase 5,0.761701582,6.268286874,20.54596131,4.92E-06,0.000697808,4.925750845
90333,ENSG00000204604,ZNF468,zinc finger protein 468,-2.206020683,4.032546808,-21.76436103,4.94E-06,0.000697808,5.160857793
7181,ENSG00000120798,NR2C1,nuclear receptor subfamily 2 group C member 1,-2.268895147,4.77406695,-21.62144853,5.10E-06,0.000716748,5.066874317
5546,ENSG00000143294,PRCC,proline rich mitotic checkpoint control factor,0.696575305,5.917952249,19.94217933,5.13E-06,0.000717496,4.8687658
101927027,ENSG00000223960,CHROMR,cholesterol induced regulator of metabolism RNA,-3.051212679,2.311032459,-21.56764747,5.16E-06,0.000718291,5.155202951
152815,ENSG00000174796,THAP6,THAP domain containing 6,-0.979903926,3.769610096,-20.1084796,5.27E-06,0.000729643,5.025292315
387119,ENSG00000111860,CEP85L,centrosomal protein 85 like,-1.461190107,2.079276544,-19.95103885,5.33E-06,0.000732114,5.115822208
51122,ENSG00000114744,COMMD2,COMM domain containing 2,-0.721468381,5.065778508,-19.71633304,5.34E-06,0.000732114,4.872740557
11163,ENSG00000173598,NUDT4,nudix hydrolase 4,-1.409930617,6.029698986,-21.36426104,5.40E-06,0.000737378,4.902583535
7515,ENSG00000073050,XRCC1,X-ray repair cross complementing 1,0.794139892,4.724174776,19.79176778,5.47E-06,0.000742771,4.882813343
51586,ENSG00000099917,MED15,mediator complex subunit 15,1.143993338,7.390337444,21.26131765,5.53E-06,0.000747547,4.829481965
7019,ENSG00000108064,TFAM,"transcription factor A, mitochondrial",-0.851684831,6.133091026,-20.55276989,5.56E-06,0.000748054,4.822883843
2707,ENSG00000188910,GJB3,gap junction protein beta 3,1.436616111,6.438496436,21.12666863,5.70E-06,0.000763503,4.824170299
26277,ENSG00000092330,TINF2,TERF1 interacting nuclear factor 2,0.656503794,5.233942101,19.43661667,5.73E-06,0.000764478,4.778739628
26013,ENSG00000185513,L3MBTL1,L3MBTL histone methyl-lysine binding protein 1,-2.77445245,2.295581332,-21.06746812,5.78E-06,0.000765759,5.05506594
1291,ENSG00000142156,COL6A1,collagen type VI alpha 1 chain,1.925441347,6.041527646,21.05221337,5.80E-06,0.000765759,4.827899639
113251,ENSG00000161813,LARP4,La ribonucleoprotein 4,-1.299501302,6.155105549,-21.02120339,5.84E-06,0.000767644,4.807200932
27037,ENSG00000099899,TRMT2A,tRNA methyltransferase 2 homolog A,1.704676934,5.229102972,20.97380821,5.90E-06,0.000769196,4.853786666
55326,ENSG00000155189,AGPAT5,1-acylglycerol-3-phosphate O-acyltransferase 5,-0.645877798,4.996592316,-19.29387199,5.95E-06,0.000769196,4.754277983
7077,ENSG00000035862,TIMP2,TIMP metallopeptidase inhibitor 2,1.065141174,8.041338626,20.86365463,6.05E-06,0.000769196,4.715478393
114327,ENSG00000096093,EFHC1,EF-hand domain containing 1,-2.106439983,3.426830851,-20.85621059,6.07E-06,0.000769196,4.984978522
55320,ENSG00000129534,MIS18BP1,MIS18 binding protein 1,-1.749660514,5.285633496,-20.84887393,6.08E-06,0.000769196,4.81862985
254042,ENSG00000172878,METAP1D,"methionyl aminopeptidase type 1D, mitochondrial",-1.173483231,3.881532487,-20.3911882,6.09E-06,0.000769196,4.90107965
90850,ENSG00000167962,ZNF598,"zinc finger protein 598, E3 ubiquitin ligase",0.849287867,7.071230924,20.39571839,6.10E-06,0.000769196,4.696566083
54795,ENSG00000130529,TRPM4,transient receptor potential cation channel subfamily M member 4,0.893352156,6.31377153,20.44768339,6.11E-06,0.000769196,4.724018371
81603,ENSG00000171206,TRIM8,tripartite motif containing 8,1.071320726,7.611744516,20.81331601,6.13E-06,0.000769196,4.707912712
221749,ENSG00000168994,PXDC1,PX domain containing 1,1.06705901,5.459502334,20.78331212,6.17E-06,0.000769196,4.779703332
55916,ENSG00000101888,NXT2,nuclear transport factor 2 like export factor 2,-1.079346779,5.267366866,-20.78038395,6.17E-06,0.000769196,4.791686788
4296,ENSG00000173327,MAP3K11,mitogen-activated protein kinase kinase kinase 11,0.860854972,6.744355634,20.35684296,6.18E-06,0.000769196,4.693176924
51426,ENSG00000122008,POLK,DNA polymerase kappa,-1.319192412,4.766739992,-20.68258518,6.31E-06,0.000782953,4.806741278
57696,ENSG00000111364,DDX55,DEAD-box helicase 55,-1.283319981,3.993864157,-20.62357088,6.36E-06,0.000785224,4.86487607
147166,ENSG00000291110,TRIM16L,tripartite motif containing 16 like (pseudogene),0.447230033,8.219604855,18.98760307,6.45E-06,0.000792755,4.539865808
3996,ENSG00000131899,LLGL1,LLGL scribble cell polarity complex component 1,0.582269686,6.509359887,18.92985113,6.55E-06,0.000801509,4.558411467
7678,ENSG00000196418,ZNF124,zinc finger protein 124,-1.700773332,1.197039844,-18.91285976,6.58E-06,0.000801678,4.854449689
6844,ENSG00000220205,VAMP2,vesicle associated membrane protein 2,1.101396066,5.712618091,20.45841493,6.65E-06,0.000806354,4.678928282
81621,ENSG00000107821,KAZALD1,Kazal type serine peptidase inhibitor domain 1,1.372695881,4.245059906,20.43621005,6.69E-06,0.000806354,4.788717255
285331,ENSG00000180376,CCDC66,coiled-coil domain containing 66,-1.930179067,2.655168422,-20.40085093,6.75E-06,0.000806354,4.911598792
56916,ENSG00000163104,SMARCAD1,"SWI/SNF-related, matrix-associated actin-dependent regulator of chromatin, subfamily a, containing DEAD/H box 1",-1.125432473,4.856995895,-20.39333968,6.76E-06,0.000806354,4.719998987
4931,ENSG00000143748,NVL,nuclear VCP like,-0.758221208,5.709781905,-19.34883467,6.76E-06,0.000806354,4.596849374
100093631,ENSG00000233369,GTF2IP4,general transcription factor IIi pseudogene 4,-0.958559924,5.378128421,-20.03813159,6.87E-06,0.000812951,4.645864177
144348,ENSG00000179195,ZNF664,zinc finger protein 664,-1.387185341,6.945255255,-20.31202183,6.89E-06,0.000812951,4.590574867
2122,ENSG00000085276,MECOM,MDS1 and EVI1 complex locus,-2.471911896,2.942299251,-20.3050453,6.90E-06,0.000812951,4.884479671
3656,ENSG00000134070,IRAK2,interleukin 1 receptor associated kinase 2,1.424429481,6.650244136,20.25460112,6.98E-06,0.000819341,4.584690834
55165,ENSG00000138180,CEP55,centrosomal protein 55,-1.502940388,4.570485059,-20.22682646,7.03E-06,0.000821375,4.707283081
115290,ENSG00000269190,FBXO17,F-box protein 17,0.981604009,4.135027095,19.39247647,7.16E-06,0.000832701,4.67531341
79811,ENSG00000137776,SLTM,SAFB like transcription modulator,-1.097153562,6.151265556,-20.09928003,7.25E-06,0.000832701,4.559541288
254427,ENSG00000148426,PROSER2,proline and serine rich 2,1.770119007,6.725081093,20.0630406,7.31E-06,0.000832701,4.533255523
3910,ENSG00000112769,LAMA4,laminin subunit alpha 4,-1.645940567,4.345044783,-20.06130056,7.31E-06,0.000832701,4.68746162
9342,ENSG00000099940,SNAP29,synaptosome associated protein 29,1.752194481,5.994525516,20.04148609,7.35E-06,0.000832701,4.55830486
1534,ENSG00000008283,CYB561,cytochrome b561,0.48420521,5.598192219,18.49909661,7.35E-06,0.000832701,4.471674506
29110,ENSG00000183735,TBK1,TANK binding kinase 1,-1.293156089,4.757501126,-20.02609991,7.37E-06,0.000832701,4.632717935
122945,ENSG00000165555,NOXRED1,NADP dependent oxidoreductase domain containing 1,-1.422277967,2.283644943,-19.01894931,7.44E-06,0.000832701,4.789090432
255738,ENSG00000169174,PCSK9,proprotein convertase subtilisin/kexin type 9,1.22697919,6.238791948,19.9794566,7.46E-06,0.000832701,4.523611853
7767,ENSG00000267680,ZNF224,zinc finger protein 224,-1.567927039,2.435310449,-19.47261912,7.47E-06,0.000832701,4.796367265
170961,ENSG00000089847,ANKRD24,ankyrin repeat domain 24,2.053587511,1.558940539,19.49815631,7.48E-06,0.000832701,4.771937581
5523,ENSG00000073711,PPP2R3A,protein phosphatase 2 regulatory subunit B''alpha,-1.034275868,4.939753643,-19.8366849,7.49E-06,0.000832701,4.588443278
55832,ENSG00000111530,CAND1,cullin associated and neddylation dissociated 1,-1.024430634,7.234770249,-19.94591904,7.52E-06,0.000832701,4.479858175
1717,ENSG00000172893,DHCR7,7-dehydrocholesterol reductase,1.840828991,8.112666612,19.90152667,7.60E-06,0.000832701,4.455871057
23645,ENSG00000087074,PPP1R15A,protein phosphatase 1 regulatory subunit 15A,1.727860628,7.124409152,19.89076378,7.62E-06,0.000832701,4.472606311
58517,ENSG00000119707,RBM25,RNA binding motif protein 25,-1.658659189,6.429620777,-19.88176677,7.64E-06,0.000832701,4.4933089
23038,ENSG00000142784,WDTC1,WD and tetratricopeptide repeats 1,0.83013072,6.639449105,19.49145108,7.65E-06,0.000832701,4.452038245
6829,ENSG00000196235,SUPT5H,"SPT5 homolog, DSIF elongation factor subunit",0.992647103,7.396934277,19.86802322,7.66E-06,0.000832701,4.454547171
1373,ENSG00000021826,CPS1,carbamoyl-phosphate synthase 1,-2.554251542,1.723583611,-19.85617986,7.68E-06,0.000832701,4.750492256
9762,ENSG00000088899,LZTS3,leucine zipper tumor suppressor family member 3,1.43632441,5.961185591,19.81865965,7.75E-06,0.000837116,4.494564117
53834,ENSG00000127418,FGFRL1,fibroblast growth factor receptor like 1,0.885969213,5.319971951,19.30028936,7.86E-06,0.000842596,4.484103305
9791,ENSG00000156471,PTDSS1,phosphatidylserine synthase 1,0.572319466,6.47407721,18.25239314,7.86E-06,0.000842596,4.350005411
10274,ENSG00000118007,STAG1,STAG1 cohesin complex component,-1.239722941,4.630103179,-19.74327785,7.90E-06,0.000842986,4.565798731
84861,ENSG00000099910,KLHL22,kelch like family member 22,1.576360879,4.152339246,19.72328045,7.94E-06,0.000843932,4.612754471
151887,ENSG00000091986,CCDC80,coiled-coil domain containing 80,2.126273873,4.797773456,19.68780377,8.00E-06,0.000847953,4.556761795
2801,ENSG00000167110,GOLGA2,golgin A2,0.865785943,7.624167595,19.56857591,8.06E-06,0.000847953,4.385464614
91523,ENSG00000179715,PCED1B,PC-esterase domain containing 1B,-1.448084192,4.241460387,-19.65025117,8.08E-06,0.000847953,4.581556748
80184,ENSG00000198707,CEP290,centrosomal protein 290,-2.164139965,4.450267352,-19.64296591,8.09E-06,0.000847953,4.579553439
64600,ENSG00000158786,PLA2G2F,phospholipase A2 group IIF,-1.750725907,2.434813579,-19.50199543,8.19E-06,0.000853053,4.715838236
23710,ENSG00000139112,GABARAPL1,GABA type A receptor associated protein like 1,1.190195915,5.991748274,19.58851166,8.20E-06,0.000853053,4.426197868
5724,ENSG00000169403,PTAFR,platelet activating factor receptor,1.406266099,4.625988494,19.52396758,8.33E-06,0.000860537,4.508602276
7637,ENSG00000198040,ZNF84,zinc finger protein 84,-2.168098124,3.862474859,-19.52330212,8.33E-06,0.000860537,4.605717926
2683,ENSG00000086062,B4GALT1,"beta-1,4-galactosyltransferase 1",0.868227863,8.243899469,19.47973735,8.38E-06,0.000861947,4.338183647
157506,ENSG00000121039,RDH10,retinol dehydrogenase 10,-1.537668506,4.748815942,-19.44606091,8.49E-06,0.000867262,4.479444954
23142,ENSG00000109184,DCUN1D4,defective in cullin neddylation 1 domain containing 4,-0.972965102,4.425507393,-18.9645908,8.54E-06,0.000867262,4.465239861
338324,ENSG00000184330,S100A7A,S100 calcium binding protein A7A,4.016802545,-3.223162152,18.39073473,8.59E-06,0.000867262,3.536466161
23137,ENSG00000198887,SMC5,structural maintenance of chromosomes 5,-1.234237629,5.142567139,-19.39477436,8.60E-06,0.000867262,4.426630909
8411,ENSG00000102189,EEA1,early endosome antigen 1,-1.570182681,4.37284616,-19.38778781,8.62E-06,0.000867262,4.499502071
5411,ENSG00000100941,PNN,"pinin, desmosome associated protein",-1.260895135,6.769414068,-19.36494477,8.67E-06,0.000867262,4.331409149
11274,ENSG00000184979,USP18,ubiquitin specific peptidase 18,1.999415294,2.851081751,19.35215632,8.69E-06,0.000867262,4.641234445
54414,ENSG00000110013,SIAE,sialic acid acetylesterase,0.678263047,4.887047499,17.87216002,8.74E-06,0.000867262,4.327585536
22818,ENSG00000111481,COPZ1,COPI coat complex subunit zeta 1,-0.491233343,6.304614463,-17.86768382,8.75E-06,0.000867262,4.234449715
140890,ENSG00000153914,SREK1,splicing regulatory glutamic acid and lysine rich protein 1,-1.517281663,5.713370656,-19.32068703,8.76E-06,0.000867262,4.370291545
54662,ENSG00000107021,TBC1D13,TBC1 domain family member 13,0.580784094,5.845398748,17.85956214,8.77E-06,0.000867262,4.25566143
57787,ENSG00000007047,MARK4,microtubule affinity regulating kinase 4,1.227225375,5.772276975,19.30535536,8.80E-06,0.000867262,4.358464781
93986,ENSG00000128573,FOXP2,forkhead box P2,-2.876325949,-0.184397559,-18.56749527,8.96E-06,0.000875195,4.277342808
134265,ENSG00000157510,AFAP1L1,actin filament associated protein 1 like 1,0.749830598,5.174640599,18.26354883,8.97E-06,0.000875195,4.308770256
9765,ENSG00000039319,ZFYVE16,zinc finger FYVE-type containing 16,-1.341033387,5.404725036,-19.21451108,9.00E-06,0.000875195,4.358058985
1889,ENSG00000117298,ECE1,endothelin converting enzyme 1,0.904883564,7.887801678,19.2033563,9.02E-06,0.000875195,4.25795413
55119,ENSG00000134186,PRPF38B,pre-mRNA processing factor 38B,-1.381389152,5.660096195,-19.19995076,9.03E-06,0.000875195,4.337353442
55297,ENSG00000123106,CCDC91,coiled-coil domain containing 91,-0.876582699,5.591454439,-18.87401623,9.10E-06,0.000876509,4.308748768
101928596,ENSG00000237707,LOC101928596,uncharacterized LOC101928596,1.676478408,4.397462675,19.13255097,9.18E-06,0.000876509,4.427927745
80344,ENSG00000100897,DCAF11,DDB1 and CUL4 associated factor 11,0.481116296,6.836595547,17.68878498,9.20E-06,0.000876509,4.155265833
55214,ENSG00000090530,P3H2,prolyl 3-hydroxylase 2,1.173900208,4.815636991,19.11931183,9.22E-06,0.000876509,4.373431818
39,ENSG00000120437,ACAT2,acetyl-CoA acetyltransferase 2,1.550766344,5.621528184,19.11687729,9.22E-06,0.000876509,4.318101926
100289635,ENSG00000196458,ZNF605,zinc finger protein 605,-1.971173742,4.164075654,-19.10264888,9.25E-06,0.000876509,4.452913634
257415,ENSG00000234545,FAM133B,family with sequence similarity 133 member B,-1.227940359,4.198654327,-19.0763791,9.32E-06,0.000876509,4.421565039
100049613,NA,TRK-TTT3-4,tRNA-Lys (anticodon TTT) 3-4,2.333839439,-4.062139394,17.62280359,9.38E-06,0.000876509,3.357838467
168455,ENSG00000253276,CCDC71L,coiled-coil domain containing 71 like,1.953673731,6.372741738,19.03637784,9.41E-06,0.000876509,4.259601385
59274,ENSG00000140406,TLNRD1,talin rod domain containing 1,1.179692135,5.127518487,19.03437024,9.41E-06,0.000876509,4.323985749
79140,ENSG00000160050,CCDC28B,coiled-coil domain containing 28B,0.976411731,2.19740081,17.59636234,9.45E-06,0.000876509,4.52363746
162989,ENSG00000160570,DEDD2,death effector domain containing 2,0.825683705,5.276264247,18.44279801,9.52E-06,0.000876509,4.260793214
6901,ENSG00000102125,TAFAZZIN,"tafazzin, phospholipid-lysophospholipid transacylase",0.901627168,5.940039821,18.88910988,9.57E-06,0.000876509,4.244500046
4300,ENSG00000171843,MLLT3,MLLT3 super elongation complex subunit,-1.274226515,4.627264994,-18.95351015,9.61E-06,0.000876509,4.345528739
285704,ENSG00000174136,RGMB,repulsive guidance molecule BMP co-receptor b,1.460479931,5.189507398,18.9480974,9.62E-06,0.000876509,4.29903539
51133,ENSG00000136636,KCTD3,potassium channel tetramerization domain containing 3,-0.614803309,5.78380161,-17.55110707,9.65E-06,0.000876509,4.15221271
7879,ENSG00000075785,RAB7A,"RAB7A, member RAS oncogene family",0.489074378,8.604313212,17.52283215,9.65E-06,0.000876509,4.072377995
9755,ENSG00000198933,TBKBP1,TBK1 binding protein 1,0.75091544,4.142309326,17.55557569,9.68E-06,0.000876509,4.290344505
54584,ENSG00000185838,GNB1L,G protein subunit beta 1 like,2.384565158,3.698696479,18.90892186,9.72E-06,0.000876509,4.460484574
55704,ENSG00000115355,CCDC88A,coiled-coil domain containing 88A,-2.244650991,3.187764571,-18.88569463,9.78E-06,0.000876509,4.498694212
57179,ENSG00000122203,KIAA1191,KIAA1191,0.704950371,7.363226739,18.25140397,9.78E-06,0.000876509,4.128914123
83891,ENSG00000109762,SNX25,sorting nexin 25,-0.914176663,4.298440047,-18.26429652,9.80E-06,0.000876509,4.311257362
54908,ENSG00000040275,SPDL1,spindle apparatus coiled-coil protein 1,-1.452383726,4.316902071,-18.87159096,9.81E-06,0.000876509,4.356728125
91404,ENSG00000187231,SESTD1,SEC14 and spectrin domain containing 1,-1.806400695,5.443353725,-18.86277004,9.83E-06,0.000876509,4.262016653
147,ENSG00000170214,ADRA1B,adrenoceptor alpha 1B,1.246071387,3.479968849,18.70376116,9.88E-06,0.000876509,4.424678165
3574,ENSG00000104432,IL7,interleukin 7,-3.672879126,-3.378643119,-17.62220051,9.88E-06,0.000876509,3.460350822
5563,ENSG00000162409,PRKAA2,protein kinase AMP-activated catalytic subunit alpha 2,-1.947150489,4.488231347,-18.83028147,9.92E-06,0.000876509,4.341569436
55287,ENSG00000088726,TMEM40,transmembrane protein 40,1.431763839,5.906904938,18.81838507,9.95E-06,0.000876509,4.212414815
10398,ENSG00000101335,MYL9,myosin light chain 9,2.835138636,3.978793644,18.81431382,9.96E-06,0.000876509,4.422085791
54806,ENSG00000135541,AHI1,Abelson helper integration site 1,-1.562528465,3.785936146,-18.80853666,9.97E-06,0.000876509,4.397690565
84765,ENSG00000161551,ZNF577,zinc finger protein 577,-1.247019181,1.708776472,-17.37930356,1.01E-05,0.000878137,4.479282033
5332,ENSG00000101333,PLCB4,phospholipase C beta 4,-1.510162131,3.242318909,-18.77244823,1.01E-05,0.000878137,4.44313368
80155,ENSG00000164134,NAA15,"N-alpha-acetyltransferase 15, NatA auxiliary subunit",-0.708959398,5.514687264,-17.831476,1.01E-05,0.000878137,4.148768419
51747,ENSG00000108848,LUC7L3,LUC7 like 3 pre-mRNA splicing factor,-2.453706315,6.92860438,-18.74216843,1.01E-05,0.000878137,4.158880479
4803,ENSG00000134259,NGF,nerve growth factor,4.183565347,2.819435032,18.73586081,1.02E-05,0.000878137,4.507356076
2590,ENSG00000143641,GALNT2,polypeptide N-acetylgalactosaminyltransferase 2,0.754773326,7.612003639,18.36733614,1.02E-05,0.000878137,4.09778152
347902,ENSG00000139211,AMIGO2,adhesion molecule with Ig like domain 2,-1.567987375,7.7943945,-18.69918623,1.03E-05,0.000879491,4.114041645
9879,ENSG00000145833,DDX46,DEAD-box helicase 46,-0.819729586,6.370458343,-18.45600592,1.03E-05,0.000879491,4.133083993
23193,ENSG00000089597,GANAB,glucosidase II alpha subunit,0.384698033,9.195548222,17.30171316,1.03E-05,0.000879491,3.994738716
28981,ENSG00000122970,IFT81,intraflagellar transport 81,-2.060919655,3.924640528,-18.65795453,1.04E-05,0.00088366,4.355373781
145282,ENSG00000151338,MIPOL1,mirror-image polydactyly 1,-1.648992381,3.764800585,-18.6458106,1.04E-05,0.000883774,4.356081871
6259,ENSG00000163785,RYK,receptor like tyrosine kinase,-0.545909096,6.812630127,-17.23239335,1.05E-05,0.000887743,4.005363823
1063,ENSG00000117724,CENPF,centromere protein F,-2.107159303,6.30312683,-18.60528686,1.05E-05,0.000887743,4.139119848
310,ENSG00000138279,ANXA7,annexin A7,0.407773022,7.868266086,17.20914596,1.06E-05,0.00089005,3.974748844
56169,ENSG00000147697,GSDMC,gasdermin C,1.778040947,1.433202466,17.85579957,1.06E-05,0.000892733,4.433060317
6091,ENSG00000169855,ROBO1,roundabout guidance receptor 1,-5.114727342,-2.663849581,-18.5492257,1.07E-05,0.000892733,3.490572479
151613,ENSG00000163728,TTC14,tetratricopeptide repeat domain 14,-2.111897512,4.631378968,-18.53551394,1.07E-05,0.000893274,4.246984563
25759,ENSG00000129946,SHC2,SHC adaptor protein 2,2.645627835,2.587173516,18.49902469,1.08E-05,0.000899124,4.44008978
84293,ENSG00000122378,PRXL2A,peroxiredoxin like 2A,0.844498947,5.994415959,18.29807168,1.09E-05,0.00090087,4.089874787
9531,ENSG00000151929,BAG3,BAG cochaperone 3,0.651158879,6.51322612,17.52235071,1.10E-05,0.000903764,3.99344667
960,ENSG00000026508,CD44,CD44 molecule (Indian blood group),1.0052806,9.59793531,18.40907377,1.11E-05,0.000903764,4.010380046
5878,ENSG00000108774,RAB5C,"RAB5C, member RAS oncogene family",0.867744687,7.049394792,18.40493355,1.11E-05,0.000903764,4.037927416
347853,ENSG00000167800,TBX10,T-box transcription factor 10,-2.30727483,-4.062139394,-17.04705815,1.11E-05,0.000903764,3.277556414
206426,NA,PIP5K1P1,phosphatidylinositol-4-phosphate 5-kinase type 1 pseudogene 1,-2.30727483,-4.062139394,-17.04705815,1.11E-05,0.000903764,3.277556414
29999,ENSG00000106328,FSCN3,fascin actin-bundling protein 3,-2.30727483,-4.062139394,-17.04705815,1.11E-05,0.000903764,3.277556414
22890,ENSG00000126804,ZBTB1,zinc finger and BTB domain containing 1,-1.248974854,5.447831399,-18.38956218,1.11E-05,0.000903912,4.112721473
10772,ENSG00000188529,SRSF10,serine and arginine rich splicing factor 10,-1.051289886,6.034261196,-18.2920339,1.14E-05,0.000923139,4.045231136
25818,ENSG00000167754,KLK5,kallikrein related peptidase 5,1.421582796,7.642033931,18.28734932,1.14E-05,0.000923139,3.992174771
4253,ENSG00000150527,MIA2,MIA SH3 domain ER export factor 2,-0.655032805,6.867813036,-17.46977121,1.15E-05,0.000924583,3.938479165
116966,ENSG00000150627,WDR17,WD repeat domain 17,-3.050657535,2.797188615,-18.24530019,1.15E-05,0.000924583,4.369814841
5166,ENSG00000004799,PDK4,pyruvate dehydrogenase kinase 4,-2.020485581,2.29838686,-18.24030026,1.16E-05,0.000924583,4.374365099
23451,ENSG00000115524,SF3B1,splicing factor 3b subunit 1,-0.794526628,8.085917447,-18.14957879,1.16E-05,0.000924583,3.962638097
55680,ENSG00000204130,RUFY2,RUN and FYVE domain containing 2,-0.982203724,4.815777142,-18.18713775,1.16E-05,0.000926018,4.106016122
80712,ENSG00000123576,ESX1,ESX homeobox 1,-3.386151438,0.628264007,-18.20327585,1.17E-05,0.000926018,4.182652406
92283,ENSG00000197808,ZNF461,zinc finger protein 461,-0.911838994,2.241317921,-16.85759739,1.17E-05,0.000926018,4.29515399
90338,ENSG00000170949,ZNF160,zinc finger protein 160,-1.827927931,4.587632346,-18.18776409,1.17E-05,0.000926018,4.139600006
22852,ENSG00000107890,ANKRD26,ankyrin repeat domain containing 26,-1.706884194,3.41237897,-18.17452377,1.18E-05,0.000926018,4.261235374
2041,ENSG00000146904,EPHA1,EPH receptor A1,0.72581982,5.203555458,17.36575754,1.18E-05,0.000926018,4.001271461
9466,ENSG00000104998,IL27RA,interleukin 27 receptor subunit alpha,1.941439708,4.01650435,18.15226061,1.18E-05,0.000927522,4.193748688
3984,ENSG00000106683,LIMK1,LIM domain kinase 1,0.775190495,6.597947355,17.84893618,1.19E-05,0.000934193,3.945017499
90249,ENSG00000113763,UNC5A,unc-5 netrin receptor A,2.37348728,5.747472241,18.07844166,1.21E-05,0.000940647,4.01855928
3930,ENSG00000143815,LBR,lamin B receptor,-0.933872392,7.303187829,-18.0408745,1.22E-05,0.000947482,3.92115747
57639,ENSG00000135205,CCDC146,coiled-coil domain containing 146,-1.645148533,3.134420231,-17.96401648,1.24E-05,0.000964454,4.228336505
55605,ENSG00000139116,KIF21A,kinesin family member 21A,-1.359180267,3.388817862,-17.94125534,1.25E-05,0.000967263,4.185999206
440926,NA,H3P6,H3 histone pseudogene 6,-1.165786228,5.524724916,-17.92876707,1.25E-05,0.000967263,3.966467758
3337,ENSG00000132002,DNAJB1,DnaJ heat shock protein family (Hsp40) member B1,0.848124662,7.391071561,17.92262081,1.26E-05,0.000967263,3.882226892
252969,ENSG00000154328,NEIL2,nei like DNA glycosylase 2,0.715956539,3.571646179,16.60055339,1.27E-05,0.000968674,4.055135751
11103,ENSG00000111615,KRR1,KRR1 small subunit processome component homolog,-1.505694223,3.402796446,-17.89700797,1.27E-05,0.000968674,4.175410788
153241,ENSG00000168944,CEP120,centrosomal protein 120,-0.838969551,4.964705446,-17.48866106,1.28E-05,0.000973226,3.958375505
55201,ENSG00000130479,MAP1S,microtubule associated protein 1S,1.254879957,6.212792887,17.83393674,1.29E-05,0.000973226,3.897613521
22839,ENSG00000080845,DLGAP4,DLG associated protein 4,0.747348958,6.87258303,17.54628167,1.29E-05,0.000973226,3.84504252
7582,ENSG00000196693,ZNF33B,zinc finger protein 33B,-1.427812109,4.827850874,-17.82094811,1.29E-05,0.000973226,3.99421889
55206,ENSG00000139697,SBNO1,strawberry notch homolog 1,-1.254168906,6.075706747,-17.81533465,1.29E-05,0.000973226,3.898915058
81606,ENSG00000213626,LBH,LBH regulator of WNT signaling pathway,3.939375269,0.822163822,17.81345736,1.29E-05,0.000973226,4.103398285
9605,ENSG00000075399,VPS9D1,VPS9 domain containing 1,0.855133918,4.130982692,17.13503142,1.30E-05,0.000973226,4.002807573
23760,ENSG00000180957,PITPNB,phosphatidylinositol transfer protein beta,-0.878811503,5.362249273,-17.69634393,1.30E-05,0.000973226,3.927591977
55500,ENSG00000139163,ETNK1,ethanolamine kinase 1,-1.665341765,5.437030152,-17.77186382,1.31E-05,0.000975236,3.93225606
388561,ENSG00000160336,ZNF761,zinc finger protein 761,-1.420247698,5.15795625,-17.76244179,1.31E-05,0.000975236,3.94688102
7574,ENSG00000198393,ZNF26,zinc finger protein 26,-1.430101541,3.200207406,-17.75962514,1.31E-05,0.000975236,4.155686961
9902,ENSG00000011028,MRC2,mannose receptor C type 2,3.691526893,3.416028572,17.74641671,1.32E-05,0.000975236,4.206072205
2551,ENSG00000154727,GABPA,GA binding protein transcription factor subunit alpha,-1.477107672,4.858312195,-17.73927372,1.32E-05,0.000975236,3.967387709
30846,ENSG00000024422,EHD2,EH domain containing 2,1.232527658,6.468222997,17.73440332,1.32E-05,0.000975236,3.85500049
9632,ENSG00000176986,SEC24C,"SEC24 homolog C, COPII coat complex component",0.568674936,7.903867362,16.70424633,1.33E-05,0.000978215,3.730063566
22891,ENSG00000138311,ZNF365,zinc finger protein 365,-1.96089135,1.714096534,-17.61893661,1.35E-05,0.000988463,4.224307792
23508,ENSG00000133985,TTC9,tetratricopeptide repeat domain 9,1.47924372,5.504089594,17.64081183,1.36E-05,0.000989898,3.882702366
54751,ENSG00000162458,FBLIM1,filamin binding LIM protein 1,0.764039277,6.730092273,17.43696495,1.36E-05,0.000989898,3.796015627
10801,ENSG00000184640,SEPTIN9,septin 9,0.683308571,8.742533925,17.22987592,1.36E-05,0.000989898,3.743547227
54972,ENSG00000006118,TMEM132A,transmembrane protein 132A,1.76663764,8.657533067,17.61672301,1.37E-05,0.000989898,3.771951504
79709,ENSG00000130309,COLGALT1,collagen beta(1-O)galactosyltransferase 1,0.758040755,7.701895643,17.47789947,1.37E-05,0.000989898,3.769402773
1727,ENSG00000100243,CYB5R3,cytochrome b5 reductase 3,1.086474165,5.913656512,17.5802877,1.38E-05,0.000996233,3.832322967
5756,ENSG00000151239,TWF1,twinfilin actin binding protein 1,-1.311794734,6.75364114,-17.54768579,1.39E-05,0.00099975,3.786120565
79598,ENSG00000182504,CEP97,centrosomal protein 97,-1.633095828,4.807468935,-17.52853829,1.40E-05,0.00099975,3.910747908
25852,ENSG00000114098,ARMC8,armadillo repeat containing 8,-0.9801135,4.728586039,-17.51864331,1.40E-05,0.00099975,3.900869663
83732,ENSG00000124784,RIOK1,RIO kinase 1,-0.520823823,4.428515904,-16.26061466,1.40E-05,0.00099975,3.831785944
200316,ENSG00000128394,APOBEC3F,apolipoprotein B mRNA editing enzyme catalytic subunit 3F,0.581824901,5.554143462,16.28617946,1.40E-05,0.00099975,3.734751642
26470,ENSG00000174938,SEZ6L2,seizure related 6 homolog like 2,1.442184969,7.034910528,17.51144842,1.41E-05,0.00099975,3.766180967
54503,ENSG00000177054,ZDHHC13,zinc finger DHHC-type palmitoyltransferase 13,-0.563608643,5.882746789,-16.23201085,1.42E-05,0.00099975,3.697511773
24142,ENSG00000243477,NAA80,"N-alpha-acetyltransferase 80, NatH catalytic subunit",0.88117793,3.423132086,16.5417377,1.42E-05,0.00099975,3.967593432
149175,ENSG00000185090,MANEAL,mannosidase endo-alpha like,0.969157998,4.061201459,17.19027503,1.43E-05,0.00099975,3.934116327
10733,ENSG00000142731,PLK4,polo like kinase 4,-1.378905976,2.925895137,-17.44083168,1.43E-05,0.00099975,4.092996917
101928687,ENSG00000231131,LNCAROD,lncRNA activating regulator of DKK1,-2.549419715,2.489935883,-17.44618152,1.43E-05,0.00099975,4.153587535
144245,ENSG00000175548,ALG10B,"ALG10 alpha-1,2-glucosyltransferase B",-1.623517854,3.997750892,-17.43462685,1.43E-05,0.00099975,3.969560905
6576,ENSG00000100075,SLC25A1,solute carrier family 25 member 1,3.069153543,7.51396929,17.4343465,1.44E-05,0.00099975,3.745653038
4751,ENSG00000117650,NEK2,NIMA related kinase 2,-1.245001142,4.41213719,-17.43110653,1.44E-05,0.00099975,3.910973503
4016,ENSG00000129038,LOXL1,lysyl oxidase like 1,-1.352412967,5.386784754,-17.43070445,1.44E-05,0.00099975,3.823752807
84188,ENSG00000197601,FAR1,fatty acyl-CoA reductase 1,-1.022035599,5.589642244,-17.41466519,1.44E-05,0.001001718,3.799750137
10904,ENSG00000166619,BLCAP,BLCAP apoptosis inducing factor,0.8237925,6.83370604,17.40079743,1.45E-05,0.001003099,3.732418751
1647,ENSG00000116717,GADD45A,growth arrest and DNA damage inducible alpha,2.714837581,5.81184472,17.34499009,1.47E-05,0.001009824,3.794540817
50,ENSG00000100412,ACO2,aconitase 2,0.638990479,5.694837093,16.47634601,1.48E-05,0.001009824,3.697095002
94103,ENSG00000172057,ORMDL3,ORMDL sphingolipid biosynthesis regulator 3,0.71216033,5.779690014,16.81888378,1.48E-05,0.001009824,3.71920422
6018,ENSG00000117000,RLF,RLF zinc finger,-1.217856121,4.606560003,-17.32764661,1.48E-05,0.001009824,3.857569089
23074,ENSG00000111647,BLTP3B,bridge-like lipid transfer protein family member 3B,-1.278466774,3.830709517,-17.31855555,1.48E-05,0.001009824,3.943316879
143279,ENSG00000165338,HECTD2,HECT domain E3 ubiquitin protein ligase 2,-1.785653268,2.114216936,-17.31349428,1.48E-05,0.001009824,4.12264325
166968,ENSG00000155545,MIER3,MIER family member 3,-1.461126953,4.426377918,-17.30843425,1.49E-05,0.001009824,3.876507062
441389,ENSG00000234840,LINC01239,long intergenic non-protein coding RNA 1239,-2.080339074,1.614329827,-17.30180225,1.49E-05,0.001009824,4.125183866
11245,ENSG00000166073,GPR176,G protein-coupled receptor 176,3.336842229,3.378604662,17.29805129,1.49E-05,0.001009824,4.064466295
57555,ENSG00000169992,NLGN2,neuroligin 2,0.694943993,6.745764155,16.87846696,1.50E-05,0.001012271,3.665060196
80764,ENSG00000184436,THAP7,THAP domain containing 7,1.601061073,4.812081525,17.27111602,1.50E-05,0.001012563,3.827659027
121227,ENSG00000139263,LRIG3,leucine rich repeats and immunoglobulin like domains 3,-1.034734882,2.997799957,-16.53387953,1.52E-05,0.001022448,3.967934913
60626,ENSG00000177963,RIC8A,RIC8 guanine nucleotide exchange factor A,0.77226367,7.056284864,17.15429062,1.52E-05,0.001022448,3.661973848
8884,ENSG00000138074,SLC5A6,solute carrier family 5 member 6,0.877707841,6.268272055,17.19895107,1.53E-05,0.001023784,3.690801518
9554,ENSG00000265808,SEC22B,"SEC22 homolog B, vesicle trafficking protein",0.496736881,7.107189922,15.9764619,1.53E-05,0.001023784,3.558180017
9064,ENSG00000142733,MAP3K6,mitogen-activated protein kinase kinase kinase 6,0.775621901,3.895068314,16.24692677,1.54E-05,0.001024981,3.815962572
51176,ENSG00000138795,LEF1,lymphoid enhancer binding factor 1,-0.941028163,1.167927685,-15.9127217,1.56E-05,0.001039284,4.040405171
54960,ENSG00000046647,GEMIN8,gem nuclear organelle associated protein 8,-0.926098735,3.802385455,-16.64118105,1.57E-05,0.001039284,3.839807663
221662,ENSG00000112183,RBM24,RNA binding motif protein 24,2.44876663,1.346470374,17.1012446,1.57E-05,0.001039284,4.056549159
11328,ENSG00000122642,FKBP9,FKBP prolyl isomerase 9,0.692181247,6.115095859,16.62551919,1.57E-05,0.001039284,3.628246027
79966,ENSG00000145284,SCD5,stearoyl-CoA desaturase 5,1.326797085,4.977165652,17.09360058,1.58E-05,0.001039284,3.749048005
114897,ENSG00000173918,C1QTNF1,C1q and TNF related 1,0.712439353,5.245772025,16.48019961,1.59E-05,0.001042912,3.66592367
4240,ENSG00000140545,MFGE8,milk fat globule EGF and factor V/VIII domain containing,1.61581016,6.245290612,17.03692138,1.60E-05,0.001046144,3.646568807
5125,ENSG00000099139,PCSK5,proprotein convertase subtilisin/kexin type 5,-5.472223096,-0.074916237,-17.03107377,1.61E-05,0.001046144,3.737364904
55660,ENSG00000196504,PRPF40A,pre-mRNA processing factor 40 homolog A,-1.033068231,7.159397544,-17.03094669,1.61E-05,0.001046144,3.604600219
666,ENSG00000176720,BOK,BCL2 family apoptosis regulator BOK,1.116118186,5.612277561,17.0291196,1.61E-05,0.001046144,3.675186217
150468,ENSG00000169607,CKAP2L,cytoskeleton associated protein 2 like,-0.904462016,4.028080466,-16.61354736,1.62E-05,0.001048833,3.784627262
388610,ENSG00000253368,TRNP1,TMF1 regulated nuclear protein 1,1.60262905,2.25308327,16.97301336,1.62E-05,0.001048833,4.021485513
5427,ENSG00000100479,POLE2,"DNA polymerase epsilon 2, accessory subunit",-1.279065814,2.480676183,-16.55395357,1.63E-05,0.001048988,3.97252368
359845,ENSG00000183688,RFLNB,refilin B,2.547081978,1.453093975,16.98069551,1.63E-05,0.001048988,4.028371687
9868,ENSG00000154174,TOMM70,translocase of outer mitochondrial membrane 70,-0.900889337,7.528453503,-16.97902497,1.63E-05,0.001048988,3.578684081
7049,ENSG00000069702,TGFBR3,transforming growth factor beta receptor 3,-1.793618583,1.906147934,-16.95406896,1.64E-05,0.001051736,4.028898884
7458,ENSG00000106682,EIF4H,eukaryotic translation initiation factor 4H,0.800751672,8.620436356,16.94892263,1.64E-05,0.001051736,3.555405297
440044,ENSG00000197847,SLC22A20P,"solute carrier family 22 member 20, pseudogene",-1.267673842,1.880436578,-16.02167884,1.65E-05,0.001051736,3.978436355
374899,ENSG00000185869,ZNF829,zinc finger protein 829,-1.367777844,1.100380367,-15.73157866,1.66E-05,0.001051736,3.98201825
7476,ENSG00000154764,WNT7A,Wnt family member 7A,2.604284377,4.344705669,16.89875213,1.67E-05,0.001051736,3.796248692
160418,ENSG00000139324,TMTC3,transmembrane O-mannosyltransferase targeting cadherins 3,-1.565464969,5.150310775,-16.88620717,1.67E-05,0.001051736,3.672190181
290,ENSG00000166825,ANPEP,"alanyl aminopeptidase, membrane",1.305624802,2.485687448,16.53177405,1.67E-05,0.001051736,3.945101437
5985,ENSG00000111445,RFC5,replication factor C subunit 5,-0.835767825,3.972246724,-16.26811645,1.68E-05,0.001051736,3.733048688
100287616,ENSG00000261801,LOXL1-AS1,LOXL1 antisense RNA 1,-0.580517104,3.704104978,-15.68987419,1.68E-05,0.001051736,3.718807558
4967,ENSG00000105953,OGDH,oxoglutarate dehydrogenase,0.647735105,7.504070585,16.41574973,1.68E-05,0.001051736,3.503432938
729652,ENSG00000259895,TEDC2-AS1,TEDC2 antisense RNA 1,-2.473606972,-3.981234923,-15.67725909,1.68E-05,0.001051736,3.077287046
27099,ENSG00000279078,SND1-IT1,SND1 intronic transcript 1,-2.473606972,-3.981234923,-15.67725909,1.68E-05,0.001051736,3.077287046
29015,ENSG00000134802,SLC43A3,solute carrier family 43 member 3,-1.000627456,6.450342486,-16.85964683,1.69E-05,0.001051736,3.572993964
10318,ENSG00000145901,TNIP1,TNFAIP3 interacting protein 1,1.282539221,8.988500271,16.84832992,1.69E-05,0.001051736,3.519948022
4294,ENSG00000130758,MAP3K10,mitogen-activated protein kinase kinase kinase 10,1.173541488,5.393162869,16.83283667,1.70E-05,0.001051736,3.627580376
64319,ENSG00000156860,FBRS,fibrosin,1.107795279,6.757013964,16.82738414,1.70E-05,0.001051736,3.550766309
5709,ENSG00000108344,PSMD3,"proteasome 26S subunit, non-ATPase 3",0.932077498,6.36986258,16.82643961,1.70E-05,0.001051736,3.5648391
4753,ENSG00000184613,NELL2,neural EGFL like 2,-2.634545659,-3.900330451,-15.63598152,1.71E-05,0.001051736,3.085821488
102723872,NA,LOC102723872,uncharacterized LOC102723872,-2.634545659,-3.900330451,-15.63598152,1.71E-05,0.001051736,3.085821488
64976,ENSG00000185608,MRPL40,mitochondrial ribosomal protein L40,1.608606765,5.130240849,16.80705686,1.71E-05,0.001051736,3.648422374
7112,ENSG00000120802,TMPO,thymopoietin,-1.138528869,6.263710537,-16.79988391,1.71E-05,0.001051736,3.562864368
55361,ENSG00000155252,PI4K2A,phosphatidylinositol 4-kinase type 2 alpha,0.814475129,6.399758444,16.79820307,1.71E-05,0.001051736,3.553332765
5128,ENSG00000059758,CDK17,cyclin dependent kinase 17,-1.291252006,4.502281159,-16.76473428,1.73E-05,0.001056558,3.689549793
48,ENSG00000122729,ACO1,aconitase 1,0.900697889,6.275459058,16.76288132,1.73E-05,0.001056558,3.547943334
23569,ENSG00000159339,PADI4,peptidyl arginine deiminase 4,-3.403029072,2.460776409,-16.75955666,1.73E-05,0.001056558,3.970075422
2678,ENSG00000100031,GGT1,gamma-glutamyltransferase 1,2.098769743,4.751637646,16.74024185,1.74E-05,0.001060135,3.678082995
54863,ENSG00000198113,TOR4A,torsin family 4 member A,1.145717012,6.667751756,16.72752501,1.75E-05,0.001061727,3.521355403
5108,ENSG00000078674,PCM1,pericentriolar material 1,-1.233668299,6.465214302,-16.71225271,1.76E-05,0.001064109,3.525598468
84250,ENSG00000133302,SLF1,SMC5-SMC6 complex localization factor 1,-1.539991462,2.940708233,-16.68913561,1.77E-05,0.001065785,3.86231836
4904,ENSG00000065978,YBX1,Y-box binding protein 1,0.880479158,9.467011249,16.68064684,1.77E-05,0.001065785,3.460958835
79890,ENSG00000100599,RIN3,Ras and Rab interactor 3,0.856975151,5.056916534,16.60718522,1.77E-05,0.001065785,3.593697932
79830,ENSG00000197056,ZMYM1,zinc finger MYM-type containing 1,-1.312032863,4.533870026,-16.6771636,1.78E-05,0.001065785,3.657977139
889,ENSG00000001631,KRIT1,KRIT1 ankyrin repeat containing,-1.081026755,5.071719233,-16.66869138,1.78E-05,0.001066128,3.598264584
9748,ENSG00000065613,SLK,STE20 like kinase,-1.085499659,6.716314781,-16.66117474,1.78E-05,0.001066184,3.497071573
219790,ENSG00000182010,RTKN2,rhotekin 2,-1.584996251,3.536652166,-16.63594765,1.80E-05,0.001071694,3.772946654
84196,ENSG00000090686,USP48,ubiquitin specific peptidase 48,-0.666001057,5.463583576,-15.99053692,1.81E-05,0.00107613,3.494427581
5328,ENSG00000122861,PLAU,"plasminogen activator, urokinase",1.627561358,7.618729146,16.59138838,1.82E-05,0.001078749,3.451814673
9585,ENSG00000138182,KIF20B,kinesin family member 20B,-1.9335657,4.19684347,-16.58890837,1.82E-05,0.001078749,3.687003785
83445,ENSG00000111305,GSG1,germ cell associated 1,-3.134370911,-3.650318184,-15.42659407,1.83E-05,0.001078749,3.094586594
4688,ENSG00000116701,NCF2,neutrophil cytosolic factor 2,1.592751688,6.203187504,16.57259758,1.83E-05,0.001078749,3.494938342
643836,ENSG00000196670,ZFP62,ZFP62 zinc finger protein,-0.857561773,5.407129096,-16.56976678,1.83E-05,0.001078749,3.535778351
64834,ENSG00000066322,ELOVL1,ELOVL fatty acid elongase 1,0.946427576,7.041962488,16.55582989,1.84E-05,0.001079848,3.449498469
55591,ENSG00000028203,VEZT,"vezatin, adherens junctions transmembrane protein",-1.149660868,6.129789669,-16.55192587,1.84E-05,0.001079848,3.487036766
2534,ENSG00000010810,FYN,"FYN proto-oncogene, Src family tyrosine kinase",0.926036373,5.161167336,16.52678008,1.85E-05,0.001083723,3.540945122
79071,ENSG00000170522,ELOVL6,ELOVL fatty acid elongase 6,-1.011291139,4.868376147,-16.52460019,1.86E-05,0.001083723,3.567414738
29927,ENSG00000058262,SEC61A1,SEC61 translocon subunit alpha 1,0.548446266,8.565443724,15.7232146,1.86E-05,0.001083723,3.34427613
966,ENSG00000085063,CD59,CD59 molecule (CD59 blood group),0.763419982,7.713518816,16.5104985,1.86E-05,0.001083925,3.41892945
127733,ENSG00000162543,UBXN10,UBX domain protein 10,-1.153235426,4.028068157,-16.5020869,1.87E-05,0.001084351,3.654863118
7867,ENSG00000114738,MAPKAPK3,MAPK activated protein kinase 3,0.619474109,6.357811963,15.87342269,1.88E-05,0.00108677,3.399043589
23390,ENSG00000186908,ZDHHC17,zinc finger DHHC-type palmitoyltransferase 17,-2.176724391,3.020708707,-16.47872427,1.88E-05,0.001087284,3.807250075
57217,ENSG00000068724,TTC7A,tetratricopeptide repeat domain 7A,1.021073516,5.864931203,16.4480567,1.90E-05,0.001094324,3.4655521
6666,ENSG00000177732,SOX12,SRY-box transcription factor 12,0.706771232,6.907827163,16.26172575,1.90E-05,0.001094324,3.398989102
10551,ENSG00000106541,AGR2,"anterior gradient 2, protein disulphide isomerase family member",-1.247176785,4.778979274,-16.41175444,1.92E-05,0.001101957,3.542827682
1763,ENSG00000138346,DNA2,DNA replication helicase/nuclease 2,-1.240537328,3.854751055,-16.37665502,1.94E-05,0.001111059,3.63741729
5144,ENSG00000113448,PDE4D,phosphodiesterase 4D,-2.385118977,2.442253393,-16.36544163,1.94E-05,0.001112461,3.833153856
25800,ENSG00000141424,SLC39A6,solute carrier family 39 member 6,-0.554346112,5.2087397,-15.22628775,1.95E-05,0.001113182,3.380906192
9975,ENSG00000174738,NR1D2,nuclear receptor subfamily 1 group D member 2,-0.847034627,5.907953688,-16.34903898,1.95E-05,0.001113324,3.4282762
2314,ENSG00000177731,FLII,FLII actin remodeling protein,0.640564572,8.420953365,15.99520635,1.96E-05,0.001117377,3.320840348
2788,ENSG00000176533,GNG7,G protein subunit gamma 7,1.165888206,3.796722701,16.30787886,1.98E-05,0.001118908,3.619309307
729080,NA,LOC729080,glycine cleavage system protein H (aminomethyl carrier) pseudogene,-2.912722897,-3.758997634,-15.17746753,1.98E-05,0.001118908,3.028546764
101928649,ENSG00000233937,CTC-338M12.4,uncharacterized LOC101928649,0.823587396,3.916737122,15.74919247,1.98E-05,0.001118908,3.551805836
80256,ENSG00000005238,ATOSB,atos homolog B,1.451046639,4.628361742,16.29790707,1.98E-05,0.001118908,3.524581269
55670,ENSG00000215193,PEX26,peroxisomal biogenesis factor 26,1.312156385,6.300907111,16.27818292,1.99E-05,0.00112039,3.387155567
100289137,ENSG00000180071,FAM95C,family with sequence similarity 95 member C,-2.346249913,-0.895843067,-15.35452972,2.00E-05,0.00112039,3.564602758
7750,ENSG00000121741,ZMYM2,zinc finger MYM-type containing 2,-0.987996921,6.288179333,-16.26661144,2.00E-05,0.00112039,3.381068022
1289,ENSG00000130635,COL5A1,collagen type V alpha 1 chain,2.665572176,5.759079881,16.26064138,2.00E-05,0.00112039,3.440418769
79693,ENSG00000196449,YRDC,yrdC N6-threonylcarbamoyltransferase domain containing,0.812367363,4.405493604,15.90192008,2.00E-05,0.00112039,3.494133308
53635,ENSG00000104960,PTOV1,PTOV1 extended AT-hook containing adaptor protein,0.994105823,6.483897727,16.22754879,2.02E-05,0.001128851,3.358639932
83787,ENSG00000170632,ARMC10,armadillo repeat containing 10,0.666808287,3.957717971,15.11991543,2.04E-05,0.001136004,3.466440307
79573,ENSG00000143643,TTC13,tetratricopeptide repeat domain 13,-0.91043293,4.3022422,-16.06008474,2.07E-05,0.001147757,3.494249869
101669762,ENSG00000281406,BLACAT1,BLACAT1 overlapping LEMD1 locus,-0.534358129,3.906265909,-15.0367086,2.07E-05,0.001150274,3.450218228
5562,ENSG00000132356,PRKAA1,protein kinase AMP-activated catalytic subunit alpha 1,-1.236530316,7.03855806,-16.13446734,2.08E-05,0.001151307,3.308249003
8573,ENSG00000147044,CASK,calcium/calmodulin dependent serine protein kinase,-1.170940275,5.655471542,-16.11418233,2.09E-05,0.001154128,3.367145721
93145,ENSG00000105088,OLFM2,olfactomedin 2,2.76734774,3.500482785,16.10159218,2.10E-05,0.001154128,3.651798672
57562,ENSG00000110318,CEP126,centrosomal protein 126,-2.072423327,3.757066578,-16.08101172,2.11E-05,0.001154128,3.580740261
9647,ENSG00000100034,PPM1F,"protein phosphatase, Mg2+/Mn2+ dependent 1F",1.9013109,6.352122013,16.08022793,2.11E-05,0.001154128,3.324223762
53832,ENSG00000016402,IL20RA,interleukin 20 receptor subunit alpha,-2.483496048,1.923272634,-16.07805615,2.12E-05,0.001154128,3.774019425
9537,ENSG00000175274,TP53I11,tumor protein p53 inducible protein 11,1.383479156,6.712453055,16.07472464,2.12E-05,0.001154128,3.300231556
79754,ENSG00000196372,ASB13,ankyrin repeat and SOCS box containing 13,0.65237515,4.918654246,15.36186979,2.12E-05,0.001154128,3.345352998
23512,ENSG00000178691,SUZ12,SUZ12 polycomb repressive complex 2 subunit,-1.131176932,5.146303239,-16.06816855,2.12E-05,0.001154128,3.390082464
79048,ENSG00000187742,SECISBP2,SECIS binding protein 2,-0.544814006,5.452941932,-15.01142422,2.13E-05,0.001154128,3.265386312
3566,ENSG00000077238,IL4R,interleukin 4 receptor,1.044178024,6.544679192,16.05693915,2.13E-05,0.001154128,3.297605767
2720,ENSG00000170266,GLB1,galactosidase beta 1,0.809158791,6.703894778,16.0548621,2.13E-05,0.001154128,3.28869466
9532,ENSG00000112208,BAG2,BAG cochaperone 2,-0.907556826,3.543701459,-15.58809023,2.15E-05,0.001160647,3.520079172
5378,ENSG00000064933,PMS1,"PMS1 homolog 1, mismatch repair system component",-1.231197106,3.146620146,-16.02320452,2.15E-05,0.001160647,3.613226302
1665,ENSG00000109606,DHX15,DEAH-box helicase 15,-0.45493683,6.989993911,-14.90821795,2.16E-05,0.00116325,3.160193546
112939,ENSG00000160877,NACC1,nucleus accumbens associated 1,0.940421309,7.68035767,15.9982296,2.17E-05,0.00116325,3.244050343
10867,ENSG00000011105,TSPAN9,tetraspanin 9,1.205978446,4.866278203,15.99667235,2.17E-05,0.00116325,3.391870671
283038,ENSG00000228021,LOC283038,uncharacterized LOC283038,-3.016388438,-3.710746531,-14.89509061,2.17E-05,0.001164908,2.982557615
55707,ENSG00000157191,NECAP2,NECAP endocytosis associated 2,1.069741304,5.740602773,15.96874567,2.19E-05,0.001166926,3.309695898
5577,ENSG00000005249,PRKAR2B,protein kinase cAMP-dependent type II regulatory subunit beta,-1.612701367,3.694683809,-15.96723573,2.19E-05,0.001166926,3.532709827
157313,ENSG00000184661,CDCA2,cell division cycle associated 2,-1.728065187,3.79242661,-15.94280231,2.20E-05,0.001173299,3.515961095
9513,ENSG00000129245,FXR2,FMR1 autosomal homolog 2,0.78748087,6.265979563,15.90433529,2.23E-05,0.001183047,3.255159379
8997,ENSG00000160145,KALRN,kalirin RhoGEF kinase,1.396238239,1.552921229,15.23625135,2.24E-05,0.001183047,3.690848874
162967,ENSG00000182986,ZNF320,zinc finger protein 320,-1.293424752,3.202590827,-15.87780578,2.25E-05,0.001183047,3.558918067
23047,ENSG00000083642,PDS5B,PDS5 cohesin associated factor B,-1.236521574,5.336089389,-15.8736363,2.25E-05,0.001183047,3.308745043
83448,ENSG00000129317,PUS7L,pseudouridine synthase 7 like,-2.313415587,3.04852358,-15.87337234,2.25E-05,0.001183047,3.613478445
79912,ENSG00000121350,PYROXD1,pyridine nucleotide-disulphide oxidoreductase domain 1,-1.558709286,4.255064526,-15.87209176,2.25E-05,0.001183047,3.426534415
92285,ENSG00000245680,ZNF585B,zinc finger protein 585B,-1.423527497,3.633654449,-15.8718821,2.25E-05,0.001183047,3.502436899
22847,ENSG00000168813,ZNF507,zinc finger protein 507,-1.282767142,4.989911752,-15.86404731,2.26E-05,0.001183652,3.336257173
84060,ENSG00000127993,RBM48,RNA binding motif protein 48,-1.019156762,3.354672833,-15.61770346,2.27E-05,0.001189712,3.50199555
333,ENSG00000105290,APLP1,amyloid beta precursor like protein 1,3.274552541,2.051776618,15.82899524,2.28E-05,0.001191832,3.70189967
114882,ENSG00000091039,OSBPL8,oxysterol binding protein like 8,-2.126277828,4.536978439,-15.82187908,2.28E-05,0.001192202,3.395649125
7841,ENSG00000115275,MOGS,mannosyl-oligosaccharide glucosidase,0.785984522,6.320676518,15.8096322,2.29E-05,0.001194429,3.219275439
221302,ENSG00000153975,ZUP1,zinc finger containing ubiquitin peptidase 1,-1.037754445,3.93538975,-15.79170141,2.31E-05,0.001196594,3.424363432
26009,ENSG00000036549,ZZZ3,zinc finger ZZ-type containing 3,-1.022552067,5.944604543,-15.79154158,2.31E-05,0.001196594,3.234724236
57187,ENSG00000125676,THOC2,THO complex subunit 2,-1.072811204,7.417623479,-15.78228238,2.31E-05,0.001197765,3.173901497
5218,ENSG00000058091,CDK14,cyclin dependent kinase 14,1.696616499,3.756121425,15.7645082,2.32E-05,0.001202042,3.457520196
2633,ENSG00000117228,GBP1,guanylate binding protein 1,2.59318285,0.542640231,15.74876744,2.34E-05,0.001205601,3.61934979
8220,ENSG00000100056,ESS2,ess-2 splicing factor homolog,2.153485847,4.744254351,15.74051433,2.34E-05,0.001206432,3.343136837
6634,ENSG00000100028,SNRPD3,small nuclear ribonucleoprotein D3 polypeptide,1.462238709,7.677010376,15.71594731,2.36E-05,0.001213273,3.147025949
51302,ENSG00000146233,CYP39A1,cytochrome P450 family 39 subfamily A member 1,-1.440692193,1.377006423,-15.0370965,2.37E-05,0.001218878,3.637685737
84140,ENSG00000170264,FAM161A,FAM161 centrosomal protein A,-0.868911992,2.103605309,-14.62720355,2.38E-05,0.001219052,3.552440619
6885,ENSG00000135341,MAP3K7,mitogen-activated protein kinase kinase kinase 7,-0.736229299,6.109090213,-15.61421204,2.39E-05,0.001219052,3.176399476
10915,ENSG00000113649,TCERG1,transcription elongation regulator 1,-0.858717198,6.505092092,-15.66540553,2.40E-05,0.001219052,3.160470398
4659,ENSG00000058272,PPP1R12A,protein phosphatase 1 regulatory subunit 12A,-1.491235336,5.779275842,-15.66071945,2.40E-05,0.001219052,3.204688975
754,ENSG00000183255,PTTG1IP,PTTG1 interacting protein,0.52599884,8.279022214,14.94551577,2.40E-05,0.001219052,3.05037264
114783,ENSG00000142235,LMTK3,lemur tyrosine kinase 3,1.085632811,4.906914153,15.65766018,2.40E-05,0.001219052,3.26743796
79780,ENSG00000149231,CCDC82,coiled-coil domain containing 82,-1.628342648,3.101938865,-15.65314375,2.40E-05,0.001219052,3.50727344
4125,ENSG00000104774,MAN2B1,mannosidase alpha class 2B member 1,1.144648799,7.118409909,15.64698158,2.41E-05,0.001219172,3.133733909
22823,ENSG00000143033,MTF2,metal response element binding transcription factor 2,-0.663119521,4.756496364,-15.01653056,2.41E-05,0.001219698,3.215782344
10435,ENSG00000149798,CDC42EP2,CDC42 effector protein 2,1.727807549,4.889117751,15.62325259,2.43E-05,0.001223685,3.27225539
56650,ENSG00000080822,CLDND1,claudin domain containing 1,-1.225574383,6.91733205,-15.61505526,2.43E-05,0.001224584,3.129614604
214,ENSG00000170017,ALCAM,activated leukocyte cell adhesion molecule,-0.926838178,8.942902869,-15.60397252,2.44E-05,0.001226571,3.09118185
1635,ENSG00000129187,DCTD,dCMP deaminase,0.519109853,6.837938695,14.77148168,2.46E-05,0.001231395,3.041688435
1435,ENSG00000184371,CSF1,colony stimulating factor 1,1.025184942,5.10881386,15.57424269,2.46E-05,0.001231395,3.218572178
1910,ENSG00000136160,EDNRB,endothelin receptor type B,3.453143223,-3.501470718,14.95280546,2.47E-05,0.001231395,2.905943159
837,ENSG00000196954,CASP4,caspase 4,1.051358365,5.804783742,15.56816477,2.47E-05,0.001231395,3.16419441
400950,ENSG00000205086,LINC02898,long intergenic non-protein coding RNA 2898,-4.141297167,-3.15114365,-15.46267609,2.48E-05,0.001232063,2.917675286
64837,ENSG00000174996,KLC2,kinesin light chain 2,1.264326117,6.457057631,15.54219582,2.49E-05,0.001232063,3.12188911
100287171,ENSG00000181404,WASHC1,WASH complex subunit 1,-0.635537682,3.269781,-14.49644051,2.49E-05,0.001232063,3.336331917
3105,ENSG00000206503,HLA-A,"major histocompatibility complex, class I, A",3.48717788,4.134985874,15.53821788,2.49E-05,0.001232063,3.415622945
54556,ENSG00000071243,ING3,inhibitor of growth family member 3,-0.99857457,3.192153461,-15.2297659,2.49E-05,0.001232063,3.413913416
142684,ENSG00000172476,RAB40A,"RAB40A, member RAS oncogene family",-1.54770079,0.76237632,-14.66591016,2.50E-05,0.001232243,3.578465116
440119,ENSG00000250208,FZD10-AS1,FZD10 antisense divergent transcript,-1.672885478,2.422940433,-15.52353741,2.50E-05,0.001232252,3.547366271
51386,ENSG00000100129,EIF3L,eukaryotic translation initiation factor 3 subunit L,-0.641065455,8.559234299,-15.3301058,2.51E-05,0.001232252,3.044176725
80019,ENSG00000165886,UBTD1,ubiquitin domain containing 1,1.395269219,4.96289289,15.50096443,2.52E-05,0.001232252,3.212907062
2059,ENSG00000151491,EPS8,epidermal growth factor receptor pathway substrate 8,-1.422832709,7.19113319,-15.49879959,2.52E-05,0.001232252,3.081006453
22832,ENSG00000135315,CEP162,centrosomal protein 162,-1.976790714,3.127524964,-15.49528122,2.52E-05,0.001232252,3.462975492
7625,ENSG00000185252,ZNF74,zinc finger protein 74,1.785247126,4.753091762,15.48539267,2.53E-05,0.001232252,3.239671593
22889,ENSG00000132680,KHDC4,"KH domain containing 4, pre-mRNA splicing factor",-1.200679992,5.88523768,-15.48153941,2.53E-05,0.001232252,3.129935423
80164,ENSG00000183248,PRR36,proline rich 36,1.041895305,5.032371617,15.46245712,2.55E-05,0.001232252,3.185760719
196441,ENSG00000133858,ZFC3H1,zinc finger C3H1-type containing,-1.671640698,6.111094443,-15.45792402,2.55E-05,0.001232252,3.114320632
101927051,ENSG00000233360,PDXP-DT,PDXP divergent transcript,-3.13309548,-3.650318184,-14.57803636,2.56E-05,0.001232252,2.881768292
79671,ENSG00000160703,NLRX1,NLR family member X1,0.995288252,4.367992994,15.44997664,2.56E-05,0.001232252,3.249784188
5708,ENSG00000175166,PSMD2,"proteasome 26S subunit ubiquitin receptor, non-ATPase 2",0.926209164,9.247826136,15.44890751,2.56E-05,0.001232252,3.033348831
57587,ENSG00000164323,CFAP97,cilia and flagella associated protein 97,-1.168202394,6.758762865,-15.44869094,2.56E-05,0.001232252,3.075094731
9847,ENSG00000111731,C2CD5,C2 calcium dependent domain containing 5,-1.411284382,4.893150418,-15.44522364,2.56E-05,0.001232252,3.200855912
283464,ENSG00000151233,GXYLT1,glucoside xylosyltransferase 1,-1.586188865,3.472710866,-15.44446845,2.56E-05,0.001232252,3.38307875
9173,ENSG00000115602,IL1RL1,interleukin 1 receptor like 1,-0.770841305,5.222993943,-15.3551647,2.56E-05,0.001232252,3.151424589
976,ENSG00000123146,ADGRE5,adhesion G protein-coupled receptor E5,0.672747171,6.199546071,15.21461865,2.57E-05,0.001234667,3.070172515
2070,ENSG00000112319,EYA4,EYA transcriptional coactivator and phosphatase 4,-2.364280763,3.944854669,-15.41729586,2.59E-05,0.001236542,3.341420482
56950,ENSG00000143499,SMYD2,SET and MYND domain containing 2,0.70113107,5.238035199,15.10733321,2.59E-05,0.001236542,3.117415011
140735,ENSG00000264364,DYNLL2,dynein light chain LC8-type 2,0.975673348,6.434457891,15.39937991,2.60E-05,0.001236542,3.068860759
57410,ENSG00000142186,SCYL1,SCY1 like pseudokinase 1,0.72966327,6.926098935,15.39886388,2.60E-05,0.001236542,3.047624516
4154,ENSG00000152601,MBNL1,muscleblind like splicing regulator 1,-1.566584385,7.449253023,-15.39797977,2.60E-05,0.001236542,3.03879192
2702,ENSG00000265107,GJA5,gap junction protein alpha 5,2.401100869,1.158536382,15.39359452,2.60E-05,0.001236542,3.567431497
79733,ENSG00000129173,E2F8,E2F transcription factor 8,-1.460702813,4.332387663,-15.38666834,2.61E-05,0.001237135,3.24402288
5962,ENSG00000137710,RDX,radixin,-0.915774959,6.66793358,-15.35083065,2.64E-05,0.001247529,3.041007265
901,ENSG00000138764,CCNG2,cyclin G2,-0.914155136,5.001739036,-15.34902798,2.64E-05,0.001247529,3.146210924
2022,ENSG00000106991,ENG,endoglin,0.971837165,5.425253853,15.33102046,2.66E-05,0.001250492,3.104864726
2181,ENSG00000123983,ACSL3,acyl-CoA synthetase long chain family member 3,-0.393834435,8.552717079,-14.30785306,2.66E-05,0.001250492,2.896502601
4924,ENSG00000104805,NUCB1,nucleobindin 1,1.196653858,7.786289009,15.32542405,2.66E-05,0.001250492,3.003186936
5031,ENSG00000171631,P2RY6,pyrimidinergic receptor P2Y6,2.241454305,3.646036072,15.30822115,2.67E-05,0.00125514,3.337334417
1981,ENSG00000114867,EIF4G1,eukaryotic translation initiation factor 4 gamma 1,0.652464455,9.469204785,15.20951151,2.68E-05,0.001257761,2.968415699
51434,ENSG00000196510,ANAPC7,anaphase promoting complex subunit 7,-0.831195904,5.123663108,-15.28789549,2.69E-05,0.001258969,3.112202854
1371,ENSG00000080819,CPOX,coproporphyrinogen oxidase,-0.80391755,5.288864447,-15.2682064,2.71E-05,0.00126254,3.091058199
25936,ENSG00000117697,NSL1,NSL1 component of MIS12 kinetochore complex,-1.224824875,4.166781387,-15.26302088,2.71E-05,0.00126254,3.213664631
2185,ENSG00000120899,PTK2B,protein tyrosine kinase 2 beta,0.956662136,6.338125105,15.25800243,2.72E-05,0.00126254,3.021758466
64748,ENSG00000105520,PLPPR2,phospholipid phosphatase related 2,1.073811595,6.620895435,15.25783283,2.72E-05,0.00126254,3.010129498
5875,ENSG00000100949,RABGGTA,Rab geranylgeranyltransferase subunit alpha,1.131909227,5.41540979,15.22415456,2.75E-05,0.00127218,3.068949494
64770,ENSG00000175455,CCDC14,coiled-coil domain containing 14,-2.013101855,5.566449076,-15.22252015,2.75E-05,0.00127218,3.073441364
10749,ENSG00000129250,KIF1C,kinesin family member 1C,1.042709411,7.932319823,15.21793272,2.75E-05,0.00127218,2.961096824
23639,ENSG00000129295,DNAAF11,dynein axonemal assembly factor 11,-1.939162586,1.981173555,-15.20643199,2.76E-05,0.001274705,3.487558767
3895,ENSG00000126777,KTN1,kinectin 1,-1.550753459,7.018932409,-15.19481488,2.77E-05,0.001276513,2.977199661
80233,ENSG00000185504,FAAP100,FA core complex associated protein 100,0.614387258,5.158016415,14.59464002,2.77E-05,0.001276513,3.016804556
55593,ENSG00000068308,OTUD5,OTU deubiquitinase 5,0.71139827,5.768402563,15.07015551,2.78E-05,0.001276513,3.015272893
342945,ENSG00000182318,ZSCAN22,zinc finger and SCAN domain containing 22,1.098712008,3.034966502,15.06502531,2.79E-05,0.001277735,3.327158185
63920,ENSG00000221886,FAM200C,family with sequence similarity 200 member C,-0.703756866,2.998616264,-14.16803659,2.79E-05,0.001277735,3.250677696
3691,ENSG00000132470,ITGB4,integrin subunit beta 4,0.723536001,7.446758373,15.16518824,2.80E-05,0.001278868,2.948811497
7371,ENSG00000143179,UCK2,uridine-cytidine kinase 2,0.748219221,5.959005581,15.15824589,2.80E-05,0.001279606,3.003986843
55634,ENSG00000147121,KRBOX4,KRAB box domain containing 4,-0.549025342,3.38894779,-14.14089191,2.82E-05,0.001283775,3.177238937
7188,ENSG00000082512,TRAF5,TNF receptor associated factor 5,-2.535598194,1.341644172,-15.10295314,2.85E-05,0.001291467,3.481088518
64115,ENSG00000107738,VSIR,V-set immunoregulatory receptor,0.972467562,5.463947264,15.10126644,2.85E-05,0.001291467,3.018156097
9516,ENSG00000189067,LITAF,lipopolysaccharide induced TNF factor,0.793941781,7.545112212,15.09689691,2.86E-05,0.001291467,2.921925542
284370,ENSG00000197619,ZNF615,zinc finger protein 615,-1.229309769,3.913597705,-15.08943492,2.86E-05,0.001291467,3.184369956
26108,ENSG00000171016,PYGO1,pygopus family PHD finger 1,-0.807313224,1.978817337,-14.08906648,2.87E-05,0.001291467,3.364780473
1026,ENSG00000124762,CDKN1A,cyclin dependent kinase inhibitor 1A,1.554615717,5.90955401,15.08359872,2.87E-05,0.001291467,2.987933531
9429,ENSG00000118777,ABCG2,ATP binding cassette subfamily G member 2 (Junior blood group),-1.335674061,4.02517355,-15.07612766,2.88E-05,0.001291467,3.167884205
55345,ENSG00000138658,ZGRF1,zinc finger GRF-type containing 1,-2.672369399,1.909743998,-15.07548911,2.88E-05,0.001291467,3.461883664
84687,ENSG00000108819,PPP1R9B,protein phosphatase 1 regulatory subunit 9B,0.946445127,6.43231999,15.07135505,2.88E-05,0.001291467,2.948698324
7514,ENSG00000082898,XPO1,exportin 1,-0.865291043,7.86757891,-15.07131509,2.88E-05,0.001291467,2.907475845
57574,ENSG00000144583,MARCHF4,membrane associated ring-CH-type finger 4,3.654968069,3.414904169,15.06679914,2.89E-05,0.001291467,3.356321544
55699,ENSG00000067704,IARS2,"isoleucyl-tRNA synthetase 2, mitochondrial",-0.345643916,7.758697219,-14.06740902,2.89E-05,0.001291467,2.806691906
55064,ENSG00000106686,SPATA6L,spermatogenesis associated 6 like,-1.4191133,2.277399236,-15.05860692,2.89E-05,0.001291467,3.399948619
1119,ENSG00000110721,CHKA,choline kinase alpha,-0.605726406,6.230441016,-14.65683957,2.91E-05,0.001295156,2.9100971
6948,ENSG00000185339,TCN2,transcobalamin 2,1.295306442,4.630201564,15.01703235,2.93E-05,0.001304521,3.07004477
1001,ENSG00000062038,CDH3,cadherin 3,1.102611154,7.604767807,15.00810006,2.94E-05,0.001306183,2.889118122
4001,ENSG00000113368,LMNB1,lamin B1,-0.669713299,5.555699655,-14.72731774,2.96E-05,0.001311862,2.943150193
4059,ENSG00000187244,BCAM,basal cell adhesion molecule (Lutheran blood group),0.666152934,7.642470976,14.94427202,2.97E-05,0.00131278,2.873184628
26262,ENSG00000048140,TSPAN17,tetraspanin 17,1.240271823,6.796306607,14.97756165,2.97E-05,0.00131278,2.901317288
11183,ENSG00000012983,MAP4K5,mitogen-activated protein kinase kinase kinase kinase 5,-0.776102932,5.590376911,-14.97094583,2.97E-05,0.001313505,2.959017565
9475,ENSG00000134318,ROCK2,Rho associated coiled-coil containing protein kinase 2,-1.518967713,6.173455658,-14.95777157,2.99E-05,0.001315345,2.925550836
7353,ENSG00000070010,UFD1,ubiquitin recognition factor in ER associated degradation 1,1.622469041,5.748313328,14.95681985,2.99E-05,0.001315345,2.953032052
54482,ENSG00000122435,TRMT13,tRNA methyltransferase 13 homolog,-2.113228895,3.104513218,-14.95148483,2.99E-05,0.001315547,3.282017321
23190,ENSG00000144224,UBXN4,UBX domain protein 4,-0.880970088,7.249728286,-14.92925508,3.01E-05,0.001322429,2.866397768
54495,ENSG00000166479,TMX3,thioredoxin related transmembrane protein 3,-0.91001927,5.217468409,-14.92547383,3.02E-05,0.001322429,2.972349946
5872,ENSG00000143545,RAB13,"RAB13, member RAS oncogene family",1.350083012,6.330395125,14.9182785,3.02E-05,0.001323434,2.900341182
2877,ENSG00000176153,GPX2,glutathione peroxidase 2,-1.279607649,7.173008597,-14.90442678,3.04E-05,0.001327268,2.861933467
27063,ENSG00000148677,ANKRD1,ankyrin repeat domain 1,2.983554507,1.90046528,14.86812662,3.07E-05,0.001337795,3.398551683
80173,ENSG00000096872,IFT74,intraflagellar transport 74,-0.860915502,3.822148882,-14.65629823,3.07E-05,0.001337795,3.088453905
51330,ENSG00000006327,TNFRSF12A,TNF receptor superfamily member 12A,1.372027835,7.511018005,14.86541849,3.08E-05,0.001337795,2.839135926
23386,ENSG00000015676,NUDCD3,NudC domain containing 3,0.441291431,6.155296576,13.87580895,3.09E-05,0.001340151,2.7801458
162239,ENSG00000184517,ZFP1,ZFP1 zinc finger protein,-0.94168531,3.971666249,-14.84623003,3.10E-05,0.001340151,3.080525152
79094,ENSG00000128965,CHAC1,ChaC glutathione specific gamma-glutamylcyclotransferase 1,1.419594431,5.154254729,14.84566876,3.10E-05,0.001340151,2.956481412
51271,ENSG00000165006,UBAP1,ubiquitin associated protein 1,0.577025422,6.107798104,14.35740743,3.11E-05,0.00134207,2.829068689
27143,ENSG00000107719,PALD1,phosphatase domain containing paladin 1,0.589865622,5.407025987,14.26549589,3.12E-05,0.001345531,2.86113939
396,ENSG00000141522,ARHGDIA,Rho GDP dissociation inhibitor alpha,1.446768991,7.702203988,14.819026,3.12E-05,0.001345531,2.818083932
57060,ENSG00000090097,PCBP4,poly(rC) binding protein 4,1.301738124,5.244379818,14.77137522,3.17E-05,0.001364108,2.918345479
55222,ENSG00000172731,LRRC20,leucine rich repeat containing 20,0.757554225,4.758404985,14.62065145,3.19E-05,0.001364108,2.936567053
51148,ENSG00000167123,CERCAM,cerebral endothelial cell adhesion molecule,1.704654158,6.759144599,14.75495701,3.19E-05,0.001364108,2.82438784
9732,ENSG00000128512,DOCK4,dedicator of cytokinesis 4,2.512877818,2.182757137,14.75338483,3.19E-05,0.001364108,3.332160399
55657,ENSG00000171163,ZNF692,zinc finger protein 692,-0.743429714,4.786761167,-14.58215483,3.19E-05,0.001364108,2.929032482
29888,ENSG00000090372,STRN4,striatin 4,0.887612581,6.809897351,14.74844337,3.19E-05,0.001364108,2.811745153
5357,ENSG00000120756,PLS1,plastin 1,-1.490678162,5.422726984,-14.72493231,3.22E-05,0.001369403,2.889615075
2588,ENSG00000141012,GALNS,galactosamine (N-acetyl)-6-sulfatase,0.689143159,5.869079786,14.62748267,3.22E-05,0.001369403,2.837842119
10525,ENSG00000149428,HYOU1,hypoxia up-regulated 1,0.636242431,6.949293773,14.58549732,3.22E-05,0.001369403,2.782404121
100616403,ENSG00000284435,MIR4691,microRNA 4691,-2.393384319,-0.671940837,-14.28416091,3.24E-05,0.001376063,3.19946162
51535,ENSG00000134283,PPHLN1,periphilin 1,-1.028311749,5.441707711,-14.69791263,3.25E-05,0.001376063,2.870536558
25900,ENSG00000010295,IFFO1,intermediate filament family orphan 1,2.276803274,1.434272581,14.68340292,3.26E-05,0.001376063,3.345628067
6195,ENSG00000117676,RPS6KA1,ribosomal protein S6 kinase A1,0.594762595,5.582726559,14.20296855,3.28E-05,0.001376063,2.799624771
9080,ENSG00000213937,CLDN9,claudin 9,1.252170385,4.733586154,14.66854144,3.28E-05,0.001376063,2.928219919
288,ENSG00000151150,ANK3,ankyrin 3,-1.018307686,5.996248433,-14.6674671,3.28E-05,0.001376063,2.820733989
10054,ENSG00000126261,UBA2,ubiquitin like modifier activating enzyme 2,-0.715556016,6.469553643,-14.66412111,3.28E-05,0.001376063,2.792732972
55015,ENSG00000185246,PRPF39,pre-mRNA processing factor 39,-1.615995624,4.70789817,-14.66235402,3.29E-05,0.001376063,2.939431623
7290,ENSG00000100084,HIRA,histone cell cycle regulator,1.459787132,6.068949333,14.65901075,3.29E-05,0.001376063,2.817909417
387036,ENSG00000290474,GUSBP2,GUSB pseudogene 2,-1.538791624,0.492652324,-13.8234333,3.29E-05,0.001376063,3.30119565
4017,ENSG00000134013,LOXL2,lysyl oxidase like 2,1.099024874,6.527862753,14.65731856,3.29E-05,0.001376063,2.790362504
10208,ENSG00000132952,USPL1,ubiquitin specific peptidase like 1,-1.140935347,4.481710477,-14.63066736,3.32E-05,0.001385701,2.940544465
6448,ENSG00000181523,SGSH,N-sulfoglucosamine sulfohydrolase,0.520188131,5.175479786,13.7640756,3.32E-05,0.001385701,2.77436634
7024,ENSG00000135457,TFCP2,transcription factor CP2,-0.582926554,4.781095677,-13.91544823,3.34E-05,0.001390319,2.823717425
6197,ENSG00000177189,RPS6KA3,ribosomal protein S6 kinase A3,-1.278459513,7.228094432,-14.59021088,3.36E-05,0.00139597,2.741330367
4361,ENSG00000020922,MRE11,"MRE11 homolog, double strand break repair nuclease",-1.004377196,4.090035762,-14.58808301,3.37E-05,0.00139597,2.970148044
25802,ENSG00000163431,LMOD1,leiomodin 1,-0.689753868,1.715068837,-13.64180317,3.37E-05,0.00139597,3.220555005
5214,ENSG00000067057,PFKP,"phosphofructokinase, platelet",0.629437459,7.929789608,14.49293321,3.38E-05,0.001396957,2.712145887
9774,ENSG00000029363,BCLAF1,BCL2 associated transcription factor 1,-1.12885104,6.854234054,-14.57413536,3.38E-05,0.001396957,2.745930321
80781,ENSG00000182871,COL18A1,collagen type XVIII alpha 1 chain,1.370847573,7.543612498,14.57077419,3.38E-05,0.001396957,2.726542648
26095,ENSG00000204179,PTPN20,protein tyrosine phosphatase non-receptor type 20,-0.782707781,4.524225473,-14.45178464,3.40E-05,0.001401708,2.890324904
8412,ENSG00000137936,BCAR3,"BCAR3 adaptor protein, NSP family member",0.30895209,6.769487336,13.6101022,3.41E-05,0.001401965,2.638882828
1263,ENSG00000173846,PLK3,polo like kinase 3,1.139555081,4.973849347,14.52923603,3.43E-05,0.001408011,2.848485668
2907,ENSG00000178719,GRINA,glutamate ionotropic receptor NMDA type subunit associated protein 1,1.037807828,8.03471486,14.52536133,3.44E-05,0.001408011,2.69924713
808,ENSG00000160014,CALM3,calmodulin 3,0.907600634,8.115000431,14.51425773,3.45E-05,0.001408011,2.693709246
439931,ENSG00000230513,THAP7-AS1,THAP7 antisense RNA 1,2.557702398,2.317778667,14.51410303,3.45E-05,0.001408011,3.23832365
79664,ENSG00000128915,ICE2,interactor of little elongation complex ELL subunit 2,-1.043078611,5.318798013,-14.51260041,3.45E-05,0.001408011,2.810149589
57509,ENSG00000129422,MTUS1,microtubule associated scaffold protein 1,-1.655714634,4.595027703,-14.50815103,3.45E-05,0.001408011,2.895589488
10600,ENSG00000156256,USP16,ubiquitin specific peptidase 16,-1.200296189,4.583641008,-14.50426023,3.46E-05,0.001408011,2.882204953
9821,ENSG00000023287,RB1CC1,RB1 inducible coiled-coil 1,-1.077290866,6.288553939,-14.5027396,3.46E-05,0.001408011,2.742469123
26873,ENSG00000178814,OPLAH,"5-oxoprolinase, ATP-hydrolysing",0.749260376,5.686279842,14.48235914,3.48E-05,0.0014143,2.767442608
100506465,ENSG00000249550,LINC01234,long intergenic non-protein coding RNA 1234,-0.474887664,4.906006513,-13.54432262,3.49E-05,0.0014143,2.733515065
85015,ENSG00000123552,USP45,ubiquitin specific peptidase 45,-1.71482948,3.361494457,-14.47615657,3.49E-05,0.0014143,3.055817996
9670,ENSG00000117408,IPO13,importin 13,0.507258644,5.350969437,13.61810297,3.51E-05,0.001418692,2.695934072
23568,ENSG00000102931,ARL2BP,ADP ribosylation factor like GTPase 2 binding protein,0.727332761,5.680700665,14.45557364,3.52E-05,0.001418692,2.757360555
654,ENSG00000153162,BMP6,bone morphogenetic protein 6,1.64471526,2.052597827,14.45378746,3.52E-05,0.001418692,3.217753446
9148,ENSG00000107954,NEURL1,neuralized E3 ubiquitin protein ligase 1,1.229981085,5.531222288,14.4484577,3.52E-05,0.001419172,2.770836738
23241,ENSG00000179364,PACS2,phosphofurin acidic cluster sorting protein 2,0.565364525,5.626759448,13.90373765,3.55E-05,0.001426821,2.697108905
23253,ENSG00000101745,ANKRD12,ankyrin repeat domain 12,-1.362608646,4.215555965,-14.42316135,3.55E-05,0.001426821,2.901192365
9415,ENSG00000134824,FADS2,fatty acid desaturase 2,0.891873488,6.600704476,14.41931744,3.56E-05,0.001426821,2.694113819
90624,ENSG00000186687,LYRM7,LYR motif containing 7,-1.212238044,3.819868103,-14.41404842,3.56E-05,0.001427293,2.947104935
637,ENSG00000015475,BID,BH3 interacting domain death agonist,1.784503771,6.401207425,14.40375512,3.58E-05,0.001430143,2.70684723
117177,ENSG00000127328,RAB3IP,RAB3A interacting protein,-0.90710233,4.953318428,-14.39715854,3.58E-05,0.001431253,2.796358837
84231,ENSG00000131653,TRAF7,TNF receptor associated factor 7,0.611105705,7.854662403,14.26490474,3.60E-05,0.001432377,2.634648944
84317,ENSG00000136710,CCDC115,coiled-coil domain containing 115,1.062639242,4.911260151,14.38474235,3.60E-05,0.001432377,2.797795399
3854,ENSG00000185479,KRT6B,keratin 6B,-2.511030059,2.695054739,-14.3820745,3.60E-05,0.001432377,3.148470176
26098,ENSG00000107938,EDRF1,erythroid differentiation regulatory factor 1,-1.796703651,3.432566769,-14.3453342,3.65E-05,0.001446354,2.999647753
7975,ENSG00000198517,MAFK,MAF bZIP transcription factor K,1.312572792,5.538514928,14.34420905,3.65E-05,0.001446354,2.731278165
129049,ENSG00000167037,SGSM1,small G protein signaling modulator 1,3.840115985,3.334637112,14.34016982,3.65E-05,0.001446354,3.118073698
9423,ENSG00000065320,NTN1,netrin 1,0.842135008,4.897482719,14.33067031,3.66E-05,0.001448908,2.774772639
5737,ENSG00000122420,PTGFR,prostaglandin F receptor,-2.835939294,0.133941073,-14.32058674,3.68E-05,0.001451753,3.167531719
148696,NA,LOC148696,uncharacterized LOC148696,-2.889784862,-0.883915511,-14.28192388,3.69E-05,0.001456153,3.054123273
4034,ENSG00000077454,LRCH4,leucine rich repeats and calponin homology domain containing 4,0.677916091,5.57778059,14.1871795,3.70E-05,0.001456153,2.693148602
256643,ENSG00000173681,BCLAF3,BCLAF1 and THRAP3 family member 3,-1.818121516,3.811432902,-14.29712572,3.70E-05,0.001456153,2.925613045
10042,ENSG00000100281,HMGXB4,HMG-box containing 4,-1.424220524,4.692307361,-14.29483928,3.71E-05,0.001456153,2.795473148
54890,ENSG00000091542,ALKBH5,"alkB homolog 5, RNA demethylase",0.466506617,7.102879286,13.54771231,3.72E-05,0.001457458,2.54534456
56905,ENSG00000167173,C15orf39,chromosome 15 open reading frame 39,0.64398222,6.281828813,14.17215457,3.72E-05,0.001457458,2.643525765
80206,ENSG00000134775,FHOD3,formin homology 2 domain containing 3,-1.296050707,3.892486515,-14.27573807,3.73E-05,0.001457558,2.886713406
102060282,ENSG00000281358,RASSF1-AS1,RASSF1 antisense RNA 1,2.439870132,-1.522321934,13.68072433,3.73E-05,0.001457558,2.969902723
64840,ENSG00000102312,PORCN,porcupine O-acyltransferase,0.955312418,4.084827213,14.26831792,3.74E-05,0.001457558,2.847510173
23765,ENSG00000177663,IL17RA,interleukin 17 receptor A,1.535839311,4.795962424,14.26717357,3.74E-05,0.001457558,2.775298167
5794,ENSG00000080031,PTPRH,protein tyrosine phosphatase receptor type H,0.45744269,6.493898575,13.40820093,3.77E-05,0.001464584,2.539740274
120,ENSG00000148700,ADD3,adducin 3,-0.877958896,6.183805107,-14.23452563,3.78E-05,0.001464584,2.642135453
7259,ENSG00000189241,TSPYL1,TSPY like 1,0.345192841,6.283204378,13.32090075,3.79E-05,0.001464584,2.53668992
9652,ENSG00000198677,SKIC3,SKI3 subunit of superkiller complex,-1.198871281,6.440448184,-14.22434201,3.80E-05,0.001464584,2.628262384
140609,ENSG00000151414,NEK7,NIMA related kinase 7,-0.985452424,5.914031916,-14.22284039,3.80E-05,0.001464584,2.653994432
29127,ENSG00000161800,RACGAP1,Rac GTPase activating protein 1,-0.732174797,5.387215803,-14.22228454,3.80E-05,0.001464584,2.688638905
389337,ENSG00000183111,ARHGEF37,Rho guanine nucleotide exchange factor 37,0.421084489,3.448230723,13.31329888,3.80E-05,0.001464584,2.825355159
10979,ENSG00000073712,FERMT2,FERM domain containing kindlin 2,0.595389584,6.449722469,13.97412555,3.80E-05,0.001464584,2.596316934
9884,ENSG00000176681,LRRC37A,leucine rich repeat containing 37A,-1.880522055,1.449900288,-14.21235116,3.81E-05,0.001466431,3.183385884
23032,ENSG00000077254,USP33,ubiquitin specific peptidase 33,-0.857836262,6.437169614,-14.20712865,3.82E-05,0.001466645,2.6186464
64151,ENSG00000109805,NCAPG,non-SMC condensin I complex subunit G,-1.555314371,4.087211357,-14.20384152,3.82E-05,0.001466645,2.840591056
57560,ENSG00000068885,IFT80,intraflagellar transport 80,-1.121722722,5.475917215,-14.19602217,3.83E-05,0.001468513,2.676072141
150223,ENSG00000161179,YDJC,YdjC chitooligosaccharide deacetylase homolog,1.778532454,6.768281839,14.18669143,3.84E-05,0.001470075,2.605819929
29886,ENSG00000106266,SNX8,sorting nexin 8,0.677653385,5.840313371,14.13159694,3.85E-05,0.001470075,2.635975433
282763,ENSG00000167355,OR51B5,olfactory receptor family 51 subfamily B member 5,-3.030658313,-3.698569287,-13.50956874,3.87E-05,0.001476191,2.607136165
100422842,ENSG00000207617,MIR3074,microRNA 3074,-3.030658313,-3.698569287,-13.50956874,3.87E-05,0.001476191,2.607136165
3486,ENSG00000146674,IGFBP3,insulin like growth factor binding protein 3,-1.462232719,6.81490083,-14.15797576,3.88E-05,0.001477433,2.589107365
54461,ENSG00000159069,FBXW5,F-box and WD repeat domain containing 5,0.91977696,6.698560663,14.15276936,3.89E-05,0.001478042,2.586109401
4686,ENSG00000136937,NCBP1,nuclear cap binding protein subunit 1,-1.104290702,5.931525887,-14.13639623,3.91E-05,0.001484226,2.62012498
10009,ENSG00000177485,ZBTB33,zinc finger and BTB domain containing 33,-0.733607407,6.242461279,-14.13166935,3.92E-05,0.001484606,2.597639504
64710,ENSG00000069275,NUCKS1,nuclear casein kinase and cyclin dependent kinase substrate 1,-0.577053425,9.087964635,-13.95310837,3.93E-05,0.001486089,2.51509786
8540,ENSG00000018510,AGPS,alkylglycerone phosphate synthase,-1.004702002,6.693220242,-14.09994846,3.96E-05,0.001496582,2.56639163
3687,ENSG00000140678,ITGAX,integrin subunit alpha X,1.337143083,-0.27419749,13.20123841,3.96E-05,0.001496669,3.075001638
113829,ENSG00000176087,SLC35A4,solute carrier family 35 member A4,0.579609015,6.504137256,13.81148599,3.98E-05,0.001499409,2.536612483
28234,ENSG00000111700,SLCO1B3,solute carrier organic anion transporter family member 1B3,-1.118148833,4.300787389,-14.08256534,3.98E-05,0.001499409,2.751996626
9853,ENSG00000198853,RUSC2,RUN and SH3 domain containing 2,1.457830525,4.814055416,14.06539839,4.00E-05,0.001504777,2.692696314
55619,ENSG00000135905,DOCK10,dedicator of cytokinesis 10,-1.820053039,3.785809387,-14.06417091,4.01E-05,0.001504777,2.840493019
9913,ENSG00000119760,SUPT7L,"SPT7 like, STAGA complex subunit gamma",-0.398731018,6.138751077,-13.16910199,4.01E-05,0.001504867,2.478609304
9411,ENSG00000137962,ARHGAP29,Rho GTPase activating protein 29,-1.141334854,7.850731714,-14.043747,4.03E-05,0.001508252,2.513758397
57713,ENSG00000198879,SFMBT2,Scm like with four mbt domains 2,-1.158769706,2.847542544,-14.04165129,4.04E-05,0.001508252,2.950660032
10489,ENSG00000132128,LRRC41,leucine rich repeat containing 41,0.492440592,7.373358534,13.49477638,4.04E-05,0.001508252,2.460922508
11064,ENSG00000119397,CNTRL,centriolin,-1.29981109,4.773065343,-14.03790736,4.04E-05,0.001508252,2.682931737
142,ENSG00000143799,PARP1,poly(ADP-ribose) polymerase 1,0.694392925,8.209940175,14.02628467,4.06E-05,0.001512224,2.501092939
221711,ENSG00000153157,SYCP2L,synaptonemal complex protein 2 like,-1.122783834,3.339147827,-14.02137494,4.06E-05,0.001512762,2.865776689
79723,ENSG00000152455,SUV39H2,SUV39H2 histone lysine methyltransferase,-0.74194427,3.433351667,-13.46401851,4.08E-05,0.001516167,2.786481486
101928701,NA,NA,NA,-1.84400036,-1.809141196,-13.11607207,4.09E-05,0.001519229,2.861282573
64838,ENSG00000115226,FNDC4,fibronectin type III domain containing 4,2.202779476,2.354710603,13.99633115,4.10E-05,0.001519715,3.035240354
5327,ENSG00000104368,PLAT,"plasminogen activator, tissue type",1.133690744,5.849423664,13.98290747,4.12E-05,0.001524682,2.564646127
7791,ENSG00000159840,ZYX,zyxin,0.973202963,7.282025919,13.97709253,4.13E-05,0.001525714,2.497743677
55010,ENSG00000185480,PARPBP,PARP1 binding protein,-2.000488077,2.077993369,-13.9703858,4.14E-05,0.001527215,3.051043121
83939,ENSG00000144895,EIF2A,eukaryotic translation initiation factor 2A,-1.061785168,7.015974936,-13.96354395,4.15E-05,0.001528792,2.500737526
26030,ENSG00000126822,PLEKHG3,pleckstrin homology and RhoGEF domain containing G3,0.65472806,6.11013464,13.90444347,4.16E-05,0.001531126,2.528634875
1855,ENSG00000107404,DVL1,dishevelled segment polarity protein 1,0.802861774,6.634716138,13.95146422,4.16E-05,0.001531126,2.507889169
26010,ENSG00000196141,SPATS2L,spermatogenesis associated serine rich 2 like,-0.626742976,7.282211511,-13.91716907,4.17E-05,0.001532329,2.480565717
545,ENSG00000175054,ATR,ATR serine/threonine kinase,-1.514671661,5.48428509,-13.94064338,4.18E-05,0.001532819,2.581060978
1453,ENSG00000141551,CSNK1D,casein kinase 1 delta,0.673997881,7.522140126,13.93150581,4.19E-05,0.001535626,2.472910577
284119,ENSG00000177469,CAVIN1,caveolae associated protein 1,1.083268684,7.249640584,13.92255001,4.20E-05,0.001538253,2.477451244
124220,ENSG00000162078,ZG16B,zymogen granule protein 16B,1.965363036,5.449651642,13.91896401,4.21E-05,0.001538253,2.584846829
5971,ENSG00000104856,RELB,"RELB proto-oncogene, NF-kB subunit",1.541418485,5.065608529,13.90525399,4.23E-05,0.001540871,2.605290375
8933,ENSG00000134590,RTL8C,retrotransposon Gag like 8C,1.57835548,6.125812511,13.90392293,4.23E-05,0.001540871,2.521702692
87,ENSG00000072110,ACTN1,actinin alpha 1,1.232740718,9.48372101,13.90254246,4.23E-05,0.001540871,2.442303214
92370,ENSG00000155893,PXYLP1,2-phosphoxylose phosphatase 1,-1.782159389,4.293120435,-13.8984599,4.24E-05,0.001540871,2.701839535
8908,ENSG00000056998,GYG2,glycogenin 2,0.856596125,4.565068116,13.89524887,4.24E-05,0.001540871,2.639734176
55285,ENSG00000089682,RBM41,RNA binding motif protein 41,-1.320627161,5.048810622,-13.88205516,4.26E-05,0.001545486,2.593002042
4324,ENSG00000102996,MMP15,matrix metallopeptidase 15,1.105341371,6.771828827,13.87906686,4.27E-05,0.001545486,2.475774121
10121,ENSG00000138107,ACTR1A,actin related protein 1A,0.693273546,6.630541462,13.86147902,4.29E-05,0.001552859,2.471229533
10848,ENSG00000104881,PPP1R13L,protein phosphatase 1 regulatory subunit 13 like,1.06182761,7.400590502,13.85712044,4.30E-05,0.001553205,2.44725286
9672,ENSG00000162512,SDC3,syndecan 3,0.795945094,5.898386811,13.85278882,4.31E-05,0.001553541,2.506448838
168374,ENSG00000146757,ZNF92,zinc finger protein 92,-1.599250425,1.35561943,-13.73928284,4.33E-05,0.001561013,3.047661346
1121,ENSG00000188419,CHM,CHM Rab escort protein,-1.112846893,4.903018353,-13.82508569,4.35E-05,0.001564433,2.580431039
101927018,ENSG00000265845,LOC101927018,uncharacterized LOC101927018,-5.103234544,-2.658002504,-13.81619781,4.36E-05,0.001566153,2.646381373
348093,ENSG00000166831,RBPMS2,"RNA binding protein, mRNA processing factor 2",2.021875824,2.337976739,13.80402962,4.38E-05,0.001566153,2.959482525
7332,ENSG00000185651,UBE2L3,ubiquitin conjugating enzyme E2 L3,1.061853052,7.316188424,13.80380854,4.38E-05,0.001566153,2.427712629
55848,ENSG00000107020,PLGRKT,plasminogen receptor with a C-terminal lysine,1.192936372,4.431167932,13.80360014,4.38E-05,0.001566153,2.626539975
5351,ENSG00000083444,PLOD1,"procollagen-lysine,2-oxoglutarate 5-dioxygenase 1",1.034479029,6.049411886,13.8030555,4.38E-05,0.001566153,2.47915004
3696,ENSG00000105855,ITGB8,integrin subunit beta 8,-2.050211738,2.527323703,-13.79766422,4.39E-05,0.001566153,2.934986512
58476,ENSG00000078804,TP53INP2,tumor protein p53 inducible nuclear protein 2,1.418244004,3.993393772,13.79360777,4.39E-05,0.001566153,2.687767739
7690,ENSG00000172262,ZNF131,zinc finger protein 131,-0.949389085,4.906600785,-13.79261343,4.40E-05,0.001566153,2.564021131
23043,ENSG00000154310,TNIK,TRAF2 and NCK interacting kinase,-2.525105771,3.562538603,-13.77906394,4.42E-05,0.001569735,2.799023802
4734,ENSG00000069869,NEDD4,NEDD4 E3 ubiquitin protein ligase,-1.311985394,5.793045891,-13.77791552,4.42E-05,0.001569735,2.488765531
30011,ENSG00000147010,SH3KBP1,SH3 domain containing kinase binding protein 1,0.525863972,7.57191133,13.43471175,4.43E-05,0.001569735,2.371235984
91252,ENSG00000165915,SLC39A13,solute carrier family 39 member 13,1.091572383,5.236361023,13.77149044,4.43E-05,0.001569735,2.526641776
79065,ENSG00000198925,ATG9A,autophagy related 9A,0.537655612,6.459963408,13.39089041,4.44E-05,0.001571339,2.398958448
9957,ENSG00000002587,HS3ST1,heparan sulfate-glucosamine 3-sulfotransferase 1,1.368891232,2.737830808,13.76027919,4.45E-05,0.001571903,2.864977418
6507,ENSG00000079215,SLC1A3,solute carrier family 1 member 3,1.308311127,2.095396174,13.70336331,4.45E-05,0.001572294,2.946601357
94134,ENSG00000165322,ARHGAP12,Rho GTPase activating protein 12,-0.966085742,5.85056328,-13.74329331,4.47E-05,0.001574399,2.466916123
55186,ENSG00000114120,SLC25A36,solute carrier family 25 member 36,-2.295802286,6.285975652,-13.74144021,4.47E-05,0.001574399,2.460329177
79958,ENSG00000205744,DENND1C,DENN domain containing 1C,0.775715544,4.772850666,13.74132812,4.47E-05,0.001574399,2.553904287
220729,ENSG00000291091,SDHAP4,SDHA pseudogene 4,-0.942826047,4.711257431,-13.73393271,4.49E-05,0.001574779,2.56078151
222962,ENSG00000164638,SLC29A4,solute carrier family 29 member 4,1.337904089,3.62619551,13.73348247,4.49E-05,0.001574779,2.714934505
2077,ENSG00000105722,ERF,ETS2 repressor factor,1.13790409,5.718582202,13.72468859,4.50E-05,0.001575839,2.469924779
9048,ENSG00000117407,ARTN,artemin,1.587885696,3.718750514,13.72441262,4.50E-05,0.001575839,2.706409786
200186,ENSG00000160741,CRTC2,CREB regulated transcription coactivator 2,0.510842279,5.264001401,13.05033077,4.52E-05,0.001577281,2.422532538
54850,ENSG00000127452,FBXL12,F-box and leucine rich repeat protein 12,0.475331227,5.042574053,12.85567489,4.52E-05,0.001577281,2.419858426
503637,ENSG00000206195,DUXAP8,double homeobox A pseudogene 8,-2.334251737,2.825898324,-13.71112546,4.52E-05,0.001577281,2.873095395
4528,ENSG00000085760,MTIF2,mitochondrial translational initiation factor 2,-0.577476202,5.897213952,-13.41159877,4.54E-05,0.001578359,2.413350387
25937,ENSG00000018408,WWTR1,WW domain containing transcription regulator 1,-0.96396473,6.765353265,-13.69945669,4.54E-05,0.001578359,2.402309926
7976,ENSG00000104290,FZD3,frizzled class receptor 3,-1.757117987,3.326220681,-13.69855502,4.54E-05,0.001578359,2.765504497
672,ENSG00000012048,BRCA1,BRCA1 DNA repair associated,-1.157597977,4.31366601,-13.68387526,4.56E-05,0.001584489,2.593215536
136,ENSG00000170425,ADORA2B,adenosine A2b receptor,-0.483466043,4.2021143,-12.82124752,4.58E-05,0.001587216,2.500500053
1774,ENSG00000013563,DNASE1L1,deoxyribonuclease 1 like 1,0.998190287,5.070158737,13.67190564,4.58E-05,0.001587216,2.499849488
7696,NA,ZNF137P,"zinc finger protein 137, pseudogene",-3.723795914,0.607413788,-13.6636817,4.60E-05,0.001588968,2.982890682
10498,ENSG00000142453,CARM1,coactivator associated arginine methyltransferase 1,0.46961553,6.762411839,13.05385405,4.60E-05,0.001588968,2.317077141
9530,ENSG00000156735,BAG4,BAG cochaperone 4,-0.632678111,3.828782104,-13.01028011,4.63E-05,0.001598938,2.566271401
255928,ENSG00000143469,SYT14,synaptotagmin 14,2.657614527,-3.900330451,12.77670347,4.66E-05,0.001605842,2.474469063
84102,ENSG00000136052,SLC41A2,solute carrier family 41 member 2,-0.863188179,2.938855006,-13.22877603,4.67E-05,0.001605842,2.729446735
340385,ENSG00000197363,ZNF517,zinc finger protein 517,0.760305316,3.48004803,13.21437491,4.70E-05,0.001614773,2.631389338
11070,ENSG00000126062,TMEM115,transmembrane protein 115,0.858335328,5.549015879,13.59654135,4.71E-05,0.001615038,2.427143453
54553,ENSG00000268471,MIR4453HG,MIR4453 host gene,-2.177881552,0.461047569,-13.59168614,4.71E-05,0.001615038,2.973435252
4779,ENSG00000082641,NFE2L1,NFE2 like bZIP transcription factor 1,0.844968336,8.523656766,13.59079406,4.72E-05,0.001615038,2.321788358
64771,ENSG00000196821,ILRUN,inflammation and lipid regulator with UBA-like and NBR1-like domains,0.641219701,7.024369255,13.58651568,4.72E-05,0.001615509,2.344783839
8273,ENSG00000126903,SLC10A3,solute carrier family 10 member 3,0.882497116,5.885370706,13.57023234,4.75E-05,0.001622249,2.393169655
162966,ENSG00000189190,ZNF600,zinc finger protein 600,-2.771225157,2.695312788,-13.56701855,4.75E-05,0.001622249,2.855450747
23154,ENSG00000020129,NCDN,neurochondrin,0.832063032,5.324972832,13.55773639,4.77E-05,0.001622249,2.428604655
84243,ENSG00000204160,ZDHHC18,zinc finger DHHC-type palmitoyltransferase 18,0.63218132,5.345700212,13.3799581,4.77E-05,0.001622249,2.405453815
51281,ENSG00000144504,ANKMY1,ankyrin repeat and MYND domain containing 1,-0.380195375,3.841790994,-12.71402132,4.78E-05,0.001622249,2.502676803
55596,ENSG00000033030,ZCCHC8,zinc finger CCHC-type containing 8,-1.10076554,5.088331086,-13.55406863,4.78E-05,0.001622249,2.452360635
1288,ENSG00000197565,COL4A6,collagen type IV alpha 6 chain,1.846141046,5.385235053,13.54210898,4.80E-05,0.001627125,2.435280601
80149,ENSG00000163874,ZC3H12A,zinc finger CCCH-type containing 12A,0.684581269,6.924236749,13.53109304,4.81E-05,0.001631482,2.325365029
63892,ENSG00000115970,THADA,THADA armadillo repeat containing,-0.821363394,5.021090062,-13.51948696,4.83E-05,0.001634462,2.440006022
5819,ENSG00000130202,NECTIN2,nectin cell adhesion molecule 2,0.723649735,7.425217603,13.51433728,4.84E-05,0.001634462,2.305141094
129450,ENSG00000162971,TYW5,tRNA-yW synthesizing protein 5,-0.615711778,3.784528244,-12.83772903,4.85E-05,0.001634462,2.515510923
161436,ENSG00000165521,EML5,EMAP like 5,-1.73429942,1.977734126,-13.51235494,4.85E-05,0.001634462,2.884158395
286097,ENSG00000155970,MICU3,mitochondrial calcium uptake family member 3,-2.161416638,0.941204908,-13.50574992,4.86E-05,0.001636321,2.953046339
84289,ENSG00000168395,ING5,inhibitor of growth family member 5,-0.54354049,4.070090107,-12.67540449,4.87E-05,0.001637108,2.450921075
51319,ENSG00000174891,RSRC1,arginine and serine rich coiled-coil 1,-0.44624097,4.916571401,-12.66142039,4.87E-05,0.001638088,2.344379152
8237,ENSG00000102226,USP11,ubiquitin specific peptidase 11,0.843178935,5.592414998,13.49158728,4.88E-05,0.001638669,2.380699847
27085,ENSG00000172167,MTBP,MDM2 binding protein,-1.131680093,3.131641349,-13.48782618,4.89E-05,0.001638905,2.689236868
101928505,ENSG00000287709,LOC101928505,uncharacterized LOC101928505,-3.315306435,-3.561899065,-13.18561086,4.90E-05,0.001639936,2.450193812
9662,ENSG00000174799,CEP135,centrosomal protein 135,-1.452852543,2.764170182,-13.46198868,4.93E-05,0.001650012,2.748012067
6836,ENSG00000148248,SURF4,surfeit 4,0.752412649,8.112059109,13.45747925,4.94E-05,0.001650696,2.2707737
2767,ENSG00000088256,GNA11,G protein subunit alpha 11,0.84748962,6.307805937,13.44849073,4.96E-05,0.001653235,2.318571701
89853,ENSG00000196814,MVB12B,multivesicular body subunit 12B,0.791326094,3.696203241,13.2511155,4.97E-05,0.001653235,2.553746224
5775,ENSG00000088179,PTPN4,protein tyrosine phosphatase non-receptor type 4,-1.3452896,5.359785856,-13.43876491,4.97E-05,0.001653235,2.384845684
63901,ENSG00000166801,FAM111A,FAM111 trypsin like peptidase A,-1.272995527,5.620150792,-13.43836725,4.97E-05,0.001653235,2.362086533
8061,ENSG00000175592,FOSL1,"FOS like 1, AP-1 transcription factor subunit",1.008509583,5.891708453,13.43653346,4.98E-05,0.001653235,2.338735295
55103,ENSG00000116191,RALGPS2,Ral GEF with PH domain and SH3 binding motif 2,-1.187835317,6.518263557,-13.41044365,5.02E-05,0.001664645,2.295904518
1105,ENSG00000153922,CHD1,chromodomain helicase DNA binding protein 1,-1.168472122,5.703497646,-13.40930893,5.03E-05,0.001664645,2.342371828
10168,ENSG00000186448,ZNF197,zinc finger protein 197,-0.789276122,4.283843784,-13.40333576,5.04E-05,0.001664645,2.474591386
55773,ENSG00000036054,TBC1D23,TBC1 domain family member 23,-0.957990945,6.444456552,-13.40288862,5.04E-05,0.001664645,2.294031822
84542,ENSG00000162929,SANBR,SANT and BTB domain regulator of CSR,-1.076338276,2.977922399,-13.39744056,5.05E-05,0.001664645,2.676294813
576,ENSG00000121753,ADGRB2,adhesion G protein-coupled receptor B2,1.269117622,6.014701677,13.39736672,5.05E-05,0.001664645,2.317497069
55835,ENSG00000151849,CENPJ,centromere protein J,-1.74224779,3.550883345,-13.38844638,5.06E-05,0.001666407,2.605231055
23398,ENSG00000113593,PPWD1,peptidylprolyl isomerase domain and WD repeat containing 1,-0.824708804,4.90457605,-13.38594955,5.07E-05,0.001666407,2.396383992
100129482,ENSG00000234420,ZNF37BP,"zinc finger protein 37B, pseudogene",-2.342432596,2.673834502,-13.3836194,5.07E-05,0.001666407,2.767195797
60558,ENSG00000151806,GUF1,GTP binding elongation factor GUF1,-0.833170104,5.956419159,-13.38132215,5.08E-05,0.001666407,2.310424302
84929,ENSG00000130720,FIBCD1,fibrinogen C domain containing 1,1.349312435,4.71013286,13.3759132,5.09E-05,0.001667683,2.423548965
64395,ENSG00000087338,GMCL1,"germ cell-less 1, spermatogenesis associated",-0.515584097,4.861388189,-12.7038608,5.12E-05,0.001675662,2.313554588
51433,ENSG00000089053,ANAPC5,anaphase promoting complex subunit 5,-0.635424337,6.37444113,-13.35592925,5.12E-05,0.001675701,2.27551681
4673,ENSG00000187109,NAP1L1,nucleosome assembly protein 1 like 1,-1.530447844,8.114894224,-13.33451972,5.16E-05,0.001685553,2.221421911
7410,ENSG00000160293,VAV2,vav guanine nucleotide exchange factor 2,0.737249682,5.877934619,13.33225155,5.17E-05,0.001685553,2.294077048
435,ENSG00000126522,ASL,argininosuccinate lyase,1.18294708,3.862298542,13.32969187,5.17E-05,0.001685553,2.511799463
101927021,ENSG00000229043,ZFAND2A-DT,ZFAND2A divergent transcript,1.059081319,3.980031469,13.32655132,5.18E-05,0.001685553,2.489925281
5373,ENSG00000140650,PMM2,phosphomannomutase 2,0.544788941,5.481555253,12.91807648,5.19E-05,0.001685668,2.270947819
10370,ENSG00000164442,CITED2,Cbp/p300 interacting transactivator with Glu/Asp rich carboxy-terminal domain 2,0.878248706,5.965031987,13.31648367,5.19E-05,0.001685668,2.282990996
3248,ENSG00000164120,HPGD,15-hydroxyprostaglandin dehydrogenase,-3.58116575,1.841875805,-13.31556632,5.20E-05,0.001685668,2.870622701
5358,ENSG00000102024,PLS3,plastin 3,0.620348989,8.126520849,13.31352703,5.20E-05,0.001685668,2.210338612
79083,ENSG00000115648,MLPH,melanophilin,-0.99368284,7.215998923,-13.3039691,5.22E-05,0.001686001,2.224016153
51733,ENSG00000100024,UPB1,beta-ureidopropionase 1,5.730422647,-1.842078359,13.30142486,5.22E-05,0.001686001,2.604820022
152002,ENSG00000173950,XXYLT1,xyloside xylosyltransferase 1,0.939538596,4.004489838,13.30083533,5.22E-05,0.001686001,2.472898833
9196,ENSG00000170049,KCNAB3,potassium voltage-gated channel subfamily A regulatory beta subunit 3,-3.373716948,0.352267274,-13.30020865,5.23E-05,0.001686001,2.856252087
55665,ENSG00000106608,URGCP,upregulator of cell proliferation,0.829930315,5.934475682,13.2948267,5.24E-05,0.001687328,2.275473676
57561,ENSG00000113369,ARRDC3,arrestin domain containing 3,-0.957482187,5.640379622,-13.2794515,5.26E-05,0.001693849,2.290390096
79949,ENSG00000148735,PLEKHS1,pleckstrin homology domain containing S1,-3.788528968,-3.321803633,-13.27769278,5.27E-05,0.001693849,2.412462345
54537,ENSG00000122376,SHLD2,shieldin complex subunit 2,-0.968830935,3.126346262,-13.23484605,5.29E-05,0.001699329,2.592507022
221322,ENSG00000146350,TBC1D32,TBC1 domain family member 32,-1.679116995,3.032454403,-13.26146652,5.30E-05,0.001699329,2.634252989
203259,ENSG00000164970,FAM219A,family with sequence similarity 219 member A,0.74716509,4.797885851,13.25919254,5.30E-05,0.001699329,2.353171677
402665,ENSG00000142549,IGLON5,IgLON family member 5,-3.239626392,1.748621806,-13.25422852,5.31E-05,0.001700434,2.84648494
11252,ENSG00000100266,PACSIN2,protein kinase C and casein kinase substrate in neurons 2,0.590431773,6.782436485,13.16811219,5.34E-05,0.001707826,2.200230062
388558,ENSG00000198482,ZNF808,zinc finger protein 808,-2.411760832,2.92225157,-13.23053658,5.36E-05,0.001710373,2.67324411
6609,ENSG00000166311,SMPD1,sphingomyelin phosphodiesterase 1,1.406282708,3.770825152,13.21396488,5.39E-05,0.001710373,2.484930515
84515,ENSG00000125885,MCM8,minichromosome maintenance 8 homologous recombination repair factor,-0.923243202,4.858784654,-13.21069141,5.40E-05,0.001710373,2.329640875
57692,ENSG00000198934,MAGEE1,MAGE family member E1,1.132153872,3.03704238,13.20964824,5.40E-05,0.001710373,2.591636081
10295,ENSG00000103507,BCKDK,branched chain keto acid dehydrogenase kinase,0.673060605,6.223992428,13.20678011,5.40E-05,0.001710373,2.220715401
2013,ENSG00000213853,EMP2,epithelial membrane protein 2,-0.808767999,6.882712882,-13.20528633,5.41E-05,0.001710373,2.191633408
2139,ENSG00000064655,EYA2,EYA transcriptional coactivator and phosphatase 2,2.837489901,1.562844509,13.20512735,5.41E-05,0.001710373,2.829904232
4193,ENSG00000135679,MDM2,MDM2 proto-oncogene,-0.935764359,5.639837245,-13.20206825,5.41E-05,0.001710373,2.257689455
54627,ENSG00000212916,MAP10,microtubule associated protein 10,-0.895216919,3.028902521,-12.99695193,5.41E-05,0.001710373,2.563965822
284695,ENSG00000162664,ZNF326,zinc finger protein 326,-1.426942377,4.00640324,-13.20171657,5.41E-05,0.001710373,2.446501614
2760,ENSG00000196743,GM2A,ganglioside GM2 activator,0.655841538,6.415149165,13.19477744,5.43E-05,0.001710373,2.205759827
27030,ENSG00000119684,MLH3,mutL homolog 3,-0.922043286,5.905639247,-13.19169338,5.43E-05,0.001710373,2.234850541
9295,ENSG00000116754,SRSF11,serine and arginine rich splicing factor 11,-1.535901602,7.02212623,-13.19152346,5.43E-05,0.001710373,2.187592848
4092,ENSG00000101665,SMAD7,SMAD family member 7,1.019561367,3.805581225,13.19130088,5.43E-05,0.001710373,2.458307163
6624,ENSG00000075618,FSCN1,fascin actin-bundling protein 1,0.789611786,8.481522774,13.17059279,5.47E-05,0.00172108,2.146539075
131583,ENSG00000185112,FAM43A,family with sequence similarity 43 member A,1.114945896,4.785390212,13.1678288,5.48E-05,0.00172108,2.322654838
123016,ENSG00000165533,TTC8,tetratricopeptide repeat domain 8,-0.946771109,4.26758839,-13.16449793,5.49E-05,0.001721244,2.380930896
3611,ENSG00000166333,ILK,integrin linked kinase,0.761197189,5.781489182,13.16098912,5.49E-05,0.001721522,2.228652018
4602,ENSG00000118513,MYB,"MYB proto-oncogene, transcription factor",-1.523620442,-1.009339595,-12.3548816,5.50E-05,0.001721807,2.716842878
55571,ENSG00000158435,CNOT11,CCR4-NOT transcription complex subunit 11,0.35530828,6.180021517,12.35359278,5.51E-05,0.001721807,2.106488817
84146,ENSG00000122482,ZNF644,zinc finger protein 644,-1.204829774,5.060202076,-13.14673831,5.52E-05,0.001724688,2.287806883
9147,ENSG00000165525,NEMF,nuclear export mediator factor,-1.281295895,5.29348898,-13.14132156,5.53E-05,0.001726166,2.265199977
9810,ENSG00000103549,RNF40,ring finger protein 40,0.446852855,6.337024774,12.49062381,5.56E-05,0.001731947,2.106024033
79680,ENSG00000215012,RTL10,retrotransposon Gag like 10,1.137815961,5.609019234,13.12599597,5.56E-05,0.001731947,2.229945562
3488,ENSG00000115461,IGFBP5,insulin like growth factor binding protein 5,3.340113315,4.287518672,13.11983423,5.58E-05,0.001733911,2.467879121
9994,ENSG00000118412,CASP8AP2,caspase 8 associated protein 2,-1.389146566,4.719137396,-13.10762181,5.60E-05,0.001735932,2.312273092
122060,ENSG00000139737,SLAIN1,SLAIN motif family member 1,-2.758932027,-3.839902105,-12.46709613,5.60E-05,0.001735932,2.348026521
105373990,NA,NA,NA,-2.758932027,-3.839902105,-12.46709613,5.60E-05,0.001735932,2.348026521
1000,ENSG00000170558,CDH2,cadherin 2,1.781937334,3.983445316,13.0977925,5.62E-05,0.001735946,2.419246923
50861,ENSG00000197457,STMN3,stathmin 3,1.117752062,6.394417572,13.0971691,5.62E-05,0.001735946,2.16894659
90592,ENSG00000196757,ZNF700,zinc finger protein 700,-1.221508126,3.392235766,-13.09497032,5.63E-05,0.001735946,2.489838177
3227,ENSG00000123388,HOXC11,homeobox C11,-1.030137112,3.393567956,-13.09335995,5.63E-05,0.001735946,2.483006202
57223,ENSG00000275052,PPP4R3B,protein phosphatase 4 regulatory subunit 3B,-0.987044864,6.629722945,-13.09205006,5.63E-05,0.001735946,2.155026031
27332,ENSG00000075292,ZNF638,zinc finger protein 638,-1.171840379,6.602044408,-13.08719607,5.64E-05,0.001735946,2.155914225
22928,ENSG00000179918,SEPHS2,selenophosphate synthetase 2,0.90152667,6.706254914,13.0794496,5.66E-05,0.001735946,2.145478914
3159,ENSG00000137309,HMGA1,high mobility group AT-hook 1,1.176063924,11.18050315,13.0747836,5.67E-05,0.001735946,2.096816199
120863,ENSG00000166153,DEPDC4,DEP domain containing 4,-1.603556545,1.349010356,-13.07422452,5.67E-05,0.001735946,2.773552539
9246,ENSG00000156587,UBE2L6,ubiquitin conjugating enzyme E2 L6,1.198255087,5.987713737,13.07327841,5.67E-05,0.001735946,2.181977366
90956,ENSG00000133597,ADCK2,aarF domain containing kinase 2,1.296570547,4.390024396,13.07309923,5.67E-05,0.001735946,2.335023241
653268,NA,AGAP7P,"ArfGAP with GTPase domain, ankyrin repeat and PH domain 7, pseudogene",-1.317027192,0.641919227,-12.37847172,5.68E-05,0.001735946,2.76343761
8073,ENSG00000184007,PTP4A2,protein tyrosine phosphatase 4A2,-0.493462232,9.048432315,-12.7686059,5.68E-05,0.001735946,2.063774777
161145,ENSG00000198133,TMEM229B,transmembrane protein 229B,1.418958867,1.240439904,12.80931203,5.73E-05,0.001747922,2.751854291
10138,ENSG00000015153,YAF2,YY1 associated factor 2,-0.93566354,3.420091199,-13.04383556,5.73E-05,0.001747922,2.455630362
55037,ENSG00000132300,PTCD3,pentatricopeptide repeat domain 3,-0.881940227,5.708964586,-13.03879492,5.74E-05,0.001748502,2.182945065
80119,ENSG00000140451,PIF1,PIF1 5'-to-3' DNA helicase,-1.677057497,2.143738932,-13.03479056,5.75E-05,0.001748502,2.675871989
54836,ENSG00000119411,BSPRY,B-box and SPRY domain containing,0.909087359,5.706963409,13.03103156,5.76E-05,0.001748502,2.179800391
11230,ENSG00000243279,PRAF2,PRA1 domain family member 2,1.404818286,4.00529282,13.02862699,5.76E-05,0.001748502,2.372817313
51368,ENSG00000164081,TEX264,"testis expressed 264, ER-phagy receptor",1.133406579,4.92407434,13.02820923,5.76E-05,0.001748502,2.249294693
1489,ENSG00000150281,CTF1,cardiotrophin 1,1.349819569,3.951443424,13.02241754,5.78E-05,0.001748681,2.375849398
56971,ENSG00000186567,CEACAM19,CEA cell adhesion molecule 19,0.90494766,4.830142683,13.01885657,5.78E-05,0.001748681,2.250875209
8550,ENSG00000089022,MAPKAPK5,MAPK activated protein kinase 5,-1.008513857,4.75147557,-13.01726248,5.79E-05,0.001748681,2.261102864
262,ENSG00000123505,AMD1,adenosylmethionine decarboxylase 1,-0.767543517,6.487316234,-13.01622534,5.79E-05,0.001748681,2.127265068
11231,ENSG00000025796,SEC63,"SEC63 homolog, protein translocation regulator",-0.522684089,6.844991062,-12.75397115,5.80E-05,0.001750688,2.078520313
219844,ENSG00000198331,HYLS1,HYLS1 centriolar and ciliogenesis associated,-0.692702604,2.587154689,-12.2186733,5.81E-05,0.001750688,2.493079719
223,ENSG00000143149,ALDH9A1,aldehyde dehydrogenase 9 family member A1,0.479305732,5.729519632,12.45018879,5.82E-05,0.001750688,2.098422014
1265,ENSG00000064666,CNN2,calponin 2,0.871482509,7.85981113,12.99901319,5.83E-05,0.001750688,2.080660752
51759,ENSG00000136819,C9orf78,chromosome 9 open reading frame 78,0.484130966,5.256873991,12.38650172,5.83E-05,0.001750688,2.126350109
100532724,ENSG00000274810,NPHP3-ACAD11,NPHP3-ACAD11 readthrough (NMD candidate),-3.601878834,0.091601694,-12.9911103,5.84E-05,0.001753586,2.738401636
4927,ENSG00000108559,NUP88,nucleoporin 88,-0.680122717,5.481952672,-12.97840903,5.87E-05,0.0017581,2.172066931
90317,ENSG00000204611,ZNF616,zinc finger protein 616,-1.404280392,3.310445986,-12.97813637,5.87E-05,0.0017581,2.461153388
10938,ENSG00000110047,EHD1,EH domain containing 1,0.824861589,7.108984382,12.97236512,5.88E-05,0.0017581,2.084935398
80143,ENSG00000052723,SIKE1,suppressor of IKBKE 1,-0.916694905,6.825269612,-12.96840837,5.89E-05,0.0017581,2.093537343
653583,ENSG00000176531,PHLDB3,pleckstrin homology like domain family B member 3,1.290312763,4.473342154,12.96773549,5.89E-05,0.0017581,2.279416819
21,ENSG00000167972,ABCA3,ATP binding cassette subfamily A member 3,0.927142484,5.936957213,12.96677935,5.89E-05,0.0017581,2.136938175
379025,ENSG00000257621,PSMA3-AS1,PSMA3 antisense RNA 1,-1.59106888,4.591447034,-12.96114756,5.91E-05,0.001759879,2.271931447
1787,ENSG00000107614,TRDMT1,tRNA aspartic acid methyltransferase 1,-1.777711697,1.428031803,-12.95386502,5.92E-05,0.001762727,2.724169964
127829,ENSG00000143862,ARL8A,ADP ribosylation factor like GTPase 8A,0.942605803,5.686194283,12.93359389,5.97E-05,0.001774012,2.139880048
6804,ENSG00000106089,STX1A,syntaxin 1A,-0.616479854,4.957671587,-12.70437809,6.04E-05,0.001793962,2.160721068
150290,ENSG00000167065,DUSP18,dual specificity phosphatase 18,-1.48582188,2.355292045,-12.89744561,6.05E-05,0.001793962,2.58447801
55608,ENSG00000088448,ANKRD10,ankyrin repeat domain 10,-0.937730043,5.983727813,-12.87710038,6.09E-05,0.001805557,2.09567411
3485,ENSG00000115457,IGFBP2,insulin like growth factor binding protein 2,-2.550157,5.296167696,-12.86270908,6.12E-05,0.001812321,2.181742156
81704,ENSG00000107099,DOCK8,dedicator of cytokinesis 8,-2.747797753,2.72145626,-12.86129355,6.13E-05,0.001812321,2.571136404
7980,ENSG00000105825,TFPI2,tissue factor pathway inhibitor 2,1.350665742,6.058891671,12.85552322,6.14E-05,0.001812616,2.085900201
10298,ENSG00000130669,PAK4,p21 (RAC1) activated kinase 4,1.03435155,6.469042353,12.85485696,6.14E-05,0.001812616,2.06050563
149773,ENSG00000231290,APCDD1L-DT,APCDD1L divergent transcript,1.674798747,1.371360445,12.85239246,6.15E-05,0.001812616,2.687164171
5970,ENSG00000173039,RELA,"RELA proto-oncogene, NF-kB subunit",0.71004852,7.104244478,12.8465724,6.16E-05,0.001814629,2.030041182
9412,ENSG00000152944,MED21,mediator complex subunit 21,-1.267915502,5.152444901,-12.84347652,6.17E-05,0.001814822,2.150829992
8312,ENSG00000103126,AXIN1,axin 1,0.866534274,6.054125352,12.83700433,6.18E-05,0.001815487,2.073306935
55692,ENSG00000007392,LUC7L,LUC7 like,-1.465958411,4.326761605,-12.83687713,6.18E-05,0.001815487,2.248987347
102723809,ENSG00000259116,HSPA2-AS1,HSPA2 and ZBTB1 antisense RNA 1,-4.107737573,-0.919424604,-12.83406804,6.19E-05,0.001815495,2.605938766
115294,ENSG00000168300,PCMTD1,protein-L-isoaspartate (D-aspartate) O-methyltransferase domain containing 1,-1.054264348,5.097371463,-12.82775921,6.20E-05,0.001817855,2.145186997
5608,ENSG00000108984,MAP2K6,mitogen-activated protein kinase kinase 6,-1.265770069,-0.885314356,-12.03074692,6.28E-05,0.001835164,2.610665522
3897,ENSG00000198910,L1CAM,L1 cell adhesion molecule,0.919276842,7.6690186,12.79657786,6.28E-05,0.001835164,1.996275839
10158,ENSG00000162366,PDZK1IP1,PDZK1 interacting protein 1,3.194523681,5.560975796,12.78988505,6.29E-05,0.001835227,2.147924153
80298,ENSG00000120832,MTERF2,mitochondrial transcription termination factor 2,-1.380997934,2.518595095,-12.78974958,6.29E-05,0.001835227,2.511402309
55624,ENSG00000085998,POMGNT1,"protein O-linked mannose N-acetylglucosaminyltransferase 1 (beta 1,2-)",0.978234024,6.58701658,12.78747258,6.30E-05,0.001835227,2.025320876
2530,ENSG00000033170,FUT8,fucosyltransferase 8,-1.194137344,5.750790906,-12.78539374,6.30E-05,0.001835227,2.074209169
64921,ENSG00000127995,CASD1,CAS1 domain containing 1,-0.933111112,4.511717384,-12.78112918,6.31E-05,0.001835771,2.186396057
441518,ENSG00000212747,RTL8B,retrotransposon Gag like 8B,1.048577796,4.056572794,12.7773737,6.32E-05,0.001835771,2.247593932
1312,ENSG00000093010,COMT,catechol-O-methyltransferase,1.733429354,7.669897945,12.77631245,6.32E-05,0.001835771,1.991821807
8899,ENSG00000112739,PRPF4B,pre-mRNA processing factor 4B,-1.746691757,6.069426795,-12.76273093,6.35E-05,0.001839822,2.051339912
643338,ENSG00000188277,C15orf62,chromosome 15 open reading frame 62,-1.902862792,1.039567521,-12.76175894,6.36E-05,0.001839822,2.676603531
5093,ENSG00000169564,PCBP1,poly(rC) binding protein 1,0.530014114,8.454461671,12.63301263,6.36E-05,0.001839822,1.954639223
2146,ENSG00000106462,EZH2,enhancer of zeste 2 polycomb repressive complex 2 subunit,-1.371442778,4.987966834,-12.75938192,6.36E-05,0.001839822,2.13307823
81792,ENSG00000151388,ADAMTS12,ADAM metallopeptidase with thrombospondin type 1 motif 12,-5.903524292,-1.742440038,-12.75276273,6.38E-05,0.001840651,2.460563455
3732,ENSG00000085117,CD82,CD82 molecule,3.227617557,4.722081501,12.75269388,6.38E-05,0.001840651,2.239812385
343099,ENSG00000122483,CCDC18,coiled-coil domain containing 18,-2.606854667,3.052486892,-12.74338467,6.40E-05,0.001845158,2.463764741
23369,ENSG00000055917,PUM2,pumilio RNA binding family member 2,-0.806594425,7.094088208,-12.73422414,6.42E-05,0.001848539,1.981982266
5074,ENSG00000177425,PAWR,pro-apoptotic WT1 regulator,-0.878547403,6.656233926,-12.73105286,6.43E-05,0.001848539,1.99702165
79586,ENSG00000123989,CHPF,chondroitin polymerizing factor,1.791076317,7.668091888,12.72868237,6.44E-05,0.001848539,1.971440198
4849,ENSG00000088038,CNOT3,CCR4-NOT transcription complex subunit 3,0.771142328,4.649163324,12.72561961,6.44E-05,0.001848539,2.142591663
327,ENSG00000164062,APEH,acylaminoacyl-peptide hydrolase,0.919130446,7.621274579,12.72486363,6.44E-05,0.001848539,1.965763986
3913,ENSG00000172037,LAMB2,laminin subunit beta 2,0.768593945,8.120923374,12.71427726,6.47E-05,0.001853973,1.953257673
7125,ENSG00000101470,TNNC2,"troponin C2, fast skeletal type",1.327246129,-1.637713004,11.95218017,6.48E-05,0.001855288,2.508945179
55754,ENSG00000112697,TMEM30A,transmembrane protein 30A,-0.356316119,6.965832448,-11.94972912,6.49E-05,0.001855296,1.879172436
57414,ENSG00000005486,RHBDD2,rhomboid domain containing 2,0.772812617,6.449881752,12.70126198,6.50E-05,0.001857175,1.99229716
5550,ENSG00000085377,PREP,prolyl endopeptidase,0.421171671,6.291863414,12.03846275,6.51E-05,0.001857175,1.917219331
25791,ENSG00000066248,NGEF,neuronal guanine nucleotide exchange factor,1.130260557,4.223112636,12.6933182,6.52E-05,0.001859145,2.190136431
7325,ENSG00000182247,UBE2E2,ubiquitin conjugating enzyme E2 E2,1.026782388,5.422386881,12.68758588,6.54E-05,0.001859962,2.054523559
3872,ENSG00000128422,KRT17,keratin 17,3.927878028,0.66281533,12.68440735,6.54E-05,0.001859962,2.651105293
79903,ENSG00000122390,NAA60,"N-alpha-acetyltransferase 60, NatF catalytic subunit",0.700847288,6.033516792,12.68408888,6.54E-05,0.001859962,2.006717658
100652758,ENSG00000275765,LOC100652758,uncharacterized LOC100652758,1.168598418,2.176134196,12.62164848,6.57E-05,0.001864379,2.503667465
643977,ENSG00000287263,FLJ32255,uncharacterized LOC643977,0.87812839,3.481000884,12.6723918,6.57E-05,0.001864379,2.286310374
63939,ENSG00000196227,FAM217B,family with sequence similarity 217 member B,-0.97827467,4.336406811,-12.66545164,6.59E-05,0.00186736,2.159656194
9175,ENSG00000073803,MAP3K13,mitogen-activated protein kinase kinase kinase 13,-0.473726614,5.818087954,-12.17129099,6.61E-05,0.001868368,1.949749874
9615,ENSG00000119125,GDA,guanine deaminase,-0.761669526,6.74188832,-12.6478079,6.63E-05,0.001868368,1.95599215
55969,ENSG00000101084,RAB5IF,RAB5 interacting factor,1.31188707,5.95820264,12.64741726,6.63E-05,0.001868368,2.000804821
1122,ENSG00000203668,CHML,CHM like Rab escort protein,-1.461059799,6.024470612,-12.64663154,6.64E-05,0.001868368,1.998698567
64129,ENSG00000142910,TINAGL1,tubulointerstitial nephritis antigen like 1,1.180414681,8.909440626,12.64646968,6.64E-05,0.001868368,1.916428083
55911,ENSG00000184730,APOBR,apolipoprotein B receptor,2.293822164,0.881959337,12.64634994,6.64E-05,0.001868368,2.641140075
7175,ENSG00000047410,TPR,"translocated promoter region, nuclear basket protein",-1.365711108,7.301846061,-12.64541663,6.64E-05,0.001868368,1.941011605
101927954,NA,LOC101927954,uncharacterized LOC101927954,-3.217136933,-3.610150168,-12.42330296,6.66E-05,0.001870399,2.233074057
2962,ENSG00000125651,GTF2F1,general transcription factor IIF subunit 1,0.699115706,6.405129274,12.63723369,6.66E-05,0.001870399,1.965828043
6431,ENSG00000124193,SRSF6,serine and arginine rich splicing factor 6,-0.820219005,6.830593998,-12.62214781,6.70E-05,0.001877065,1.941639853
26091,ENSG00000148634,HERC4,HECT and RLD domain containing E3 ubiquitin protein ligase 4,-0.550952215,6.849479109,-12.52365096,6.70E-05,0.001877065,1.927204526
140885,ENSG00000198053,SIRPA,signal regulatory protein alpha,1.051689202,5.225399002,12.61985452,6.70E-05,0.001877065,2.042256025
23646,ENSG00000105223,PLD3,phospholipase D family member 3,1.350833433,7.441961181,12.61303552,6.72E-05,0.001880023,1.922712459
1967,ENSG00000111361,EIF2B1,eukaryotic translation initiation factor 2B subunit alpha,-0.671196525,5.330455771,-12.6052818,6.74E-05,0.001883652,2.022053901
25793,ENSG00000100225,FBXO7,F-box protein 7,-0.670409104,5.515150937,-12.59806002,6.76E-05,0.001886916,2.004125743
54874,ENSG00000137942,FNBP1L,formin binding protein 1 like,-1.121796768,6.061742337,-12.58752365,6.79E-05,0.001892549,1.966053936
10512,ENSG00000075223,SEMA3C,semaphorin 3C,-0.780555988,5.428431852,-12.57328487,6.82E-05,0.001900855,2.001078504
92359,ENSG00000130545,CRB3,crumbs cell polarity complex component 3,0.929249233,4.680007904,12.56704581,6.84E-05,0.001901238,2.072342511
170959,ENSG00000196705,ZNF431,zinc finger protein 431,-2.459923832,1.897121755,-12.56319011,6.85E-05,0.001901238,2.542570529
283987,ENSG00000167861,HID1,HID1 domain containing,0.474818744,5.86327261,12.10473067,6.85E-05,0.001901238,1.907108782
1386,ENSG00000115966,ATF2,activating transcription factor 2,-1.26755725,5.525934142,-12.56071967,6.85E-05,0.001901238,1.994138206
25836,ENSG00000164190,NIPBL,NIPBL cohesin loading factor,-1.533667878,6.670951284,-12.55976423,6.86E-05,0.001901238,1.927683658
201651,ENSG00000291076,AADACP1,arylacetamide deacetylase pseudogene 1,-1.78463549,1.968035759,-12.5478156,6.89E-05,0.001903504,2.504922611
5908,ENSG00000127314,RAP1B,"RAP1B, member of RAS oncogene family",-0.752611265,5.837280906,-12.5453715,6.89E-05,0.001903504,1.958401644
5338,ENSG00000129219,PLD2,phospholipase D2,0.776338843,5.725221374,12.54482619,6.90E-05,0.001903504,1.96584129
9550,ENSG00000136888,ATP6V1G1,ATPase H+ transporting V1 subunit G1,0.965282329,6.530160616,12.54421782,6.90E-05,0.001903504,1.920680187
2643,ENSG00000131979,GCH1,GTP cyclohydrolase 1,0.782137569,4.08651969,12.54141548,6.90E-05,0.001903504,2.134623073
79850,ENSG00000167695,TLCD3A,TLC domain containing 3A,0.774950493,3.866012317,12.5055323,6.92E-05,0.001903504,2.161161265
91975,ENSG00000145908,ZNF300,zinc finger protein 300,-2.003400102,3.067774836,-12.53531261,6.92E-05,0.001903504,2.340812397
7089,ENSG00000065717,TLE2,"TLE family member 2, transcriptional corepressor",1.38339918,5.222181282,12.53312966,6.93E-05,0.001903504,2.010383353
6566,ENSG00000155380,SLC16A1,solute carrier family 16 member 1,0.23519347,6.994859,11.79205311,6.93E-05,0.001903504,1.801197631
123920,ENSG00000140931,CMTM3,CKLF like MARVEL transmembrane domain containing 3,0.808166725,4.698978662,12.53086815,6.93E-05,0.001903504,2.052205705
8828,ENSG00000118257,NRP2,neuropilin 2,-1.933053623,3.361018232,-12.50169185,7.01E-05,0.00191327,2.273878589
5922,ENSG00000155903,RASA2,RAS p21 protein activator 2,-1.369483539,4.548578192,-12.49984505,7.01E-05,0.00191327,2.0702162
84520,ENSG00000170270,GON7,GON7 subunit of KEOPS complex,1.596945183,-4.430622191,11.75519442,7.04E-05,0.00191327,2.124083343
924,ENSG00000173762,CD7,CD7 molecule,1.596945183,-4.430622191,11.75519442,7.04E-05,0.00191327,2.124083343
653269,ENSG00000196834,POTEI,POTE ankyrin domain family member I,1.596945183,-4.430622191,11.75519442,7.04E-05,0.00191327,2.124083343
115795,ENSG00000163705,FANCD2OS,FANCD2 opposite strand,1.596945183,-4.430622191,11.75519442,7.04E-05,0.00191327,2.124083343
105374314,NA,NA,NA,1.596945183,-4.430622191,11.75519442,7.04E-05,0.00191327,2.124083343
100616285,ENSG00000266750,MIR4645,microRNA 4645,1.596945183,-4.430622191,11.75519442,7.04E-05,0.00191327,2.124083343
50854,ENSG00000204387,SNHG32,small nucleolar RNA host gene 32,1.596945183,-4.430622191,11.75519442,7.04E-05,0.00191327,2.124083343
5304,ENSG00000159763,PIP,prolactin induced protein,1.596945183,-4.430622191,11.75519442,7.04E-05,0.00191327,2.124083343
3786,ENSG00000184156,KCNQ3,potassium voltage-gated channel subfamily Q member 3,-5.477648199,-1.413887624,-12.48939422,7.04E-05,0.00191327,2.425856484
710,ENSG00000149131,SERPING1,serpin family G member 1,3.521777696,1.51195394,12.48437821,7.05E-05,0.001914777,2.569464312
79650,ENSG00000103005,USB1,U6 snRNA biogenesis phosphodiesterase 1,0.507384324,7.197077817,12.28415172,7.06E-05,0.001914777,1.842043705
64207,ENSG00000119669,IRF2BPL,interferon regulatory factor 2 binding protein like,0.939697276,7.843284206,12.47584256,7.08E-05,0.001917625,1.851702752
823,ENSG00000014216,CAPN1,calpain 1,0.925722878,8.959626748,12.4685919,7.10E-05,0.001921077,1.836687294
3300,ENSG00000135924,DNAJB2,DnaJ heat shock protein family (Hsp40) member B2,1.44878568,5.776869082,12.45123439,7.14E-05,0.001930369,1.928381457
2535,ENSG00000180340,FZD2,frizzled class receptor 2,0.92178054,5.374749337,12.45088197,7.14E-05,0.001930369,1.95253568
5926,ENSG00000032219,ARID4A,AT-rich interaction domain 4A,-1.170867423,4.516989986,-12.44554885,7.16E-05,0.001931179,2.044482289
27113,ENSG00000105327,BBC3,BCL2 binding component 3,2.020438582,4.874730115,12.4433242,7.17E-05,0.001931179,2.026407174
51280,ENSG00000135052,GOLM1,golgi membrane protein 1,0.590926416,6.757110538,12.44228498,7.17E-05,0.001931179,1.862842075
147645,ENSG00000186806,VSIG10L,V-set and immunoglobulin domain containing 10 like,-1.272515938,6.685496608,-12.43794656,7.18E-05,0.001932537,1.869678086
169270,ENSG00000172748,ZNF596,zinc finger protein 596,-1.874490399,1.166195561,-12.43180695,7.20E-05,0.001935225,2.540669594
23036,ENSG00000188994,ZNF292,zinc finger protein 292,-1.941481864,5.755717499,-12.42727235,7.21E-05,0.001935502,1.929475964
55892,ENSG00000085274,MYNN,myoneurin,-0.643172966,4.736836231,-12.33209091,7.22E-05,0.001935502,1.987793123
8204,ENSG00000180530,NRIP1,nuclear receptor interacting protein 1,-1.398068191,6.16900837,-12.42398346,7.22E-05,0.001935502,1.890296058
221981,ENSG00000005108,THSD7A,thrombospondin type 1 domain containing 7A,-2.755080159,0.395556715,-12.41674269,7.24E-05,0.001935911,2.555076078
9121,ENSG00000170190,SLC16A5,solute carrier family 16 member 5,-0.95617873,6.271778728,-12.4160801,7.24E-05,0.001935911,1.876395763
55824,ENSG00000076641,PAG1,phosphoprotein membrane anchor with glycosphingolipid microdomains 1,-4.185261268,-1.041798666,-12.41600728,7.24E-05,0.001935911,2.460422977
78991,ENSG00000145882,PCYOX1L,prenylcysteine oxidase 1 like,1.197918354,3.774995801,12.4074638,7.26E-05,0.001940402,2.132888292
6911,ENSG00000149922,TBX6,T-box transcription factor 6,0.833011291,4.400234294,12.40213489,7.28E-05,0.001941596,2.031726604
23590,ENSG00000148459,PDSS1,decaprenyl diphosphate synthase subunit 1,-1.32822132,2.422679913,-12.40092563,7.28E-05,0.001941596,2.360997958
57655,ENSG00000089351,GRAMD1A,GRAM domain containing 1A,0.733441909,6.700365689,12.39424934,7.30E-05,0.001944725,1.844445825
55732,ENSG00000000460,FIRRM,FIGNL1 interacting regulator of recombination and mitosis,-1.041325549,3.546098452,-12.3797522,7.34E-05,0.001950505,2.153326066
653567,ENSG00000148483,TMEM236,transmembrane protein 236,-2.244797849,0.993519434,-12.37974105,7.34E-05,0.001950505,2.534413226
79567,ENSG00000039523,RIPOR1,RHO family interacting cell polarization regulator 1,1.037822733,6.418516884,12.37912862,7.34E-05,0.001950505,1.852819249
285848,ENSG00000180316,PNPLA1,patatin like phospholipase domain containing 1,-1.155237827,2.473817487,-12.37275024,7.36E-05,0.001951949,2.335573261
8491,ENSG00000011566,MAP4K3,mitogen-activated protein kinase kinase kinase kinase 3,-1.018003266,4.78207513,-12.37230598,7.36E-05,0.001951949,1.976718495
57082,ENSG00000137812,KNL1,kinetochore scaffold 1,-1.695655369,3.633621331,-12.36834739,7.37E-05,0.001952923,2.158651471
2817,ENSG00000063660,GPC1,glypican 1,0.988690951,6.533216259,12.36406376,7.39E-05,0.001952923,1.840145823
80011,ENSG00000172775,PSME3IP1,proteasome activator subunit 3 interacting protein 1,-0.238046102,6.98159182,-11.63946695,7.39E-05,0.001952923,1.726452411
54480,ENSG00000033100,CHPF2,chondroitin polymerizing factor 2,0.615196644,6.500164059,12.35384528,7.41E-05,0.001956793,1.834323139
23764,ENSG00000185022,MAFF,MAF bZIP transcription factor F,0.923886225,6.425245899,12.35272233,7.42E-05,0.001956793,1.839638029
79694,ENSG00000172469,MANEA,mannosidase endo-alpha,-1.272069075,3.547658007,-12.35123858,7.42E-05,0.001956793,2.147802149
57577,ENSG00000163617,CCDC191,coiled-coil domain containing 191,-1.848408267,4.403578244,-12.34832898,7.43E-05,0.001957159,2.03921485
64844,ENSG00000136536,MARCHF7,membrane associated ring-CH-type finger 7,-1.1149323,5.700033429,-12.33902929,7.46E-05,0.001962146,1.879303391
3364,ENSG00000136273,HUS1,HUS1 checkpoint clamp component,-0.559962419,4.155343465,-11.86549114,7.47E-05,0.001962146,1.974212924
89781,ENSG00000100099,HPS4,HPS4 biogenesis of lysosomal organelles complex 3 subunit 2,-1.029583338,4.401537771,-12.33444472,7.47E-05,0.001962146,2.006246221
55681,ENSG00000136021,SCYL2,SCY1 like pseudokinase 2,-1.298724967,5.963691437,-12.32688293,7.49E-05,0.001964358,1.857831366
2135,ENSG00000162694,EXTL2,exostosin like glycosyltransferase 2,-0.972732857,4.259212523,-12.32669235,7.49E-05,0.001964358,2.020385891
56890,ENSG00000111554,MDM1,Mdm1 nuclear protein,-1.551896944,3.040946969,-12.31986436,7.51E-05,0.001966802,2.231309784
7762,ENSG00000149054,ZNF215,zinc finger protein 215,-1.42206774,1.627275568,-12.31732656,7.52E-05,0.001966802,2.442215007
83638,ENSG00000175573,C11orf68,chromosome 11 open reading frame 68,1.249832453,5.716699645,12.31625068,7.52E-05,0.001966802,1.869259498
47,ENSG00000131473,ACLY,ATP citrate lyase,0.987619027,7.922754064,12.30715843,7.55E-05,0.001971871,1.774682428
84171,ENSG00000138131,LOXL4,lysyl oxidase like 4,1.556929408,1.879222604,12.30158139,7.56E-05,0.001974288,2.4064008
56992,ENSG00000163808,KIF15,kinesin family member 15,-1.657409626,3.958311654,-12.28066163,7.63E-05,0.001988423,2.066001158
9545,ENSG00000105514,RAB3D,"RAB3D, member RAS oncogene family",0.388560175,6.721829021,11.60070994,7.65E-05,0.001993709,1.700616221
6612,ENSG00000184900,SUMO3,small ubiquitin like modifier 3,0.809519851,7.230052866,12.26003323,7.69E-05,0.002000626,1.766356314
6810,ENSG00000103496,STX4,syntaxin 4,1.136580347,5.262192419,12.25759789,7.69E-05,0.002000673,1.878730907
113444,ENSG00000163866,SMIM12,small integral membrane protein 12,0.71416865,4.620801667,12.243585,7.74E-05,0.002009688,1.931451316
80023,ENSG00000125841,NRSN2,neurensin 2,1.135192986,4.260359477,12.23645731,7.76E-05,0.002013152,1.983330856
55703,ENSG00000013503,POLR3B,RNA polymerase III subunit B,-0.579703631,4.314272414,-11.89186015,7.76E-05,0.002013152,1.922329997
10278,ENSG00000100842,EFS,embryonal Fyn-associated substrate,1.994706068,1.762071955,12.2320376,7.77E-05,0.002013152,2.405366447
55277,ENSG00000172456,FGGY,FGGY carbohydrate kinase domain containing,0.689809091,3.226808239,11.81556422,7.80E-05,0.002018555,2.081296204
8420,ENSG00000242125,SNHG3,small nucleolar RNA host gene 3,-0.767468258,5.565415777,-12.21191288,7.83E-05,0.002025196,1.828210407
7707,ENSG00000163848,ZNF148,zinc finger protein 148,-0.942352582,5.919188688,-12.19543243,7.88E-05,0.002035761,1.7971579
64318,ENSG00000173145,NOC3L,NOC3 like DNA replication regulator,-0.910397155,4.813122743,-12.19379205,7.89E-05,0.002035761,1.890768828
55779,ENSG00000206530,CFAP44,cilia and flagella associated protein 44,-3.434407053,3.327558455,-12.18234268,7.92E-05,0.002042967,2.231523942
9681,ENSG00000100150,DEPDC5,"DEP domain containing 5, GATOR1 subcomplex subunit",-1.590529843,2.721938667,-12.1769278,7.94E-05,0.002043807,2.224326501
406991,ENSG00000284190,MIR21,microRNA 21,-4.857853657,-2.261357311,-12.17660943,7.94E-05,0.002043807,2.247186295
3373,ENSG00000114378,HYAL1,hyaluronidase 1,1.036306128,1.897356281,11.8751348,7.96E-05,0.002046113,2.307039213
5324,ENSG00000181690,PLAG1,PLAG1 zinc finger,-2.722344363,2.623276668,-12.16695367,7.97E-05,0.002047702,2.292207774
9924,ENSG00000135473,PAN2,poly(A) specific ribonuclease subunit PAN2,-1.676824013,4.604251965,-12.16424906,7.98E-05,0.002047702,1.923017862
56261,ENSG00000125772,GPCPD1,glycerophosphocholine phosphodiesterase 1,-1.098463537,6.103018981,-12.15909361,7.99E-05,0.002047702,1.7706873
5290,ENSG00000121879,PIK3CA,"phosphatidylinositol-4,5-bisphosphate 3-kinase catalytic subunit alpha",-0.93391774,5.322455307,-12.15775339,8.00E-05,0.002047702,1.825307553
347734,ENSG00000157593,SLC35B2,solute carrier family 35 member B2,0.720408453,6.775342624,12.14933592,8.02E-05,0.002047702,1.730083156
65264,ENSG00000159202,UBE2Z,ubiquitin conjugating enzyme E2 Z,0.576319908,7.305457728,12.14526757,8.04E-05,0.002047702,1.711019637
340719,ENSG00000188613,NANOS1,nanos C2HC-type zinc finger 1,1.282769155,4.351671964,12.13481298,8.07E-05,0.002047702,1.929076814
84436,ENSG00000167555,ZNF528,zinc finger protein 528,-1.886136366,3.327206256,-12.13299136,8.08E-05,0.002047702,2.115070646
11116,ENSG00000213066,CEP43,centrosomal protein 43,-0.980113767,4.675260083,-12.12812136,8.09E-05,0.002047702,1.877877977
5127,ENSG00000102225,CDK16,cyclin dependent kinase 16,0.725239815,6.50376516,12.12642169,8.10E-05,0.002047702,1.731399273
79682,ENSG00000151725,CENPU,centromere protein U,-1.521150395,3.65204341,-12.12583102,8.10E-05,0.002047702,2.039354325
286148,ENSG00000156162,DPY19L4,dpy-19 like 4,-1.092006181,5.907433614,-12.12156205,8.11E-05,0.002047702,1.765635732
1047,ENSG00000153132,CLGN,calmegin,-3.932110709,1.095685017,-12.11591132,8.13E-05,0.002047702,2.443013331
2701,ENSG00000187513,GJA4,gap junction protein alpha 4,-1.570467764,-4.430622191,-11.41474986,8.13E-05,0.002047702,2.023833633
105378577,NA,LOC105378577,uncharacterized LOC105378577,-1.570467764,-4.430622191,-11.41474986,8.13E-05,0.002047702,2.023833633
692106,ENSG00000277512,SNORD65,"small nucleolar RNA, C/D box 65",-1.570467764,-4.430622191,-11.41474986,8.13E-05,0.002047702,2.023833633
692204,ENSG00000220988,SNORD88C,"small nucleolar RNA, C/D box 88C",-1.570467764,-4.430622191,-11.41474986,8.13E-05,0.002047702,2.023833633
8807,ENSG00000115607,IL18RAP,interleukin 18 receptor accessory protein,-1.570467764,-4.430622191,-11.41474986,8.13E-05,0.002047702,2.023833633
100126296,ENSG00000216031,MIR298,microRNA 298,-1.570467764,-4.430622191,-11.41474986,8.13E-05,0.002047702,2.023833633
10744,ENSG00000250254,PTTG2,pituitary tumor-transforming 2,-1.570467764,-4.430622191,-11.41474986,8.13E-05,0.002047702,2.023833633
102465861,ENSG00000276580,MIR8055,microRNA 8055,-1.570467764,-4.430622191,-11.41474986,8.13E-05,0.002047702,2.023833633
101243555,ENSG00000281128,PTENP1-AS,PTENP1 antisense RNA,-1.570467764,-4.430622191,-11.41474986,8.13E-05,0.002047702,2.023833633
158833,ENSG00000204195,AWAT1,acyl-CoA wax alcohol acyltransferase 1,-1.570467764,-4.430622191,-11.41474986,8.13E-05,0.002047702,2.023833633
26112,ENSG00000198624,CCDC69,coiled-coil domain containing 69,1.214821022,1.638198266,11.96407666,8.13E-05,0.002047702,2.336594238
29943,ENSG00000142623,PADI1,peptidyl arginine deiminase 1,-2.053013743,1.590404222,-12.09956339,8.18E-05,0.002056044,2.371513874
3161,ENSG00000072571,HMMR,hyaluronan mediated motility receptor,-1.248857813,5.377059827,-12.09685131,8.19E-05,0.002056044,1.797520653
100506930,ENSG00000232677,LINC00665,long intergenic non-protein coding RNA 665,-1.901100342,2.41627353,-12.09507069,8.20E-05,0.002056044,2.252050453
117178,ENSG00000117155,SSX2IP,SSX family member 2 interacting protein,-0.685325524,4.163104512,-12.01278371,8.20E-05,0.002056044,1.913036123
29993,ENSG00000124507,PACSIN1,protein kinase C and casein kinase substrate in neurons 1,0.759718139,4.973322917,12.08825646,8.22E-05,0.002059389,1.823183742
10120,ENSG00000115073,ACTR1B,actin related protein 1B,0.843659021,6.48961194,12.08139362,8.24E-05,0.002060217,1.712192784
51201,ENSG00000104219,ZDHHC2,zinc finger DHHC-type palmitoyltransferase 2,-0.627887329,4.03931364,-11.82137683,8.25E-05,0.002060217,1.900729832
631,ENSG00000125864,BFSP1,beaded filament structural protein 1,1.030261338,3.406444709,12.07548892,8.26E-05,0.002060217,2.039590719
2002,ENSG00000126767,ELK1,ETS transcription factor ELK1,0.884792234,4.565874757,12.0742358,8.26E-05,0.002060217,1.864015932
100101490,ENSG00000101898,MCTS2,MCTS family member 2,2.117439853,3.229859793,12.07422321,8.26E-05,0.002060217,2.115571721
101927789,NA,FAUP4,FAU pseudogene 4,-0.633022451,3.208480421,-11.53813144,8.26E-05,0.002060217,2.000823198
57222,ENSG00000113719,ERGIC1,endoplasmic reticulum-golgi intermediate compartment 1,0.654361896,7.938584733,12.06619694,8.29E-05,0.002064491,1.663422792
1969,ENSG00000142627,EPHA2,EPH receptor A2,1.023932362,7.451860964,12.05738971,8.32E-05,0.002069812,1.669161335
3728,ENSG00000173801,JUP,junction plakoglobin,0.835241283,8.293681916,12.05176184,8.34E-05,0.002072568,1.652745558
100127888,ENSG00000232803,SLCO4A1-AS1,SLCO4A1 antisense RNA 1,-1.734289103,-0.05865976,-11.73207303,8.36E-05,0.002074308,2.397621178
8991,ENSG00000143416,SELENBP1,selenium binding protein 1,-5.844087982,-1.771061091,-12.04516186,8.36E-05,0.002074308,2.245934264
80331,ENSG00000101152,DNAJC5,DnaJ heat shock protein family (Hsp40) member C5,0.584142827,7.935257945,12.038481,8.38E-05,0.002077238,1.650529969
80381,ENSG00000103855,CD276,CD276 molecule,0.711156596,6.121042122,12.03711523,8.38E-05,0.002077238,1.710262413
55207,ENSG00000134108,ARL8B,ADP ribosylation factor like GTPase 8B,-0.46887571,7.330114136,-11.77756417,8.42E-05,0.002083924,1.623545509
57677,ENSG00000142065,ZFP14,ZFP14 zinc finger protein,-1.873616969,2.9280092,-12.01905247,8.44E-05,0.002088387,2.132242517
4739,ENSG00000111859,NEDD9,"neural precursor cell expressed, developmentally down-regulated 9",1.271455421,6.682615861,12.00385046,8.49E-05,0.002098099,1.671623998
4938,ENSG00000089127,OAS1,2'-5'-oligoadenylate synthetase 1,-0.911328823,2.45325332,-11.77566278,8.50E-05,0.002098099,2.146199045
256979,ENSG00000164744,SUN3,Sad1 and UNC84 domain containing 3,1.790891924,1.75706194,12.00000261,8.51E-05,0.002098614,2.301126646
7174,ENSG00000134900,TPP2,tripeptidyl peptidase 2,-1.160329402,5.512798819,-11.98988055,8.54E-05,0.002105058,1.735286087
715,ENSG00000159403,C1R,complement C1r,1.248983406,5.161187202,11.98781385,8.55E-05,0.002105058,1.766786061
571,ENSG00000156273,BACH1,BTB domain and CNC homolog 1,-0.801759111,6.336985432,-11.98390408,8.56E-05,0.002106477,1.674569315
64848,ENSG00000047188,YTHDC2,YTH N6-methyladenosine RNA binding protein C2,-0.95928792,5.087323409,-11.9780625,8.58E-05,0.002108161,1.764647833
338376,ENSG00000184995,IFNE,interferon epsilon,-4.316670027,-0.654995363,-11.97714342,8.58E-05,0.002108161,2.339185826
206412,ENSG00000203872,C6orf163,chromosome 6 open reading frame 163,-3.294043313,-0.270245344,-11.97395195,8.59E-05,0.002108161,2.368045183
55156,ENSG00000104442,ARMC1,armadillo repeat containing 1,-0.901196566,4.990356333,-11.97294064,8.60E-05,0.002108161,1.770893946
2224,ENSG00000160752,FDPS,farnesyl diphosphate synthase,1.040842875,7.433609777,11.9709183,8.60E-05,0.002108161,1.629569379
57567,ENSG00000166188,ZNF319,zinc finger protein 319,0.848064759,5.049948897,11.96784024,8.62E-05,0.002108904,1.761447076
146429,ENSG00000259803,SLC22A31,solute carrier family 22 member 31,1.969053917,4.874111511,11.96301134,8.63E-05,0.002110756,1.807027575
78992,ENSG00000130733,YIPF2,Yip1 domain family member 2,1.435176538,6.218786265,11.96064262,8.64E-05,0.002110756,1.676124297
6279,ENSG00000143546,S100A8,S100 calcium binding protein A8,2.492595097,5.31046955,11.95907629,8.65E-05,0.002110756,1.773951239
8106,ENSG00000100836,PABPN1,poly(A) binding protein nuclear 1,1.993078226,3.174676902,11.94916175,8.68E-05,0.002117222,2.062088412
153443,ENSG00000151304,SRFBP1,serum response factor binding protein 1,-0.85792293,3.412230066,-11.94585229,8.69E-05,0.002118175,1.976024968
1639,ENSG00000204843,DCTN1,dynactin subunit 1,0.660516941,7.184468354,11.94251971,8.70E-05,0.002119149,1.620621102
9261,ENSG00000162889,MAPKAPK2,MAPK activated protein kinase 2,0.763218537,6.90904089,11.93312725,8.73E-05,0.002125217,1.625370379
1307,ENSG00000084636,COL16A1,collagen type XVI alpha 1 chain,1.6155861,4.363197811,11.92763154,8.75E-05,0.002125791,1.843923049
3914,ENSG00000196878,LAMB3,laminin subunit beta 3,1.17748703,7.926880889,11.92476621,8.76E-05,0.002125791,1.599167709
8337,ENSG00000288825,H2AC18,H2A clustered histone 18,2.783281349,-3.839902105,11.54873756,8.77E-05,0.002125791,2.022356254
474383,ENSG00000288709,F8A2,coagulation factor VIII associated 2,2.783281349,-3.839902105,11.54873756,8.77E-05,0.002125791,2.022356254
29924,ENSG00000063245,EPN1,epsin 1,1.136861051,8.777842402,11.91653281,8.79E-05,0.002130078,1.585627405
4091,ENSG00000137834,SMAD6,SMAD family member 6,-1.197025576,2.375613504,-11.9144133,8.80E-05,0.002130078,2.152407638
9481,ENSG00000153291,SLC25A27,solute carrier family 25 member 27,-2.465421286,1.898387474,-11.89954698,8.85E-05,0.002138532,2.264477266
7424,ENSG00000150630,VEGFC,vascular endothelial growth factor C,-0.96300668,3.202703515,-11.89809719,8.86E-05,0.002138532,1.993287151
22880,ENSG00000133422,MORC2,MORC family CW-type zinc finger 2,-0.704110865,5.435003245,-11.89798876,8.86E-05,0.002138532,1.693270579
4055,ENSG00000111321,LTBR,lymphotoxin beta receptor,0.741890665,7.467403009,11.88943006,8.89E-05,0.002140536,1.589361433
57456,ENSG00000163807,KIAA1143,KIAA1143,-0.722653029,5.50981656,-11.88812368,8.89E-05,0.002140536,1.682860236
29969,ENSG00000135272,MDFIC,MyoD family inhibitor domain containing,-0.906917951,4.804123076,-11.88768257,8.89E-05,0.002140536,1.75104547
83439,ENSG00000152284,TCF7L1,transcription factor 7 like 1,0.862484483,3.580859996,11.88708008,8.90E-05,0.002140536,1.92030535
54793,ENSG00000104756,KCTD9,potassium channel tetramerization domain containing 9,-0.50438807,5.284681183,-11.5784769,8.91E-05,0.002141461,1.658128051
2050,ENSG00000196411,EPHB4,EPH receptor B4,0.51440756,7.103856822,11.77645626,8.99E-05,0.002158345,1.572950859
7286,ENSG00000143367,TUFT1,tuftelin 1,0.589172975,6.140706621,11.85986281,8.99E-05,0.002158345,1.62593689
51135,ENSG00000198001,IRAK4,interleukin 1 receptor associated kinase 4,-0.925297383,4.222067077,-11.85544583,9.01E-05,0.002160318,1.80978269
80162,ENSG00000142102,PGGHG,protein-glucosylgalactosylhydroxylysine glucosidase,-1.13681204,5.733409406,-11.84197958,9.06E-05,0.002170109,1.648720595
26071,ENSG00000203950,RTL8A,retrotransposon Gag like 8A,1.173367024,6.346000688,11.83432867,9.08E-05,0.002174906,1.607279297
83855,ENSG00000129911,KLF16,KLF transcription factor 16,1.522103567,5.685788616,11.82406269,9.12E-05,0.002181996,1.649424644
7168,ENSG00000140416,TPM1,tropomyosin 1,0.62938513,5.627680683,11.8153116,9.15E-05,0.002184864,1.638861141
2101,ENSG00000173153,ESRRA,estrogen related receptor alpha,1.086252612,6.886075972,11.81297653,9.16E-05,0.002184864,1.572347414
344387,ENSG00000205111,CDKL4,cyclin dependent kinase like 4,-3.470214859,-3.485217967,-11.81248678,9.16E-05,0.002184864,2.009551311
4070,ENSG00000184292,TACSTD2,tumor associated calcium signal transducer 2,1.694123185,8.966367791,11.81189044,9.17E-05,0.002184864,1.535779718
6280,ENSG00000163220,S100A9,S100 calcium binding protein A9,2.058718171,9.377578054,11.81025276,9.17E-05,0.002184864,1.533048379
10951,ENSG00000108468,CBX1,chromobox 1,0.622948565,6.657059522,11.801425,9.20E-05,0.002190752,1.572573255
4884,ENSG00000171246,NPTX1,neuronal pentraxin 1,-1.435567539,4.961991672,-11.79501973,9.23E-05,0.002194193,1.702390229
1292,ENSG00000142173,COL6A2,collagen type VI alpha 2 chain,2.051461503,4.927086021,11.79109874,9.24E-05,0.002194193,1.723615251
10892,ENSG00000172175,MALT1,MALT1 paracaspase,-0.956646607,4.127618058,-11.78996993,9.25E-05,0.002194193,1.793378155
83595,ENSG00000171056,SOX7,SRY-box transcription factor 7,-1.669214035,2.231369049,-11.78913886,9.25E-05,0.002194193,2.136746776
10690,ENSG00000172461,FUT9,fucosyltransferase 9,-2.734208331,3.848946878,-11.78581394,9.26E-05,0.002195282,1.917710552
9220,NA,NA,NA,-4.487134348,-2.977295663,-11.77334406,9.31E-05,0.002204439,2.055426772
8614,ENSG00000113739,STC2,stanniocalcin 2,0.837865772,8.777410093,11.7712003,9.32E-05,0.002204496,1.516934602
401320,NA,GARS1-DT,GARS1 divergent transcript,-1.686648323,2.401735942,-11.76907347,9.32E-05,0.00220454,2.101137242
466,ENSG00000123268,ATF1,activating transcription factor 1,-0.89230582,4.822401299,-11.76203735,9.35E-05,0.002207562,1.690005404
26100,ENSG00000157954,WIPI2,"WD repeat domain, phosphoinositide interacting 2",0.546625199,6.538527801,11.74783168,9.35E-05,0.002207562,1.556803824
9240,ENSG00000176903,PNMA1,PNMA family member 1,0.651676798,5.863294935,11.7503704,9.39E-05,0.002215615,1.591928714
161882,ENSG00000179588,ZFPM1,"zinc finger protein, FOG family member 1",1.383470654,4.409689614,11.74128615,9.43E-05,0.002219563,1.742637172
13,ENSG00000114771,AADAC,arylacetamide deacetylase,-1.423472277,3.301293782,-11.73826953,9.44E-05,0.002219563,1.918520191
79041,ENSG00000072954,TMEM38A,transmembrane protein 38A,1.103594486,4.068107939,11.73806931,9.44E-05,0.002219563,1.780894958
80198,ENSG00000172732,MUS81,MUS81 structure-specific endonuclease subunit,0.706874685,5.580043197,11.73768574,9.44E-05,0.002219563,1.606468933
10587,ENSG00000184470,TXNRD2,thioredoxin reductase 2,1.820191589,4.910975428,11.73481275,9.45E-05,0.002220291,1.690711205
55198,ENSG00000136044,APPL2,"adaptor protein, phosphotyrosine interacting with PH domain and leucine zipper 2",-1.444934295,4.992670802,-11.72731297,9.48E-05,0.002225159,1.667476732
64855,ENSG00000136830,NIBAN2,niban apoptosis regulator 2,1.086225631,9.099802255,11.72084539,9.51E-05,0.002229078,1.490844872
2039,ENSG00000158856,DMTN,dematin actin binding protein,1.048434467,5.303720908,11.71786281,9.52E-05,0.002229078,1.623854486
7533,ENSG00000128245,YWHAH,tyrosine 3-monooxygenase/tryptophan 5-monooxygenase activation protein eta,-0.679094808,5.485231408,-11.71679028,9.52E-05,0.002229078,1.603823554
9241,ENSG00000183691,NOG,noggin,2.201649563,2.909297123,11.70753247,9.56E-05,0.002235564,2.010228348
3693,ENSG00000082781,ITGB5,integrin subunit beta 5,0.697908465,8.692911478,11.70471069,9.57E-05,0.002236266,1.485967078
121643,ENSG00000139445,FOXN4,forkhead box N4,-1.647413179,1.382346125,-11.70103591,9.58E-05,0.002236399,2.21344924
55728,ENSG00000078177,N4BP2,NEDD4 binding protein 2,-1.67848967,4.598090791,-11.69958629,9.59E-05,0.002236399,1.709099484
64132,ENSG00000015532,XYLT2,xylosyltransferase 2,0.925859505,5.379258371,11.69844698,9.59E-05,0.002236399,1.606339033
6483,ENSG00000157350,ST3GAL2,"ST3 beta-galactoside alpha-2,3-sialyltransferase 2",0.775976362,4.468190954,11.69592822,9.60E-05,0.002236836,1.6984342
339344,ENSG00000176182,MYPOP,"Myb related transcription factor, partner of profilin",0.937769017,3.905634273,11.69338799,9.61E-05,0.002237294,1.780180458
4174,ENSG00000100297,MCM5,minichromosome maintenance complex component 5,-1.170845844,4.247735015,-11.67150325,9.70E-05,0.00225127,1.726402795
2549,ENSG00000109458,GAB1,GRB2 associated binding protein 1,-0.767905857,3.771618998,-11.67056458,9.70E-05,0.00225127,1.787131243
10626,ENSG00000221926,TRIM16,tripartite motif containing 16,0.48031199,7.573791213,11.52680634,9.70E-05,0.00225127,1.46382767
2138,ENSG00000104313,EYA1,EYA transcriptional coactivator and phosphatase 1,-2.690718172,-0.246819638,-11.66922637,9.71E-05,0.00225127,2.25779954
10464,ENSG00000083535,PIBF1,progesterone immunomodulatory binding factor 1,-1.374700193,3.149350847,-11.66784368,9.71E-05,0.00225127,1.910839175
23207,ENSG00000116786,PLEKHM2,pleckstrin homology and RUN domain containing M2,0.475106989,5.964181176,11.39195807,9.73E-05,0.002252562,1.507243006
2012,ENSG00000134531,EMP1,epithelial membrane protein 1,-0.498808715,6.042347295,-11.47608069,9.73E-05,0.002252562,1.513620773
9849,ENSG00000177853,ZNF518A,zinc finger protein 518A,-1.70594268,5.025095168,-11.65999382,9.74E-05,0.002252911,1.639567036
6404,ENSG00000110876,SELPLG,selectin P ligand,3.312149473,-0.159439187,11.65215004,9.77E-05,0.00225669,2.251433057
54854,ENSG00000105523,FAM83E,family with sequence similarity 83 member E,0.851713225,4.998864207,11.65183199,9.78E-05,0.00225669,1.618304431
113189,ENSG00000169105,CHST14,carbohydrate sulfotransferase 14,1.590646686,3.438609095,11.64424881,9.81E-05,0.002260854,1.856949583
29028,ENSG00000156802,ATAD2,ATPase family AAA domain containing 2,-0.882945248,5.981832708,-11.64326736,9.81E-05,0.002260854,1.535095302
93099,ENSG00000161249,DMKN,dermokine,1.362377376,6.559255473,11.6322842,9.85E-05,0.002269099,1.503198959
387893,ENSG00000183955,KMT5A,lysine methyltransferase 5A,-0.780204505,5.059022417,-11.6169227,9.91E-05,0.002281435,1.595080247
79170,ENSG00000167183,PRR15L,proline rich 15 like,-1.500210311,2.88380371,-11.61292774,9.93E-05,0.002282749,1.938187741
8678,ENSG00000126581,BECN1,beclin 1,0.485713129,5.070982749,11.25787905,9.94E-05,0.002282749,1.540968025
79751,ENSG00000177542,SLC25A22,solute carrier family 25 member 22,0.748039396,5.098917869,11.60606193,9.96E-05,0.002285964,1.585322396
79925,ENSG00000152582,SPEF2,sperm flagellar 2,-3.10563258,0.792286095,-11.60174523,9.98E-05,0.002288073,2.237334662
57579,ENSG00000082269,FAM135A,family with sequence similarity 135 member A,-1.139011894,3.870473503,-11.59853272,9.99E-05,0.002288073,1.747481685
8570,ENSG00000088247,KHSRP,KH-type splicing regulatory protein,0.6478419,7.724904237,11.59781819,9.99E-05,0.002288073,1.445971822
56834,ENSG00000173264,GPR137,G protein-coupled receptor 137,1.322256816,5.825182682,11.59585193,1.00E-04,0.002288073,1.527574827
9776,ENSG00000175224,ATG13,autophagy related 13,0.470509387,7.061919504,11.40629918,0.000100201,0.002289086,1.432215306
11073,ENSG00000163781,TOPBP1,DNA topoisomerase II binding protein 1,-1.505073013,5.34499557,-11.59045632,0.00010022,0.002289086,1.568471465
54476,ENSG00000011275,RNF216,ring finger protein 216,0.551091174,6.090211136,11.56924219,0.000100323,0.002289086,1.497355007
51056,ENSG00000002549,LAP3,leucine aminopeptidase 3,0.554915442,4.806509272,11.40016434,0.000100367,0.002289086,1.579202066
5768,ENSG00000116260,QSOX1,quiescin sulfhydryl oxidase 1,1.377843447,7.743265978,11.58364814,0.000100498,0.002290235,1.441636653
151963,ENSG00000180611,MB21D2,Mab-21 domain containing 2,1.085599071,3.938104939,11.5787015,0.0001007,0.002293012,1.724868965
94005,ENSG00000087111,PIGS,phosphatidylinositol glycan anchor biosynthesis class S,0.831425038,5.52473201,11.57244817,0.000100957,0.002297018,1.533229061
64847,ENSG00000006282,SPATA20,spermatogenesis associated 20,0.685116652,6.436758551,11.57036511,0.000101043,0.002297128,1.473199276
3177,ENSG00000174669,SLC29A2,solute carrier family 29 member 2,0.711474273,5.970971343,11.55870767,0.000101524,0.002306175,1.493967531
4051,ENSG00000186529,CYP4F3,cytochrome P450 family 4 subfamily F member 3,-1.44468332,3.86851086,-11.55520086,0.00010167,0.002306175,1.738151597
1894,ENSG00000114346,ECT2,epithelial cell transforming 2,-1.004906455,6.418664236,-11.55484207,0.000101685,0.002306175,1.469339918
8498,ENSG00000031823,RANBP3,RAN binding protein 3,0.57581371,5.325528885,11.51307131,0.00010178,0.002306489,1.532360546
4128,ENSG00000189221,MAOA,monoamine oxidase A,2.378457084,2.03345302,11.5499559,0.000101887,0.002307093,2.087442015
374920,ENSG00000185453,ZSWIM9,zinc finger SWIM-type containing 9,0.802042483,3.442251125,11.54705962,0.000102008,0.002307982,1.783768292
26049,ENSG00000198780,FAM169A,family with sequence similarity 169 member A,-1.148260886,3.182498092,-11.54349873,0.000102156,0.0023095,1.838673451
26056,ENSG00000135631,RAB11FIP5,RAB11 family interacting protein 5,1.157916339,6.092441811,11.54105655,0.000102258,0.002309966,1.481683475
58486,ENSG00000236287,ZBED5,zinc finger BED-type containing 5,-1.082158143,4.984683879,-11.53802659,0.000102385,0.002310989,1.569863986
781,ENSG00000153956,CACNA2D1,calcium voltage-gated channel auxiliary subunit alpha2delta 1,-5.155192456,-2.106376471,-11.53442277,0.000102536,0.002312323,2.058299864
51635,ENSG00000100612,DHRS7,dehydrogenase/reductase 7,1.094207813,5.736118333,11.53131316,0.000102666,0.002312323,1.500142097
113510,ENSG00000163312,HELQ,"helicase, POLQ like",-0.741700927,2.482476307,-11.07086834,0.000102688,0.002312323,1.893248541
3725,ENSG00000177606,JUN,"Jun proto-oncogene, AP-1 transcription factor subunit",0.826854163,6.526257207,11.52771692,0.000102817,0.002312609,1.449355241
6675,ENSG00000117143,UAP1,UDP-N-acetylglucosamine pyrophosphorylase 1,0.830105206,4.70483076,11.52559694,0.000102907,0.002312609,1.589500877
8562,ENSG00000139726,DENR,density regulated re-initiation and release factor,-0.835129722,6.56175604,-11.52337121,0.000103,0.002312609,1.445854487
2548,ENSG00000171298,GAA,alpha glucosidase,0.90905629,7.416530827,11.52190079,0.000103062,0.002312609,1.41634942
11228,ENSG00000123094,RASSF8,Ras association domain family member 8,-1.357811862,3.87116476,-11.52080907,0.000103108,0.002312609,1.718143297
1843,ENSG00000120129,DUSP1,dual specificity phosphatase 1,1.860424475,4.135856346,11.5144543,0.000103377,0.002316801,1.693128642
646643,ENSG00000187550,SBK2,SH3 domain binding kinase family member 2,0.732571603,7.585421882,11.50384311,0.000103827,0.002325056,1.403380125
55258,ENSG00000144115,THNSL2,threonine synthase like 2,0.386512121,5.729569603,10.89075548,0.000103961,0.002325202,1.396407921
23433,ENSG00000119729,RHOQ,ras homolog family member Q,-1.039440654,5.004269559,-11.49984408,0.000103997,0.002325202,1.548743337
3757,ENSG00000055118,KCNH2,potassium voltage-gated channel subfamily H member 2,0.884912673,3.224126812,11.49446387,0.000104227,0.002328503,1.79909352
7408,ENSG00000125753,VASP,vasodilator stimulated phosphoprotein,1.018040037,7.723230085,11.48712873,0.000104541,0.002332769,1.393788003
9493,ENSG00000137807,KIF23,kinesin family member 23,-1.181078058,5.208658424,-11.48616775,0.000104582,0.002332769,1.524655112
55343,ENSG00000181830,SLC35C1,solute carrier family 35 member C1,0.519024639,4.931819752,11.22909413,0.000104983,0.002339018,1.504300232
254359,ENSG00000174165,ZDHHC24,zinc finger DHHC-type containing 24,1.393489117,5.113523043,11.47582672,0.000105027,0.002339018,1.532932876
692086,ENSG00000212232,SNORD17,"small nucleolar RNA, C/D box 17",-1.132282555,1.321778688,-11.17795022,0.000105255,0.00233972,2.081177789
5833,ENSG00000185813,PCYT2,"phosphate cytidylyltransferase 2, ethanolamine",0.948482143,5.484148508,11.47010748,0.000105274,0.00233972,1.488624148
83549,ENSG00000130717,UCK1,uridine-cytidine kinase 1,0.514337355,4.710416568,11.16383999,0.000105359,0.00233972,1.51632971
55872,ENSG00000168078,PBK,PDZ binding kinase,-0.758058127,3.459109223,-11.41831957,0.000105388,0.00233972,1.73657442
3338,ENSG00000110011,DNAJC4,DnaJ heat shock protein family (Hsp40) member C4,1.200935782,5.814777262,11.45242962,0.000106042,0.002348347,1.457656078
92,ENSG00000121989,ACVR2A,activin A receptor type 2A,-0.577681545,2.667587307,-10.81338002,0.000106065,0.002348347,1.794928663
90135,ENSG00000184887,BTBD6,BTB domain containing 6,0.733882662,3.489781991,11.36791788,0.000106107,0.002348347,1.718048196
135293,ENSG00000146281,PM20D2,peptidase M20 domain containing 2,-0.764863046,5.228591095,-11.450929,0.000106108,0.002348347,1.499331106
25871,ENSG00000163608,NEPRO,nucleolus and neural progenitor protein,-0.671347384,6.064177273,-11.44875622,0.000106203,0.002348617,1.435013472
10419,ENSG00000100462,PRMT5,protein arginine methyltransferase 5,0.715733726,6.561242267,11.44228942,0.000106486,0.002350579,1.405545946
6768,ENSG00000149418,ST14,ST14 transmembrane serine protease matriptase,0.919396129,7.378282763,11.43981209,0.000106594,0.002350579,1.377525202
55901,ENSG00000136114,THSD1,thrombospondin type 1 domain containing 1,1.327445003,-1.201205421,10.80234849,0.000106597,0.002350579,2.110383202
116113,ENSG00000137166,FOXP4,forkhead box P4,0.826877192,6.49651922,11.43917377,0.000106622,0.002350579,1.40790112
9854,ENSG00000172375,C2CD2L,C2CD2 like,0.427127834,3.781420411,10.79647329,0.000106881,0.00235259,1.581887746
965,ENSG00000116815,CD58,CD58 molecule,-1.199244374,5.057796958,-11.43278827,0.000106903,0.00235259,1.514042925
150763,ENSG00000186281,GPAT2,"glycerol-3-phosphate acyltransferase 2, mitochondrial",0.348630538,4.057638985,10.79480422,0.000106962,0.00235259,1.536753248
5566,ENSG00000072062,PRKACA,protein kinase cAMP-activated catalytic subunit alpha,0.87507888,6.826531344,11.41821114,0.000107548,0.00236364,1.383745376
401207,ENSG00000164241,C5orf63,chromosome 5 open reading frame 63,-1.552921185,2.948981918,-11.4095413,0.000107933,0.002367049,1.833474809
22996,ENSG00000085831,TTC39A,tetratricopeptide repeat domain 39A,0.795737908,5.287645788,11.40904811,0.000107955,0.002367049,1.473786419
6560,ENSG00000124067,SLC12A4,solute carrier family 12 member 4,1.04072333,4.510217742,11.40778426,0.000108012,0.002367049,1.560858307
8514,ENSG00000069424,KCNAB2,potassium voltage-gated channel subfamily A regulatory beta subunit 2,1.341373485,4.573604102,11.40723181,0.000108036,0.002367049,1.560625614
10331,ENSG00000179913,B3GNT3,"UDP-GlcNAc:betaGal beta-1,3-N-acetylglucosaminyltransferase 3",0.552718138,6.854577797,11.40016452,0.000108352,0.002370468,1.371892383
26258,ENSG00000104164,BLOC1S6,biogenesis of lysosomal organelles complex 1 subunit 6,-0.644994507,4.973778202,-11.40000507,0.000108359,0.002370468,1.49750856
8867,ENSG00000159082,SYNJ1,synaptojanin 1,-2.048493325,3.733403354,-11.39127147,0.000108751,0.00237721,1.710783842
2054,ENSG00000111450,STX2,syntaxin 2,-1.182087068,3.290059998,-11.38642917,0.000108969,0.002380144,1.746194155
55748,ENSG00000133313,CNDP2,carnosine dipeptidase 2,0.619592394,6.709710527,11.3793924,0.000109287,0.00238525,1.367764409
84217,ENSG00000066185,ZMYND12,zinc finger MYND-type containing 12,0.900545514,1.339861817,10.75109981,0.000109531,0.002388745,1.996027756
79659,ENSG00000187240,DYNC2H1,dynein cytoplasmic 2 heavy chain 1,-1.468171704,3.965701589,-11.37038947,0.000109695,0.002390484,1.635351603
388886,ENSG00000178026,LRRC75B,leucine rich repeat containing 75B,1.983876219,3.821742171,11.36616742,0.000109887,0.002391776,1.678514394
9479,ENSG00000121653,MAPK8IP1,mitogen-activated protein kinase 8 interacting protein 1,1.05822961,4.829788424,11.36417424,0.000109978,0.002391776,1.501730102
6502,ENSG00000145604,SKP2,S-phase kinase associated protein 2,-0.939554699,5.367675913,-11.36171808,0.00011009,0.002391776,1.445995569
54014,ENSG00000185658,BRWD1,bromodomain and WD repeat domain containing 1,-1.42580727,6.292782147,-11.36168907,0.000110092,0.002391776,1.38681083
1642,ENSG00000167986,DDB1,damage specific DNA binding protein 1,0.457372763,8.187781902,11.1976539,0.000110434,0.002397379,1.29980041
22924,ENSG00000084764,MAPRE3,microtubule associated protein RP/EB family member 3,0.698737957,5.598863915,11.34143517,0.000111021,0.002404982,1.414471611
5034,ENSG00000185624,P4HB,prolyl 4-hydroxylase subunit beta,0.623790952,9.849613289,11.34117832,0.000111032,0.002404982,1.303021365
26060,ENSG00000157500,APPL1,"adaptor protein, phosphotyrosine interacting with PH domain and leucine zipper 1",-0.891241796,4.798435781,-11.34105252,0.000111038,0.002404982,1.491234663
114112,ENSG00000197763,TXNRD3,thioredoxin reductase 3,1.132252174,3.689646052,11.33282964,0.000111418,0.002411371,1.648615677
79983,ENSG00000124429,POF1B,POF1B actin binding protein,-2.75609349,-3.839902105,-11.04738864,0.000111639,0.002412649,1.841908823
7559,ENSG00000164631,ZNF12,zinc finger protein 12,-1.191873277,4.96337495,-11.32736384,0.000111672,0.002412649,1.472635023
340075,ENSG00000183876,ARSI,arylsulfatase family member I,1.312463382,3.708623163,11.32605984,0.000111732,0.002412649,1.648403173
219333,ENSG00000152484,USP12,ubiquitin specific peptidase 12,-0.644363845,5.467281207,-11.32036487,0.000111997,0.002416532,1.4141351
399473,ENSG00000188766,SPRED3,sprouty related EVH1 domain containing 3,1.173262676,3.121230031,11.31469192,0.000112262,0.002418573,1.740864348
6102,ENSG00000102218,RP2,RP2 activator of ARL3 GTPase,-0.66061577,4.384017546,-11.31468659,0.000112262,0.002418573,1.525024259
1455,ENSG00000133275,CSNK1G2,casein kinase 1 gamma 2,0.749225844,6.371867072,11.30616371,0.000112661,0.002425329,1.348560539
79137,ENSG00000144567,RETREG2,reticulophagy regulator family member 2,0.571403192,6.536183228,11.30186255,0.000112863,0.002427837,1.33719675
283571,ENSG00000119608,PROX2,prospero homeobox 2,-1.256971996,2.599456638,-11.29704841,0.00011309,0.002429695,1.831548596
22845,ENSG00000175283,DOLK,dolichol kinase,1.059906409,4.106705348,11.29487661,0.000113192,0.002429695,1.562640887
537,ENSG00000071553,ATP6AP1,ATPase H+ transporting accessory protein 1,1.249715173,7.922686435,11.29458,0.000113206,0.002429695,1.297187445
1416,ENSG00000291087,CRYBB2P1,crystallin beta B2 pseudogene 1,2.43962903,5.751179386,11.28579727,0.000113621,0.002436768,1.408022209
374393,ENSG00000189057,FAM111B,FAM111 trypsin like peptidase B,-1.388127571,2.213659514,-11.28191122,0.000113806,0.00243888,1.896836442
2967,ENSG00000111358,GTF2H3,general transcription factor IIH subunit 3,-0.696092774,5.898870005,-11.27398542,0.000114183,0.002444616,1.360223155
10992,ENSG00000087365,SF3B2,splicing factor 3b subunit 2,0.5518155,8.348395938,11.27090799,0.00011433,0.002444616,1.27879072
5831,ENSG00000183010,PYCR1,pyrroline-5-carboxylate reductase 1,1.144840826,7.11008141,11.26924211,0.000114409,0.002444616,1.302955881
84752,ENSG00000237172,B3GNT9,"UDP-GlcNAc:betaGal beta-1,3-N-acetylglucosaminyltransferase 9",1.139102419,3.412758898,11.26906429,0.000114418,0.002444616,1.665550427
649,ENSG00000168487,BMP1,bone morphogenetic protein 1,0.955623337,5.794136886,11.25949054,0.000114877,0.002452371,1.362120261
729359,ENSG00000167676,PLIN4,perilipin 4,-3.007339603,2.888125692,-11.25624101,0.000115033,0.002452371,1.854745227
51351,ENSG00000152926,ZNF117,zinc finger protein 117,-3.405649823,1.951473913,-11.25609154,0.00011504,0.002452371,2.012652839
60509,ENSG00000084693,AGBL5,AGBL carboxypeptidase 5,0.481429923,6.439929253,11.11442163,0.00011518,0.00245352,1.298226539
79155,ENSG00000168884,TNIP2,TNFAIP3 interacting protein 2,0.885727648,4.86380225,11.25136726,0.000115267,0.002453538,1.43956246
79777,ENSG00000181513,ACBD4,acyl-CoA binding domain containing 4,0.77033763,4.639340553,11.24619457,0.000115517,0.002457013,1.46074708
3654,ENSG00000184216,IRAK1,interleukin 1 receptor associated kinase 1,0.759063816,8.82912456,11.24310479,0.000115667,0.002457457,1.260873213
84294,ENSG00000147679,UTP23,UTP23 small subunit processome component,-0.937994289,3.994127371,-11.24187777,0.000115726,0.002457457,1.551210442
27201,ENSG00000155269,GPR78,G protein-coupled receptor 78,-2.083328659,4.268932999,-11.24040094,0.000115798,0.002457457,1.552752279
22883,ENSG00000171603,CLSTN1,calsyntenin 1,0.37771094,7.77566608,10.79238725,0.000116221,0.002464467,1.203666358
128434,ENSG00000132821,VSTM2L,V-set and transmembrane domain containing 2 like,1.737148097,4.363743809,11.22789148,0.000116406,0.002464467,1.515690962
27316,ENSG00000147274,RBMX,RNA binding motif protein X-linked,-0.642597777,7.712845714,-11.2267727,0.000116461,0.002464467,1.265276732
54816,ENSG00000137871,ZNF280D,zinc finger protein 280D,-1.276139535,3.929865601,-11.22634188,0.000116482,0.002464467,1.563816724
22974,ENSG00000088325,TPX2,TPX2 microtubule nucleation factor,-0.5851678,6.954905579,-11.22470104,0.000116562,0.002464467,1.282426335
246330,ENSG00000174516,PELI3,pellino E3 ubiquitin protein ligase family member 3,1.096944096,3.821254041,11.22243272,0.000116673,0.002464939,1.57254252
2810,ENSG00000175793,SFN,stratifin,2.058326148,7.224042169,11.21910674,0.000116836,0.002464939,1.284287452
10795,ENSG00000090612,ZNF268,zinc finger protein 268,-1.763854719,3.981465488,-11.21865219,0.000116858,0.002464939,1.57180826
2631,ENSG00000146729,NIPSNAP2,nipsnap homolog 2,-0.808373226,8.448798374,-11.21715349,0.000116932,0.002464939,1.251447063
101927905,ENSG00000215241,LINC02449,long intergenic non-protein coding RNA 2449,-2.299686886,0.269062677,-11.20883882,0.00011734,0.002471721,2.08036281
80326,ENSG00000135925,WNT10A,Wnt family member 10A,1.441716602,3.987832409,11.20569616,0.000117495,0.00247315,1.549740717
124359,ENSG00000166446,CDYL2,chromodomain Y like 2,-5.201834249,-1.558805657,-11.19303381,0.000118122,0.002484501,1.986935157
140461,ENSG00000177981,ASB8,ankyrin repeat and SOCS box containing 8,-0.766896999,4.399291227,-11.18849214,0.000118348,0.002487408,1.463128824
80153,ENSG00000179151,EDC3,enhancer of mRNA decapping 3,0.534896379,5.204563711,11.07074837,0.000118592,0.002490704,1.352416613
9603,ENSG00000050344,NFE2L3,NFE2 like bZIP transcription factor 3,-0.892963337,5.590018912,-11.18045891,0.000118749,0.002492139,1.337934906
9145,ENSG00000100321,SYNGR1,synaptogyrin 1,1.427245268,5.005000472,11.1760727,0.000118968,0.00249464,1.398880284
11260,ENSG00000184575,XPOT,exportin for tRNA,-1.042713089,7.819320689,-11.17449951,0.000119047,0.00249464,1.238794468
55578,ENSG00000102710,SUPT20H,"SPT20 homolog, SAGA complex component",-0.856862754,5.642702347,-11.17281488,0.000119131,0.00249464,1.329758685
125206,ENSG00000154025,SLC5A10,solute carrier family 5 member 10,1.53067066,3.3843065,11.1664359,0.000119452,0.002499508,1.635720409
6291,ENSG00000148965,SAA4,"serum amyloid A4, constitutive",-2.394727394,-0.025181144,-11.15103337,0.00012023,0.00251394,2.056891487
100506142,ENSG00000250116,RHOQ-AS1,RHOQ antisense RNA 1,-2.990028906,-0.639914787,-11.14252235,0.000120663,0.002521129,2.038686678
1490,ENSG00000118523,CCN2,cellular communication network factor 2,3.442753702,3.41835637,11.13813047,0.000120887,0.002523952,1.734275933
2319,ENSG00000132589,FLOT2,flotillin 2,1.075552002,6.482600841,11.1343618,0.000121079,0.002524691,1.260743309
220042,ENSG00000165490,DDIAS,DNA damage induced apoptosis suppressor,-1.201898933,2.461917071,-11.1339586,0.0001211,0.002524691,1.776944527
675,ENSG00000139618,BRCA2,BRCA2 DNA repair associated,-1.87425718,3.651143788,-11.131375,0.000121232,0.002525594,1.589649479
121536,ENSG00000139154,AEBP2,AE binding protein 2,-0.803293131,5.266153956,-11.12273915,0.000121675,0.002532972,1.335428613
580,ENSG00000138376,BARD1,BRCA1 associated RING domain 1,-0.820597775,3.715703019,-11.11951184,0.000121842,0.002533946,1.53249729
375748,ENSG00000182150,ERCC6L2,ERCC excision repair 6 like 2,-1.010288116,4.650586575,-11.11836682,0.000121901,0.002533946,1.401443285
9124,ENSG00000107438,PDLIM1,PDZ and LIM domain 1,1.073100435,7.759334577,11.11341486,0.000122156,0.002537403,1.209418033
7739,ENSG00000147394,ZNF185,zinc finger protein 185 with LIM domain,0.899700073,6.561859571,11.10682172,0.000122498,0.002542635,1.241641019
29894,ENSG00000071894,CPSF1,cleavage and polyadenylation specific factor 1,0.387599222,6.651827038,10.67911826,0.000122643,0.002543292,1.171902485
5226,ENSG00000142657,PGD,phosphogluconate dehydrogenase,0.417211133,8.747439872,10.85954271,0.000122709,0.002543292,1.156751019
9456,ENSG00000152413,HOMER1,homer scaffold protein 1,-1.236318486,4.02987393,-11.09939523,0.000122884,0.002545065,1.484565107
256933,ENSG00000183979,NPB,neuropeptide B,1.893810053,1.376564495,11.09555999,0.000123084,0.002547346,1.949489538
80018,ENSG00000111300,NAA25,"N-alpha-acetyltransferase 25, NatB auxiliary subunit",-1.196003161,5.564113192,-11.0840247,0.000123687,0.002556827,1.296039663
284749,ENSG00000235621,LINC00494,long intergenic non-protein coding RNA 494,-4.717201995,-2.848683784,-11.08244421,0.00012377,0.002556827,1.849835425
7150,ENSG00000198900,TOP1,DNA topoisomerase I,-0.651413801,6.777570856,-11.08165028,0.000123812,0.002556827,1.21806347
10391,ENSG00000103647,CORO2B,coronin 2B,1.39434442,1.576759426,11.07378953,0.000124226,0.002563509,1.899804821
1284,ENSG00000134871,COL4A2,collagen type IV alpha 2 chain,1.320074564,5.126917606,11.06656637,0.000124607,0.002569518,1.329223682
25917,ENSG00000134077,THUMPD3,THUMP domain containing 3,-0.370868435,5.978522008,-10.51535666,0.000124707,0.002569715,1.169999768
4345,ENSG00000091972,CD200,CD200 molecule,-2.797450218,2.016166298,-11.05983781,0.000124964,0.002571876,1.886378126
79848,ENSG00000104218,CSPP1,centrosome and spindle pole associated protein 1,-1.339178293,3.206698926,-11.05831303,0.000125045,0.002571876,1.608361412
51599,ENSG00000105699,LSR,lipolysis stimulated lipoprotein receptor,1.293469978,7.610989505,11.05646588,0.000125144,0.002571876,1.184845734
161742,ENSG00000166068,SPRED1,sprouty related EVH1 domain containing 1,-0.855776732,5.868793879,-11.05588251,0.000125175,0.002571876,1.25513104
6722,ENSG00000112658,SRF,serum response factor,1.129408202,5.524678446,11.05022595,0.000125476,0.002576207,1.281034767
54947,ENSG00000087253,LPCAT2,lysophosphatidylcholine acyltransferase 2,-0.45594597,6.253132597,-10.84539665,0.000125595,0.002576786,1.196433955
6489,ENSG00000111728,ST8SIA1,"ST8 alpha-N-acetyl-neuraminide alpha-2,8-sialyltransferase 1",-2.564515858,0.315725407,-11.04485353,0.000125763,0.002578375,2.011298718
55425,ENSG00000133114,GPALPP1,GPALPP motifs containing 1,-0.411396419,5.082733838,-10.53803813,0.000126013,0.002580526,1.235032394
84892,ENSG00000144647,POMGNT2,"protein O-linked mannose N-acetylglucosaminyltransferase 2 (beta 1,4-)",0.940659933,4.751753737,11.0395061,0.00012605,0.002580526,1.34822176
5874,ENSG00000041353,RAB27B,"RAB27B, member RAS oncogene family",-1.075975507,4.833381769,-11.03381687,0.000126356,0.002582879,1.339356838
11140,ENSG00000105401,CDC37,"cell division cycle 37, HSP90 cochaperone",0.97914903,7.811563757,11.0326663,0.000126418,0.002582879,1.167640135
333929,ENSG00000185669,SNAI3,snail family transcriptional repressor 3,1.160053474,1.905722015,11.03121062,0.000126496,0.002582879,1.822727364
81706,ENSG00000198729,PPP1R14C,protein phosphatase 1 regulatory inhibitor subunit 14C,0.673736941,4.586290329,11.03060739,0.000126529,0.002582879,1.358900621
871,ENSG00000149257,SERPINH1,serpin family H member 1,0.762849101,7.904348183,11.02226227,0.00012698,0.002590222,1.160363142
6427,ENSG00000161547,SRSF2,serine and arginine rich splicing factor 2,-1.313250329,6.534254396,-11.01945928,0.000127132,0.002591459,1.203482889
9958,ENSG00000135655,USP15,ubiquitin specific peptidase 15,-1.371326428,4.777651351,-11.01253555,0.000127508,0.002597262,1.342501524
54942,ENSG00000119328,ABITRAM,actin binding transcription modulator,-0.742160568,4.962858004,-11.00343642,0.000128004,0.002602623,1.304170429
284083,NA,NA,NA,-3.008636057,-3.710746531,-10.9200587,0.000128008,0.002602623,1.744093297
644943,ENSG00000189431,RASSF10,Ras association domain family member 10,2.492935154,-3.981234923,10.6063078,0.000128156,0.002602623,1.729425608
79783,ENSG00000175600,SUGCT,succinyl-CoA:glutarate-CoA transferase,1.505776983,2.170537831,11.00014901,0.000128184,0.002602623,1.774081638
135398,ENSG00000197261,C6orf141,chromosome 6 open reading frame 141,-2.119213952,0.599576662,-10.99634015,0.000128393,0.002602623,1.976673148
23322,ENSG00000103494,RPGRIP1L,RPGRIP1 like,-1.241179775,3.962514427,-10.99609809,0.000128406,0.002602623,1.443901209
10297,ENSG00000115266,APC2,APC regulator of WNT signaling pathway 2,0.922148311,3.789624121,10.99598182,0.000128413,0.002602623,1.461054719
692085,ENSG00000206620,SNORD45C,"small nucleolar RNA, C/D box 45C",-3.078796143,-0.282107889,-10.99416074,0.000128513,0.002602792,1.988129088
5681,ENSG00000159792,PSKH1,protein serine kinase H1,0.609218377,5.149586159,10.98770824,0.000128868,0.002608123,1.276061844
57479,ENSG00000126464,PRR12,proline rich 12,0.784814042,6.3187624,10.98603685,0.00012896,0.002608129,1.192201123
60437,ENSG00000124215,CDH26,cadherin 26,-2.352188437,0.720466539,-10.9796113,0.000129315,0.00261267,1.965574915
105377368,NA,NA,NA,3.493477998,-3.485217967,10.97864576,0.000129368,0.00261267,1.753194891
201232,ENSG00000174327,SLC16A13,solute carrier family 16 member 13,1.227911668,5.5582901,10.97118806,0.000129782,0.002615619,1.239981571
10424,ENSG00000164040,PGRMC2,progesterone receptor membrane component 2,0.738356956,6.279981715,10.97106042,0.000129789,0.002615619,1.186381674
134285,ENSG00000157111,TMEM171,transmembrane protein 171,1.434285431,3.684626081,10.97017646,0.000129838,0.002615619,1.482563885
100128822,ENSG00000261455,LINC01003,long intergenic non-protein coding RNA 1003,1.688522211,3.11371692,10.96937721,0.000129883,0.002615619,1.59582373
79577,ENSG00000134371,CDC73,cell division cycle 73,-0.561016723,5.774333865,-10.96771402,0.000129975,0.002615628,1.215232184
9133,ENSG00000157456,CCNB2,cyclin B2,-0.813581825,4.925933992,-10.96264223,0.000130258,0.002619463,1.288543115
10040,ENSG00000141198,TOM1L1,target of myb1 like 1 membrane trafficking protein,-0.479216283,5.979276907,-10.81093575,0.000130771,0.002625179,1.173632492
1195,ENSG00000013441,CLK1,CDC like kinase 1,-1.721084118,4.662286906,-10.95341288,0.000130775,0.002625179,1.338931242
9648,ENSG00000135968,GCC2,GRIP and coiled-coil domain containing 2,-1.348690077,5.613720981,-10.95136359,0.00013089,0.002625179,1.227720637
8974,ENSG00000072682,P4HA2,prolyl 4-hydroxylase subunit alpha 2,1.269843725,5.05677821,10.95096417,0.000130912,0.002625179,1.277181628
64901,ENSG00000204764,RANBP17,RAN binding protein 17,-1.43619976,2.921928919,-10.94716725,0.000131126,0.002627604,1.610585421
55224,ENSG00000143845,ETNK2,ethanolamine kinase 2,1.257746442,4.890396356,10.94304816,0.000131358,0.002629607,1.290924127
100874092,ENSG00000223791,UBE2E1-AS1,UBE2E1 antisense RNA 1,3.064380545,-1.619262291,10.94210708,0.000131411,0.002629607,1.906599899
6780,ENSG00000124214,STAU1,staufen double-stranded RNA binding protein 1,-0.406757738,8.075459694,-10.67302309,0.000131728,0.002634098,1.075847165
271,ENSG00000116337,AMPD2,adenosine monophosphate deaminase 2,0.705324459,5.69900777,10.9311703,0.00013203,0.002637007,1.202921477
10142,ENSG00000127914,AKAP9,A-kinase anchoring protein 9,-1.205136744,5.513053938,-10.92887289,0.00013216,0.002637007,1.222483127
9076,ENSG00000163347,CLDN1,claudin 1,1.316641594,7.08110622,10.92770485,0.000132227,0.002637007,1.134504086
57703,ENSG00000163510,CWC22,CWC22 spliceosome associated protein homolog,-0.824788045,5.396561752,-10.92738051,0.000132245,0.002637007,1.226227675
6670,ENSG00000172845,SP3,Sp3 transcription factor,-0.936731118,6.643611343,-10.91556578,0.000132919,0.002647684,1.142099422
23558,ENSG00000132471,WBP2,WW domain binding protein 2,1.357368702,6.92651279,10.91472395,0.000132967,0.002647684,1.133948657
100505839,ENSG00000280693,SH3PXD2A-AS1,SH3PXD2A antisense RNA 1,-2.098068713,3.011743966,-10.90847983,0.000133325,0.002652951,1.607572504
374666,NA,WASH3P,"WASP family homolog 3, pseudogene",-0.588261151,3.711840254,-10.65366998,0.000133437,0.002653319,1.387485677
25777,ENSG00000100242,SUN2,Sad1 and UNC84 domain containing 2,0.766540403,8.118449676,10.90440571,0.000133559,0.002653368,1.097819344
10174,ENSG00000120896,SORBS3,sorbin and SH3 domain containing 3,0.759813712,5.706884168,10.90241993,0.000133673,0.002653368,1.188172841
79758,ENSG00000102796,DHRS12,dehydrogenase/reductase 12,1.560711132,2.944634419,10.90127188,0.00013374,0.002653368,1.587747216
79846,ENSG00000105792,CFAP69,cilia and flagella associated protein 69,-2.354948997,2.941250502,-10.89999627,0.000133813,0.002653368,1.631731988
196528,ENSG00000189079,ARID2,AT-rich interaction domain 2,-1.724467522,4.937411302,-10.89188474,0.000134282,0.002660207,1.273873332
55729,ENSG00000171681,ATF7IP,activating transcription factor 7 interacting protein,-1.72668173,5.804406918,-10.89078768,0.000134345,0.002660207,1.188924618
22870,ENSG00000105063,PPP6R1,protein phosphatase 6 regulatory subunit 1,0.499621885,9.037549737,10.88820863,0.000134495,0.002660508,1.080852189
6498,ENSG00000136603,SKIL,SKI like proto-oncogene,-0.809680402,6.339864447,-10.88729397,0.000134548,0.002660508,1.141405684
9321,ENSG00000100815,TRIP11,thyroid hormone receptor interactor 11,-1.36632582,5.203913707,-10.88463759,0.000134702,0.002661706,1.231463156
3190,ENSG00000165119,HNRNPK,heterogeneous nuclear ribonucleoprotein K,0.353104597,9.32808449,10.43160145,0.000135039,0.002662292,1.007516483
54896,ENSG00000040487,SLC66A1,solute carrier family 66 member 1,0.619552884,3.788437575,10.723367,0.000135141,0.002662292,1.373882185
23318,ENSG00000134744,TUT4,terminal uridylyl transferase 4,-1.33546732,6.267915354,-10.87457493,0.000135289,0.002662292,1.143958273
10666,ENSG00000150637,CD226,CD226 molecule,-3.290274422,-3.575741688,-10.87348316,0.000135353,0.002662292,1.71089585
191585,ENSG00000280109,PLAC4,placenta enriched 4,-3.290274422,-3.575741688,-10.87348316,0.000135353,0.002662292,1.71089585
55582,ENSG00000165115,KIF27,kinesin family member 27,-1.028974528,3.204473624,-10.87337432,0.000135359,0.002662292,1.506028362
27440,ENSG00000069998,HDHD5,haloacid dehalogenase like hydrolase domain containing 5,1.642137348,5.233291624,10.87287189,0.000135388,0.002662292,1.228439575
55355,ENSG00000123485,HJURP,Holliday junction recognition protein,-0.725351229,4.489039964,-10.86141762,0.00013606,0.002673652,1.28724135
54431,ENSG00000077232,DNAJC10,DnaJ heat shock protein family (Hsp40) member C10,-0.566947253,7.35765266,-10.8567081,0.000136338,0.00267725,1.085871188
2624,ENSG00000179348,GATA2,GATA binding protein 2,0.533343918,5.918625915,10.85278504,0.000136569,0.00267829,1.146907149
55507,ENSG00000111291,GPRC5D,G protein-coupled receptor class C group 5 member D,-2.234740474,-0.474916829,-10.84965371,0.000136754,0.00267829,1.926325702
54926,ENSG00000107341,UBE2R2,ubiquitin conjugating enzyme E2 R2,0.754035093,7.002092148,10.84825253,0.000136837,0.00267829,1.092208542
5654,ENSG00000166033,HTRA1,HtrA serine peptidase 1,4.091290885,-3.184616593,10.84812178,0.000136845,0.00267829,1.734369839
1212,ENSG00000175416,CLTB,clathrin light chain B,1.663914752,7.488436061,10.84783374,0.000136862,0.00267829,1.084745962
159090,ENSG00000156504,PABIR2,PABIR family member 2,-0.495810476,6.767173198,-10.81804883,0.000137547,0.002687632,1.090763237
348995,ENSG00000120253,NUP43,nucleoporin 43,-0.545879145,6.16276399,-10.83352339,0.000137713,0.002687632,1.122133117
91179,ENSG00000244486,SCARF2,scavenger receptor class F member 2,3.330473854,0.335536095,10.83287165,0.000137752,0.002687632,1.922080921
414060,ENSG00000278299,TBC1D3C,TBC1 domain family member 3C,-2.754729034,-3.839902105,-10.63424526,0.000137766,0.002687632,1.680668646
23161,ENSG00000071189,SNX13,sorting nexin 13,-1.039811276,5.23304412,-10.83185357,0.000137813,0.002687632,1.19548559
83931,ENSG00000196182,STK40,serine/threonine kinase 40,0.623750402,5.86916942,10.82550675,0.000138193,0.002691831,1.136704342
29956,ENSG00000143418,CERS2,ceramide synthase 2,0.417519376,6.809516756,10.57305291,0.000138309,0.002691831,1.047880613
4848,ENSG00000111596,CNOT2,CCR4-NOT transcription complex subunit 2,-0.813246998,5.822774273,-10.82019247,0.000138511,0.002691831,1.138587226
8334,ENSG00000180573,H2AC6,H2A clustered histone 6,0.582997606,4.497256049,10.75660627,0.000138577,0.002691831,1.253109858
92856,ENSG00000136718,IMP4,IMP U3 small nucleolar ribonucleoprotein 4,0.767810902,5.336484989,10.81801173,0.000138643,0.002691831,1.174850895
23753,ENSG00000128228,SDF2L1,stromal cell derived factor 2 like 1,2.39759282,4.836262532,10.81800556,0.000138643,0.002691831,1.274733498
285429,ENSG00000182308,DCAF4L1,DDB1 and CUL4 associated factor 4 like 1,-1.879681266,0.06478525,-10.81719743,0.000138692,0.002691831,1.915096577
729887,NA,NA,NA,2.48118411,-1.101270595,10.8155673,0.00013879,0.002691896,1.890729474
3200,ENSG00000105997,HOXA3,homeobox A3,-0.564639249,2.168612251,-10.23359969,0.000138885,0.002691902,1.584430694
284,ENSG00000154188,ANGPT1,angiopoietin 1,-0.965247961,1.006411937,-10.27537547,0.000139133,0.002694876,1.786759479
4862,ENSG00000170485,NPAS2,neuronal PAS domain protein 2,-0.638728096,6.506724681,-10.80658674,0.000139332,0.002696888,1.090515787
57396,ENSG00000113240,CLK4,CDC like kinase 4,-1.850896247,3.009570494,-10.80336214,0.000139527,0.00269883,1.542952767
64342,ENSG00000118960,HS1BP3,HCLS1 binding protein 3,1.009883102,4.263089489,10.80162182,0.000139633,0.002699033,1.293151287
55592,ENSG00000290571,GOLGA2P5,GOLGA2 pseudogene 5,-2.018196743,3.421643551,-10.79723981,0.000139899,0.002700897,1.472727957
23523,ENSG00000099991,CABIN1,calcineurin binding protein 1,1.518285724,7.224100007,10.79690375,0.00013992,0.002700897,1.065048526
3949,ENSG00000130164,LDLR,low density lipoprotein receptor,0.922290355,8.020014648,10.79188773,0.000140225,0.002704956,1.041799878
9575,ENSG00000134852,CLOCK,clock circadian regulator,-1.461808629,4.981355104,-10.78160363,0.000140854,0.002715244,1.204695425
283624,ENSG00000258441,LINC00641,long intergenic non-protein coding RNA 641,-2.613137555,3.008491115,-10.77098479,0.000141507,0.002725981,1.572095607
55062,ENSG00000070540,WIPI1,"WD repeat domain, phosphoinositide interacting 1",1.61551368,3.46035205,10.76008045,0.000142181,0.002735051,1.424630412
51340,ENSG00000101343,CRNKL1,crooked neck pre-mRNA splicing factor 1,-0.867592688,4.895337521,-10.75961817,0.00014221,0.002735051,1.189533962
5723,ENSG00000146733,PSPH,phosphoserine phosphatase,-0.834946202,8.48811992,-10.75811333,0.000142304,0.002735051,1.018955788
91289,ENSG00000100258,LMF2,lipase maturation factor 2,0.639136583,5.069627965,10.75715125,0.000142363,0.002735051,1.166830685
29959,ENSG00000115216,NRBP1,nuclear receptor binding protein 1,0.704782321,6.536268073,10.74980151,0.000142821,0.002740659,1.060152715
2826,ENSG00000184451,CCR10,C-C motif chemokine receptor 10,2.144513379,2.69970784,10.74935918,0.000142848,0.002740659,1.586958061
9751,ENSG00000101298,SNPH,syntaphilin,0.972999245,4.360920714,10.74059322,0.000143396,0.002749314,1.247343212
8986,ENSG00000162302,RPS6KA4,ribosomal protein S6 kinase A4,0.835994485,6.138461566,10.73752454,0.000143589,0.002750228,1.075835414
84141,ENSG00000115363,EVA1A,"eva-1 homolog A, regulator of programmed cell death",2.349037767,2.24263881,10.73674454,0.000143638,0.002750228,1.672510252
54536,ENSG00000138190,EXOC6,exocyst complex component 6,-0.860119327,4.584268417,-10.72775928,0.000144203,0.002756444,1.209398762
65084,ENSG00000166575,TMEM135,transmembrane protein 135,-0.714952479,5.493370351,-10.72713789,0.000144242,0.002756444,1.114741997
7108,ENSG00000149809,TM7SF2,transmembrane 7 superfamily member 2,1.388520536,5.818129776,10.72695889,0.000144253,0.002756444,1.097418909
4245,ENSG00000131446,MGAT1,"alpha-1,3-mannosyl-glycoprotein 2-beta-N-acetylglucosaminyltransferase",0.938430594,7.304990693,10.72443562,0.000144413,0.002757633,1.020760312
54436,ENSG00000125089,SH3TC1,SH3 domain and tetratricopeptide repeats 1,1.029012366,3.022076946,10.72213632,0.000144558,0.002758554,1.463104861
66002,ENSG00000186204,CYP4F12,cytochrome P450 family 4 subfamily F member 12,-1.745518539,2.229223312,-10.71088112,0.000145272,0.002769513,1.633709854
154141,ENSG00000172197,MBOAT1,membrane bound O-acyltransferase domain containing 1,-1.122030309,1.215304554,-10.49148011,0.000145328,0.002769513,1.748906226
89874,ENSG00000183032,SLC25A21,solute carrier family 25 member 21,-0.904079852,1.931991615,-10.47258178,0.000145474,0.002770441,1.627247287
25875,ENSG00000050426,LETMD1,LETM1 domain containing 1,-0.486230927,6.54646027,-10.65767421,0.00014613,0.002781076,1.025605843
90246,NA,LOC90246,uncharacterized LOC90246,-0.853596744,2.894128404,-10.69494779,0.00014629,0.002781188,1.469268156
54841,ENSG00000134897,BIVM,"basic, immunoglobulin-like variable motif containing",-0.565598507,3.371218867,-10.31973847,0.000146332,0.002781188,1.320669469
51364,ENSG00000004838,ZMYND10,zinc finger MYND-type containing 10,-1.850959754,0.94567486,-10.68863588,0.000146696,0.002786244,1.807250727
26471,ENSG00000176046,NUPR1,"nuclear protein 1, transcriptional regulator",2.454806469,4.588301438,10.6861075,0.000146859,0.002787474,1.244816483
389,ENSG00000155366,RHOC,ras homolog family member C,1.370002161,8.005259149,10.68394178,0.000146999,0.002788262,0.98758768
653857,ENSG00000106526,ACTR3C,actin related protein 3C,-1.179648614,2.183463133,-10.68240766,0.000147098,0.002788278,1.606351039
122809,ENSG00000180008,SOCS4,suppressor of cytokine signaling 4,-1.201141143,6.141017351,-10.68068923,0.000147209,0.002788521,1.049953738
5836,ENSG00000100504,PYGL,glycogen phosphorylase L,0.777104087,6.759993355,10.67669056,0.000147468,0.002790327,1.012951955
283422,ENSG00000180861,LINC01559,long intergenic non-protein coding RNA 1559,-4.164328153,2.140347736,-10.67387418,0.00014765,0.002790327,1.755263894
10144,ENSG00000138640,FAM13A,family with sequence similarity 13 member A,-1.397885836,3.991126339,-10.6733671,0.000147683,0.002790327,1.281704616
9101,ENSG00000138592,USP8,ubiquitin specific peptidase 8,-0.860695676,5.615881789,-10.67314969,0.000147697,0.002790327,1.078606584
783,ENSG00000165995,CACNB2,calcium voltage-gated channel auxiliary subunit beta 2,-2.35697974,-0.51730803,-10.66354882,0.000148322,0.002798784,1.847371233
11322,ENSG00000141524,TMC6,transmembrane channel like 6,0.722762499,7.167458349,10.66300757,0.000148357,0.002798784,0.991447671
80301,ENSG00000241839,PLEKHO2,pleckstrin homology domain containing O2,0.693624285,3.1517318,10.50698118,0.000148528,0.002798784,1.377346612
5930,ENSG00000122257,RBBP6,"RB binding protein 6, ubiquitin ligase",-0.680712603,6.391229562,-10.66022393,0.000148539,0.002798784,1.021028431
1476,ENSG00000160213,CSTB,cystatin B,1.367702325,8.482060107,10.65743771,0.000148721,0.002799344,0.967598275
115557,ENSG00000240771,ARHGEF25,Rho guanine nucleotide exchange factor 25,0.540385721,4.84953695,10.57456542,0.000149051,0.002799344,1.123070243
84189,ENSG00000184564,SLITRK6,SLIT and NTRK like family member 6,-2.553294182,3.803784948,-10.64858598,0.000149302,0.002799344,1.361120887
79089,ENSG00000168591,TMUB2,transmembrane and ubiquitin like domain containing 2,0.508985845,5.253122863,10.54936961,0.000149378,0.002799344,1.077394017
102723166,ENSG00000260589,STAM-DT,STAM divergent transcript,-3.973503187,-1.638138766,-10.64673838,0.000149424,0.002799344,1.787870314
81930,ENSG00000121621,KIF18A,kinesin family member 18A,-1.942643267,3.648030482,-10.64657007,0.000149435,0.002799344,1.350646575
5754,ENSG00000112655,PTK7,protein tyrosine kinase 7 (inactive),0.264058957,7.726177834,10.08086458,0.000149457,0.002799344,0.882376686
6602,ENSG00000066117,SMARCD1,"SWI/SNF related, matrix associated, actin dependent regulator of chromatin, subfamily d, member 1",-0.408583487,5.709864024,-10.29772969,0.000149526,0.002799344,1.001557258
658,ENSG00000138696,BMPR1B,bone morphogenetic protein receptor type 1B,-1.953732948,2.540605577,-10.64343473,0.000149641,0.002799344,1.555001861
130749,ENSG00000144410,CPO,carboxypeptidase O,-3.570537779,-3.426894222,-10.64265376,0.000149693,0.002799344,1.645234107
11182,ENSG00000160326,SLC2A6,solute carrier family 2 member 6,1.112845798,5.990724367,10.64249152,0.000149703,0.002799344,1.038186358
730094,ENSG00000185716,MOSMO,modulator of smoothened,-0.839458422,4.44507079,-10.6407243,0.00014982,0.002799344,1.182184779
138199,ENSG00000156017,CARNMT1,carnosine N-methyltransferase 1,-0.7926558,4.30677405,-10.63990838,0.000149874,0.002799344,1.199665236
8440,ENSG00000071051,NCK2,NCK adaptor protein 2,0.539088324,5.402603202,10.63532664,0.000149949,0.002799344,1.074206
10181,ENSG00000003756,RBM5,RNA binding motif protein 5,-0.729157743,5.807275576,-10.63161381,0.000150423,0.002804698,1.04174025
402381,ENSG00000165643,SOHLH1,spermatogenesis and oogenesis specific basic helix-loop-helix 1,2.780684667,-3.839902105,10.47575335,0.000150524,0.002804698,1.611329003
11343,ENSG00000074416,MGLL,monoglyceride lipase,1.154747643,7.036437782,10.6299698,0.000150532,0.002804698,0.981362154
10272,ENSG00000070404,FSTL3,follistatin like 3,1.732342982,5.492871699,10.62704427,0.000150727,0.002806479,1.079253651
163786,ENSG00000156876,SASS6,SAS-6 centriolar assembly protein,-1.315445476,3.409957447,-10.62389249,0.000150936,0.002808544,1.352590016
30061,ENSG00000138449,SLC40A1,solute carrier family 40 member 1,-0.55671012,3.158458391,-10.16615186,0.00015132,0.002813831,1.309162975
8175,ENSG00000104897,SF3A2,splicing factor 3a subunit 2,1.263510503,5.847943472,10.61548251,0.000151498,0.002815302,1.035720829
55845,ENSG00000254999,BRK1,BRICK1 subunit of SCAR/WAVE actin nucleating complex,0.872787707,7.23650613,10.61087544,0.000151807,0.002819193,0.963169817
64841,ENSG00000100522,GNPNAT1,glucosamine-phosphate N-acetyltransferase 1,-0.631857294,6.466288626,-10.60708775,0.000152061,0.002822071,0.989215131
102723390,NA,FRG1EP,"FSHD region gene 1 family member E, pseudogene",-1.272774055,1.590177208,-10.59779239,0.000152687,0.002830531,1.668014151
490,ENSG00000070961,ATP2B1,ATPase plasma membrane Ca2+ transporting 1,-0.795979126,6.269568475,-10.59731947,0.000152719,0.002830531,0.995558384
9918,ENSG00000010292,NCAPD2,non-SMC condensin I complex subunit D2,-1.12471008,6.992473344,-10.59588956,0.000152816,0.002830531,0.965037038
27131,ENSG00000089006,SNX5,sorting nexin 5,-0.630349867,7.254367406,-10.58006757,0.00015389,0.002846774,0.945493781
699,ENSG00000169679,BUB1,BUB1 mitotic checkpoint serine/threonine kinase,-0.683489143,5.561409112,-10.58002072,0.000153893,0.002846774,1.032756285
6510,ENSG00000105281,SLC1A5,solute carrier family 1 member 5,0.990084863,8.775228137,10.57796631,0.000154033,0.002847512,0.922827904
29883,ENSG00000198791,CNOT7,CCR4-NOT transcription complex subunit 7,-0.851473403,6.492530325,-10.5764002,0.00015414,0.002847635,0.973499164
51442,ENSG00000102243,VGLL1,vestigial like family member 1,0.843682076,6.675617242,10.56488613,0.000154929,0.002856722,0.958713178
55167,ENSG00000174579,MSL2,MSL complex subunit 2,-0.903854629,5.259489266,-10.5645903,0.00015495,0.002856722,1.052884972
30844,ENSG00000103966,EHD4,EH domain containing 4,0.848175466,5.205083699,10.56395643,0.000154993,0.002856722,1.056454131
768211,ENSG00000181826,RELL1,RELT like 1,0.503158345,3.966810865,10.21768409,0.000155064,0.002856722,1.153531058
79898,ENSG00000176024,ZNF613,zinc finger protein 613,-0.721774762,3.447131203,-10.55885697,0.000155135,0.002856722,1.294930312
2048,ENSG00000133216,EPHB2,EPH receptor B2,1.047620012,6.1576965,10.55307985,0.000155743,0.002862717,0.980574808
6093,ENSG00000067900,ROCK1,Rho associated coiled-coil containing protein kinase 1,-0.840374215,5.70892587,-10.55190392,0.000155825,0.002862717,1.008189694
153478,ENSG00000153404,PLEKHG4B,pleckstrin homology and RhoGEF domain containing G4B,2.327136521,-0.824518035,10.5503111,0.000155935,0.002862717,1.792764878
23125,ENSG00000108509,CAMTA2,calmodulin binding transcription activator 2,0.669571693,6.914207673,10.55029925,0.000155936,0.002862717,0.940384474
23624,ENSG00000142273,CBLC,Cbl proto-oncogene C,1.058725621,5.819152149,10.54947271,0.000155993,0.002862717,1.00077168
79915,ENSG00000176208,ATAD5,ATPase family AAA domain containing 5,-2.123787808,2.517285242,-10.54822023,0.00015608,0.002862717,1.520614844
4791,ENSG00000077150,NFKB2,nuclear factor kappa B subunit 2,1.215431253,6.915263062,10.54697313,0.000156167,0.002862717,0.942926201
1124,ENSG00000106069,CHN2,chimerin 2,-1.234249922,3.44802445,-10.54370536,0.000156393,0.002863319,1.301156231
60680,ENSG00000161082,CELF5,CUGBP Elav-like family member 5,1.645364204,1.905898724,10.54296779,0.000156445,0.002863319,1.600371378
55553,ENSG00000110693,SOX6,SRY-box transcription factor 6,-2.723383733,-0.316151966,-10.54179091,0.000156527,0.002863319,1.797004087
79027,ENSG00000197343,ZNF655,zinc finger protein 655,-0.752989932,6.176694011,-10.5406195,0.000156608,0.002863319,0.970780361
5066,ENSG00000145730,PAM,peptidylglycine alpha-amidating monooxygenase,0.722489318,7.105093432,10.53853015,0.000156754,0.002863319,0.92820679
29126,ENSG00000120217,CD274,CD274 molecule,2.602188598,2.941317589,10.53768414,0.000156813,0.002863319,1.462540888
6774,ENSG00000168610,STAT3,signal transducer and activator of transcription 3,1.022313685,7.134051417,10.53635771,0.000156905,0.002863319,0.928078286
3215,ENSG00000120075,HOXB5,homeobox B5,-1.863145712,1.711239968,-10.53468772,0.000157022,0.002863607,1.63770841
51204,ENSG00000136463,TACO1,translational activator of cytochrome c oxidase I,1.125913455,4.234174121,10.53257511,0.00015717,0.00286446,1.161886087
4303,ENSG00000184481,FOXO4,forkhead box O4,1.042560743,4.47820916,10.52850056,0.000157455,0.002867818,1.123467866
9159,ENSG00000160613,PCSK7,proprotein convertase subtilisin/kexin type 7,0.570249667,4.972100453,10.52089582,0.000157989,0.0028757,1.053356644
339451,ENSG00000187961,KLHL17,kelch like family member 17,-1.01003193,3.509424455,-10.51601985,0.000158332,0.002879483,1.26819313
79866,ENSG00000136122,BORA,BORA aurora kinase A activator,-1.127582735,3.465240944,-10.51506817,0.000158399,0.002879483,1.279279998
353511,ENSG00000250251,PKD1P6,"polycystin 1, transient receptor potential channel interacting pseudogene 6",-1.229467919,2.90414459,-10.5078168,0.000158912,0.002886958,1.384158608
6238,ENSG00000125844,RRBP1,ribosome binding protein 1,0.689346629,8.012374206,10.50364646,0.000159208,0.002890483,0.891332399
10670,ENSG00000155876,RRAGA,Ras related GTP binding A,0.895802751,5.323444857,10.49208012,0.000160032,0.002903585,1.008654237
79657,ENSG00000005175,RPAP3,RNA polymerase II associated protein 3,-1.488596401,4.969287336,-10.48858569,0.000160282,0.002904782,1.054702684
65018,ENSG00000158828,PINK1,PTEN induced kinase 1,1.159647268,4.604264314,10.48829779,0.000160303,0.002904782,1.088940655
10302,ENSG00000174446,SNAPC5,small nuclear RNA activating complex polypeptide 5,0.814865969,2.575027225,10.38007139,0.000160468,0.002905918,1.408093766
81876,ENSG00000174903,RAB1B,"RAB1B, member RAS oncogene family",1.082316934,8.536529718,10.48285146,0.000160693,0.002908147,0.87501758
283385,ENSG00000139714,MORN3,MORN repeat containing 3,1.203037082,2.424380661,10.4790098,0.000160969,0.002911289,1.459246075
55183,ENSG00000080345,RIF1,replication timing regulatory factor 1,-1.39718268,5.792754843,-10.47413709,0.00016132,0.002914756,0.968041823
96459,ENSG00000217128,FNIP1,folliculin interacting protein 1,-1.117926992,4.515085301,-10.47350089,0.000161366,0.002914756,1.092432471
9138,ENSG00000076928,ARHGEF1,Rho guanine nucleotide exchange factor 1,0.631112716,6.815567991,10.47153565,0.000161508,0.002915465,0.902374652
136647,ENSG00000168303,MPLKIP,M-phase specific PLK1 interacting protein,1.652203764,5.001699924,10.46728921,0.000161815,0.002916342,1.043960038
80071,ENSG00000149548,CCDC15,coiled-coil domain containing 15,-1.130283754,1.584883636,-10.42756647,0.000161832,0.002916342,1.595619303
7277,ENSG00000127824,TUBA4A,tubulin alpha 4a,1.333822988,7.345837749,10.466605,0.000161865,0.002916342,0.887575542
51111,ENSG00000110066,KMT5B,lysine methyltransferase 5B,-0.562738195,6.273438003,-10.45915332,0.000162406,0.002924232,0.921238424
2058,ENSG00000136628,EPRS1,glutamyl-prolyl-tRNA synthetase 1,-0.437451049,8.658718414,-10.37680981,0.000162561,0.002925174,0.847437911
284207,ENSG00000176845,METRNL,"meteorin like, glial cell differentiation regulator",3.932879181,1.4383006,10.45350383,0.000162817,0.002927928,1.707884282
55806,ENSG00000168453,HR,HR lysine demethylase and nuclear receptor corepressor,-1.289592402,3.733658161,-10.45006655,0.000163068,0.002930585,1.204179703
162681,ENSG00000166845,C18orf54,chromosome 18 open reading frame 54,-1.601493289,2.193113084,-10.44414279,0.000163502,0.002935009,1.500902654
2010,ENSG00000102119,EMD,emerin,0.902688737,7.107762941,10.44388026,0.000163521,0.002935009,0.87925139
4976,ENSG00000198836,OPA1,OPA1 mitochondrial dynamin like GTPase,-0.671844818,6.924361258,-10.4413655,0.000163706,0.002936465,0.882715685
50628,ENSG00000179409,GEMIN4,gem nuclear organelle associated protein 4,0.556575654,5.399307798,10.43897681,0.000163881,0.002937757,0.970423815
57595,ENSG00000067840,PDZD4,PDZ domain containing 4,0.539252776,2.615863649,9.886145925,0.000164357,0.002944422,1.303539028
4646,ENSG00000196586,MYO6,myosin VI,-0.83804583,6.868053231,-10.42786565,0.000164701,0.002948501,0.878714887
102723968,ENSG00000290964,LOC102723968,uncharacterized LOC102723968,-2.953129794,-1.904962026,-10.42642997,0.000164807,0.002948501,1.68730485
255488,ENSG00000137393,RNF144B,ring finger protein 144B,1.104414264,4.144373078,10.42522645,0.000164896,0.002948501,1.118254213
255967,ENSG00000152520,PAN3,poly(A) specific ribonuclease subunit PAN3,-1.037373581,5.633354861,-10.42114103,0.000165199,0.002949686,0.947248833
51773,ENSG00000048649,RSF1,remodeling and spacing factor 1,-0.860305462,6.374978042,-10.42073325,0.000165229,0.002949686,0.897445734
3624,ENSG00000122641,INHBA,inhibin subunit beta A,1.372887088,6.328994106,10.42013083,0.000165274,0.002949686,0.904462853
5817,ENSG00000073008,PVR,PVR cell adhesion molecule,0.806269057,7.03901961,10.41853924,0.000165392,0.002949943,0.867354387
64062,ENSG00000139746,RBM26,RNA binding motif protein 26,-1.31838371,6.020913772,-10.41440846,0.000165699,0.002951222,0.919258857
79868,ENSG00000101901,ALG13,ALG13 UDP-N-acetylglucosaminyltransferase subunit,-1.054531276,5.100833635,-10.41404683,0.000165726,0.002951222,0.991473073
5471,ENSG00000128059,PPAT,phosphoribosyl pyrophosphate amidotransferase,-0.52927856,4.31764738,-10.24327892,0.000165861,0.002951222,1.049292615
1802,ENSG00000132768,DPH2,diphthamide biosynthesis 2,0.451907264,5.003333127,10.15542411,0.00016588,0.002951222,0.95252353
2709,ENSG00000189280,GJB5,gap junction protein beta 5,1.116166408,3.830592107,10.40370614,0.000166499,0.00296039,1.156950446
9961,ENSG00000013364,MVP,major vault protein,0.813982711,7.460497088,10.40103145,0.0001667,0.002962101,0.846760303
400798,ENSG00000213057,C1orf220,chromosome 1 putative open reading frame 220,-2.147158411,0.615479923,-10.39686852,0.000167012,0.002965802,1.70281516
23510,ENSG00000180901,KCTD2,potassium channel tetramerization domain containing 2,0.538449928,4.694442125,10.3190283,0.000167402,0.002968506,1.004510146
138311,ENSG00000165716,DIPK1B,divergent protein kinase domain 1B,1.015591711,4.805004038,10.39113992,0.000167444,0.002968506,1.009988001
3726,ENSG00000171223,JUNB,"JunB proto-oncogene, AP-1 transcription factor subunit",1.435230684,8.035853919,10.39055555,0.000167488,0.002968506,0.83304038
57209,ENSG00000198105,ZNF248,zinc finger protein 248,-1.390032681,3.463998365,-10.38887982,0.000167615,0.002968506,1.224106791
1627,ENSG00000113758,DBN1,drebrin 1,0.84137982,7.632690334,10.38669373,0.00016778,0.002968506,0.835710725
10461,ENSG00000153208,MERTK,"MER proto-oncogene, tyrosine kinase",1.371986705,2.300578049,10.3861152,0.000167823,0.002968506,1.441342211
7045,ENSG00000120708,TGFBI,transforming growth factor beta induced,1.184516484,6.461330907,10.38311908,0.00016805,0.002968506,0.875854325
3400,ENSG00000172201,ID4,inhibitor of DNA binding 4,2.556125473,-0.265732856,10.38127231,0.00016819,0.002968506,1.726590195
65244,ENSG00000123352,SPATS2,spermatogenesis associated serine rich 2,-0.791737591,5.795981923,-10.38121981,0.000168194,0.002968506,0.91130189
6876,ENSG00000149591,TAGLN,transgelin,1.573290994,1.486199187,10.37779463,0.000168454,0.002968506,1.583073922
27198,ENSG00000196917,HCAR1,hydroxycarboxylic acid receptor 1,-1.650388531,2.104655997,-10.37749761,0.000168477,0.002968506,1.485016461
9551,ENSG00000241468,ATP5MF,ATP synthase membrane subunit f,2.003318458,5.201618897,10.37618101,0.000168577,0.002968506,0.984463805
5609,ENSG00000076984,MAP2K7,mitogen-activated protein kinase kinase 7,0.60130256,5.536978848,10.37520633,0.000168651,0.002968506,0.925861859
81537,ENSG00000126821,SGPP1,sphingosine-1-phosphate phosphatase 1,-0.655317209,6.018132945,-10.37464432,0.000168694,0.002968506,0.89198793
57683,ENSG00000204186,ZDBF2,zinc finger DBF-type containing 2,-1.49538745,4.812847522,-10.37413273,0.000168733,0.002968506,1.013159033
4205,ENSG00000068305,MEF2A,myocyte enhancer factor 2A,-0.782317075,5.275466166,-10.37010091,0.00016904,0.002972071,0.947283669
94101,ENSG00000128699,ORMDL1,ORMDL sphingolipid biosynthesis regulator 1,-0.902795996,4.275261528,-10.36835898,0.000169173,0.002972569,1.064637181
6578,ENSG00000174640,SLCO2A1,solute carrier organic anion transporter family member 2A1,3.99285286,0.347036212,10.3632679,0.000169562,0.002974217,1.715565596
54809,ENSG00000205413,SAMD9,sterile alpha motif domain containing 9,-1.236313107,5.840311556,-10.36306156,0.000169578,0.002974217,0.903253443
57455,ENSG00000079313,REXO1,RNA exonuclease 1 homolog,0.759659047,4.912351244,10.36302368,0.000169581,0.002974217,0.97864088
51602,ENSG00000055044,NOP58,NOP58 ribonucleoprotein,-0.915416068,5.389732162,-10.35521891,0.00017018,0.002979348,0.930907685
84836,ENSG00000114779,ABHD14B,abhydrolase domain containing 14B,1.024014929,6.988892703,10.35485173,0.000170209,0.002979348,0.836715784
51094,ENSG00000159346,ADIPOR1,adiponectin receptor 1,0.394190376,7.066110248,10.11569893,0.000170291,0.002979348,0.792974924
9229,ENSG00000170579,DLGAP1,DLG associated protein 1,-0.87663677,-0.1386248,-9.814325146,0.000170293,0.002979348,1.668115957
115677,ENSG00000163072,NOSTRIN,nitric oxide synthase trafficking,-2.597947112,-3.920806576,-10.13678726,0.000170845,0.002985082,1.507720123
64800,ENSG00000186976,EFCAB6,EF-hand calcium binding domain 6,-1.300261231,1.251325618,-10.34570522,0.000170914,0.002985082,1.594058337
128977,ENSG00000242259,C22orf39,chromosome 22 open reading frame 39,1.968535739,4.030264851,10.34410944,0.000171037,0.002985082,1.127790563
55039,ENSG00000183665,TRMT12,tRNA methyltransferase 12 homolog,0.57606123,4.250991169,10.27994819,0.000171042,0.002985082,1.038590023
105373989,NA,LOC105373989,putative cuticle collagen 91,1.675428979,4.953188594,10.33890728,0.000171441,0.002990205,0.982471792
8402,ENSG00000108528,SLC25A11,solute carrier family 25 member 11,0.850040777,5.718188468,10.33499767,0.000171744,0.002993663,0.892611215
285598,ENSG00000175414,ARL10,ADP ribosylation factor like GTPase 10,-3.12696575,-1.25293292,-10.3294936,0.000172173,0.002998791,1.683572047
8848,ENSG00000102804,TSC22D1,TSC22 domain family member 1,0.496165722,8.46499309,10.32851033,0.00017225,0.002998791,0.792998386
4325,ENSG00000156103,MMP16,matrix metallopeptidase 16,-2.465392832,-3.981234923,-10.04035918,0.000172517,0.003001599,1.496994321
9204,ENSG00000163867,ZMYM6,zinc finger MYM-type containing 6,-1.221023002,4.215757112,-10.32348371,0.000172642,0.003001948,1.058520497
149345,ENSG00000198892,SHISA4,shisa family member 4,1.284641095,4.776583864,10.32187608,0.000172768,0.003002298,0.982859846
8904,ENSG00000214078,CPNE1,copine 1,0.301368828,6.304688079,9.777887627,0.000173403,0.003009271,0.755321649
11333,ENSG00000106244,PDAP1,PDGFA associated protein 1,0.896317768,6.655849756,10.31291373,0.000173472,0.003009271,0.826438431
4005,ENSG00000135363,LMO2,LIM domain only 2,1.571679742,1.126264731,10.31271646,0.000173487,0.003009271,1.59967621
643253,ENSG00000291124,CCT6P1,chaperonin containing TCP1 subunit 6 pseudogene 1,-0.969790709,1.431192228,-10.04527557,0.000173847,0.003012558,1.509786363
56917,ENSG00000105419,MEIS3,Meis homeobox 3,1.431451582,5.951974272,10.30425069,0.000174155,0.003012558,0.866395118
6275,ENSG00000196154,S100A4,S100 calcium binding protein A4,-2.047705979,4.461314956,-10.30394259,0.00017418,0.003012558,1.044150093
2906,ENSG00000105464,GRIN2D,glutamate ionotropic receptor NMDA type subunit 2D,0.550767441,6.270697842,10.3037531,0.000174195,0.003012558,0.838414304
9296,ENSG00000128524,ATP6V1F,ATPase H+ transporting V1 subunit F,1.415697676,6.146084792,10.30321571,0.000174237,0.003012558,0.853063572
130507,ENSG00000144357,UBR3,ubiquitin protein ligase E3 component n-recognin 3,-0.818257199,4.746878992,-10.30219795,0.000174318,0.003012558,0.96610322
55035,ENSG00000198000,NOL8,nucleolar protein 8,-0.954895279,5.23376478,-10.30091194,0.00017442,0.003012558,0.91662884
1983,ENSG00000100664,EIF5,eukaryotic translation initiation factor 5,-0.390102053,8.764316394,-10.09233628,0.000174728,0.003014571,0.741188589
4552,ENSG00000124275,MTRR,5-methyltetrahydrofolate-homocysteine methyltransferase reductase,-0.566906877,5.979183345,-10.29676564,0.000174748,0.003014571,0.852365238
167227,ENSG00000172795,DCP2,decapping mRNA 2,-0.960304303,5.089260325,-10.29473668,0.00017491,0.003015519,0.927472182
729220,NA,FLJ45513,uncharacterized LOC729220,-1.96461706,0.220643899,-10.29038073,0.000175256,0.003019117,1.673643129
9306,ENSG00000170677,SOCS6,suppressor of cytokine signaling 6,-0.648578538,5.080219331,-10.28944383,0.000175331,0.003019117,0.921054606
10962,ENSG00000213190,MLLT11,MLLT11 transcription factor 7 cofactor,0.98691461,5.976058838,10.28599339,0.000175606,0.003019282,0.84949684
84649,ENSG00000062282,DGAT2,diacylglycerol O-acyltransferase 2,1.192619684,5.443890591,10.28572265,0.000175628,0.003019282,0.892879407
85459,ENSG00000166004,CEP295,centrosomal protein 295,-1.063778552,4.146185774,-10.28532628,0.00017566,0.003019282,1.043810626
79738,ENSG00000179941,BBS10,Bardet-Biedl syndrome 10,-1.49722266,3.227935521,-10.28240941,0.000175893,0.003021462,1.217090049
11346,ENSG00000171992,SYNPO,synaptopodin,1.410115321,5.221196972,10.27961475,0.000176117,0.003023477,0.914503368
11201,ENSG00000101751,POLI,DNA polymerase iota,-1.555236644,3.212355263,-10.27760535,0.000176278,0.003024415,1.220279902
54507,ENSG00000143382,ADAMTSL4,ADAMTS like 4,1.223413411,4.999759314,10.27151262,0.000176767,0.003029406,0.929007462
5976,ENSG00000005007,UPF1,UPF1 RNA helicase and ATPase,0.50420945,7.073866209,10.27133075,0.000176782,0.003029406,0.786016941
4733,ENSG00000185721,DRG1,developmentally regulated GTP binding protein 1,-0.793101935,4.410313737,-10.26303681,0.000177451,0.003037459,0.987219188
3955,ENSG00000106003,LFNG,LFNG O-fucosylpeptide 3-beta-N-acetylglucosaminyltransferase,-0.76670458,3.264363017,-10.26149998,0.000177576,0.003037459,1.172627051
55422,ENSG00000130844,ZNF331,zinc finger protein 331,-2.323978368,4.98010878,-10.26022708,0.000177679,0.003037459,0.96262238
57572,ENSG00000130158,DOCK6,dedicator of cytokinesis 6,0.633766411,6.620636032,10.26021245,0.00017768,0.003037459,0.797796051
23604,ENSG00000035664,DAPK2,death associated protein kinase 2,-0.645478884,3.565331395,-10.18422207,0.000178144,0.003042959,1.101435387
57147,ENSG00000000457,SCYL3,SCY1 like pseudokinase 3,-0.779801717,3.772392126,-10.25332952,0.000178238,0.003042959,1.078622191
54821,ENSG00000186871,ERCC6L,"ERCC excision repair 6 like, spindle assembly checkpoint helicase",-0.982103405,2.588286687,-10.25228826,0.000178323,0.003042959,1.304171783
3995,ENSG00000221968,FADS3,fatty acid desaturase 3,0.803482369,6.172895042,10.24953542,0.000178547,0.003044954,0.816374967
286205,ENSG00000173611,SCAI,suppressor of cancer cell invasion,-1.437390401,4.228109276,-10.24478904,0.000178934,0.003049289,1.022178756
8445,ENSG00000127334,DYRK2,dual specificity tyrosine phosphorylation regulated kinase 2,-1.115926408,5.313547689,-10.24378813,0.000179016,0.003049289,0.881220564
64419,ENSG00000163719,MTMR14,myotubularin related protein 14,0.607227831,5.976925225,10.2377117,0.000179514,0.003055929,0.820813463
740,ENSG00000149792,MRPL49,mitochondrial ribosomal protein L49,0.614945634,6.671976669,10.23398376,0.00017982,0.003059304,0.781227532
50512,ENSG00000114631,PODXL2,podocalyxin like 2,1.702281869,4.871591181,10.22788611,0.000180321,0.003065307,0.933695194
79986,ENSG00000242779,ZNF702P,"zinc finger protein 702, pseudogene",-1.370207226,2.015140828,-10.22707452,0.000180388,0.003065307,1.412772404
55656,ENSG00000164941,INTS8,integrator complex subunit 8,-0.707431228,5.818402196,-10.22310173,0.000180716,0.003066755,0.824348593
55016,ENSG00000145416,MARCHF1,membrane associated ring-CH-type finger 1,-1.273360133,3.510135466,-10.22270015,0.00018075,0.003066755,1.123218521
143872,ENSG00000165895,ARHGAP42,Rho GTPase activating protein 42,-1.311384941,3.927642032,-10.2215942,0.000180841,0.003066755,1.052333134
79817,ENSG00000120162,MOB3B,MOB kinase activator 3B,2.817509002,1.245181933,10.22081269,0.000180906,0.003066755,1.577514813
8898,ENSG00000087053,MTMR2,myotubularin related protein 2,-0.4497537,5.914250783,-10.09386784,0.000181014,0.003066755,0.794850765
79971,ENSG00000116729,WLS,Wnt ligand secretion mediator,1.203144864,3.52650159,10.21519118,0.000181372,0.00307099,1.112512607
55048,ENSG00000167987,VPS37C,VPS37C subunit of ESCRT-I,0.720278491,6.068703437,10.21223909,0.000181617,0.003072821,0.801901005
554210,ENSG00000198976,MIR429,microRNA 429,-2.55776801,-1.298113739,-10.21070745,0.000181744,0.003072821,1.632754478
116064,ENSG00000163428,LRRC58,leucine rich repeat containing 58,-0.941651797,6.008202292,-10.20998527,0.000181805,0.003072821,0.806353161
4719,ENSG00000023228,NDUFS1,NADH:ubiquinone oxidoreductase core subunit S1,0.264453062,6.29556094,9.681809864,0.00018193,0.003073108,0.699396364
10609,ENSG00000141696,P3H4,prolyl 3-hydroxylase family member 4 (inactive),1.201769397,5.888585803,10.20701756,0.000182052,0.003073342,0.81524034
51246,ENSG00000164054,SHISA5,shisa family member 5,0.857185719,7.285376532,10.20508789,0.000182213,0.003074232,0.745944176
23321,ENSG00000109654,TRIM2,tripartite motif containing 2,-1.279332369,5.464127393,-10.20377022,0.000182323,0.003074262,0.848868509
26145,ENSG00000170604,IRF2BP1,interferon regulatory factor 2 binding protein 1,1.183490229,4.894873173,10.20169584,0.000182496,0.003074457,0.90215902
53827,ENSG00000089327,FXYD5,FXYD domain containing ion transport regulator 5,1.633320331,7.736582485,10.20104155,0.000182551,0.003074457,0.737856875
55745,ENSG00000053770,AP5M1,adaptor related protein complex 5 subunit mu 1,-1.003879184,5.442809187,-10.19697628,0.000182891,0.003076995,0.842660112
4597,ENSG00000167508,MVD,mevalonate diphosphate decarboxylase,2.25826245,6.201586758,10.19665472,0.000182918,0.003076995,0.807702323
154214,ENSG00000146373,RNF217,ring finger protein 217,-1.084876231,5.034334049,-10.18869305,0.000183588,0.003084732,0.878458425
8481,ENSG00000046651,OFD1,OFD1 centriole and centriolar satellite protein,-1.32160911,5.26068308,-10.18859757,0.000183596,0.003084732,0.86036012
147912,ENSG00000177045,SIX5,SIX homeobox 5,1.085300226,4.804029377,10.18710749,0.000183721,0.003085017,0.902478354
170960,ENSG00000182903,ZNF721,zinc finger protein 721,-1.160144864,3.222456584,-10.18401427,0.000183982,0.003087573,1.151432422
6713,ENSG00000104549,SQLE,squalene epoxidase,1.748777441,6.423220255,10.17862784,0.000184438,0.003092295,0.775157659
9984,ENSG00000079134,THOC1,THO complex subunit 1,-1.300765043,3.722901443,-10.17811344,0.000184481,0.003092295,1.062583826
27183,ENSG00000132612,VPS4A,vacuolar protein sorting 4 homolog A,0.849277698,6.240445208,10.1750516,0.000184741,0.003093069,0.772548515
138649,ENSG00000291168,ANKRD19P,"ankyrin repeat domain 19, pseudogene",-0.770639491,1.840728337,-9.785397972,0.000184745,0.003093069,1.348148819
6094,ENSG00000149489,ROM1,retinal outer segment membrane protein 1,1.624061055,1.383028928,10.1724992,0.000184958,0.003094799,1.496623211
10308,ENSG00000185947,ZNF267,zinc finger protein 267,-1.120817702,2.894724532,-10.16834728,0.000185311,0.003098884,1.205221117
57721,ENSG00000145388,METTL14,"methyltransferase 14, N6-adenosine-methyltransferase subunit",-0.64997557,3.741604615,-10.1584699,0.000185439,0.003099202,1.03348288
1305,ENSG00000197467,COL13A1,collagen type XIII alpha 1 chain,1.566893117,3.28988845,10.16087738,0.000185949,0.003103099,1.142689725
10949,ENSG00000177733,HNRNPA0,heterogeneous nuclear ribonucleoprotein A0,1.099967549,7.924177738,10.1602294,0.000186004,0.003103099,0.709575757
64782,ENSG00000181026,AEN,apoptosis enhancing nuclease,1.219399608,4.261208165,10.15830197,0.000186169,0.003103099,0.962186088
1434,ENSG00000124207,CSE1L,chromosome segregation 1 like,-0.980445007,7.289259088,-10.15805894,0.00018619,0.003103099,0.721150666
9833,ENSG00000165304,MELK,maternal embryonic leucine zipper kinase,-0.72990541,4.701533696,-10.15754017,0.000186234,0.003103099,0.892180871
10981,ENSG00000118508,RAB32,"RAB32, member RAS oncogene family",1.730383234,4.919995341,10.15644667,0.000186328,0.003103099,0.890354427
84328,ENSG00000162441,LZIC,leucine zipper and CTNNBIP1 domain containing,-0.527507051,4.18849416,-9.993615386,0.000186448,0.003103159,0.930919471
10589,ENSG00000175550,DRAP1,DR1 associated protein 1,2.286929202,7.448750546,10.15385712,0.00018655,0.003103159,0.726557878
51603,ENSG00000010165,METTL13,"methyltransferase 13, eEF1A N-terminus and K55",0.453418484,5.36027635,9.987864511,0.000186903,0.003107208,0.792463205
840,ENSG00000165806,CASP7,caspase 7,0.613428761,3.775119827,10.08102484,0.000187169,0.003109814,1.007058319
51455,ENSG00000135945,REV1,REV1 DNA directed polymerase,-0.905310207,5.276855511,-10.13850609,0.000187874,0.003119321,0.824375942
57614,ENSG00000134444,RELCH,"RAB11 binding and LisH domain, coiled-coil and HEAT repeat containing",-0.752262847,5.085020512,-10.13749822,0.000187961,0.003119321,0.839950867
79803,ENSG00000166189,HPS6,HPS6 biogenesis of lysosomal organelles complex 2 subunit 3,0.970948291,4.530496043,10.13476212,0.000188198,0.003119657,0.905402586
4833,ENSG00000103202,NME4,NME/NM23 nucleoside diphosphate kinase 4,1.354730524,6.658685548,10.13470817,0.000188203,0.003119657,0.734638311
9123,ENSG00000141526,SLC16A3,solute carrier family 16 member 3,1.105582164,6.986211211,10.13346507,0.000188311,0.003119657,0.717997964
29988,ENSG00000136856,SLC2A8,solute carrier family 2 member 8,1.086289877,3.932493769,10.13076265,0.000188546,0.003121135,0.994060906
84455,ENSG00000203965,EFCAB7,EF-hand calcium binding domain 7,-1.480378477,2.35780946,-10.12946509,0.000188659,0.003121135,1.302438961
51542,ENSG00000143952,VPS54,VPS54 subunit of GARP complex,-0.918029029,4.819060079,-10.12864646,0.00018873,0.003121135,0.866165309
6278,ENSG00000143556,S100A7,S100 calcium binding protein A7,4.632462211,-1.865252727,10.11852688,0.000189614,0.00313292,1.559531885
63874,ENSG00000100439,ABHD4,"abhydrolase domain containing 4, N-acyl phospholipase B",0.463758247,7.197884864,10.11723561,0.000189727,0.00313292,0.698750094
391253,ENSG00000149651,SPINT4,"serine peptidase inhibitor, Kunitz type 4",-3.382205212,-3.527490585,-10.11669965,0.000189774,0.00313292,1.449947953
11285,ENSG00000027847,B4GALT7,"beta-1,4-galactosyltransferase 7",1.011440988,4.910547212,10.10931556,0.000190422,0.003141799,0.84668467
81552,ENSG00000154978,VOPP1,VOPP1 WW domain binding protein,-0.304558123,8.973771932,-9.602489872,0.00019074,0.003145213,0.585053664
197335,ENSG00000161996,WDR90,WD repeat domain 90,-1.63709541,5.06224127,-10.10283448,0.000190993,0.003147568,0.842376113
50848,ENSG00000158769,F11R,F11 receptor,0.587514962,8.002426542,10.0988319,0.000191347,0.003151571,0.673788515
23347,ENSG00000101596,SMCHD1,structural maintenance of chromosomes flexible hinge domain containing 1,-1.379005069,6.123831744,-10.09334404,0.000191834,0.003157752,0.740678548
55686,ENSG00000118242,MREG,melanoregulin,0.704941256,6.048735664,10.0917545,0.000191975,0.003158245,0.737553447
138428,ENSG00000187024,PTRH1,peptidyl-tRNA hydrolase 1 homolog,1.683627394,3.333001557,10.08286802,0.000192767,0.003168023,1.098512623
51171,ENSG00000087076,HSD17B14,hydroxysteroid 17-beta dehydrogenase 14,1.868377334,4.062873038,10.08080537,0.000192951,0.003168023,0.976916129
10388,ENSG00000196074,SYCP2,synaptonemal complex protein 2,-2.576680387,1.495732415,-10.07960277,0.000193059,0.003168023,1.469564264
9127,ENSG00000099957,P2RX6,purinergic receptor P2X 6,1.368782718,3.614672958,10.07798074,0.000193204,0.003168023,1.029638144
4201,ENSG00000124733,MEA1,male-enhanced antigen 1,1.488880924,5.371138451,10.07763591,0.000193235,0.003168023,0.792511213
4694,ENSG00000125356,NDUFA1,NADH:ubiquinone oxidoreductase subunit A1,1.804076053,5.699695936,10.07758862,0.000193239,0.003168023,0.769814063
51107,ENSG00000117362,APH1A,"aph-1 homolog A, gamma-secretase subunit",0.834021826,7.823275916,10.07223593,0.000193719,0.003172963,0.662316648
441282,ENSG00000227471,AKR1B15,aldo-keto reductase family 1 member B15,1.710213471,4.673014406,10.07024656,0.000193898,0.003172963,0.87384285
51028,ENSG00000136100,VPS36,vacuolar protein sorting 36 homolog,-0.839510344,4.882207587,-10.0694159,0.000193972,0.003172963,0.825407344
84640,ENSG00000170185,USP38,ubiquitin specific peptidase 38,-0.570449554,4.289867845,-10.03529334,0.000193987,0.003172963,0.890090534
56945,ENSG00000175110,MRPS22,mitochondrial ribosomal protein S22,-0.689453966,5.619641172,-10.06120189,0.000194713,0.003183005,0.750805595
79698,ENSG00000165061,ZMAT4,zinc finger matrin-type 4,-1.344941351,1.471146363,-10.05929294,0.000194886,0.003183994,1.418175705
54921,ENSG00000168802,CHTF8,chromosome transmission fidelity factor 8,0.910693819,6.630318766,10.05471363,0.000195301,0.003188937,0.687639881
140700,ENSG00000130590,SAMD10,sterile alpha motif domain containing 10,0.836016649,4.130961338,10.03861183,0.000196768,0.003211047,0.906440681
80271,ENSG00000086544,ITPKC,inositol-trisphosphate 3-kinase C,0.684649443,5.280304379,10.03692024,0.000196923,0.003211729,0.76544958
2621,ENSG00000183087,GAS6,growth arrest specific 6,1.244893206,5.665410677,10.03275917,0.000197304,0.003216106,0.737700846
10501,ENSG00000167680,SEMA6B,semaphorin 6B,1.563923872,5.531035763,10.0303608,0.000197525,0.003217851,0.753376723
207,ENSG00000142208,AKT1,AKT serine/threonine kinase 1,0.664160482,7.057315327,10.02666515,0.000197865,0.003220493,0.654012162
84419,ENSG00000166920,C15orf48,chromosome 15 open reading frame 48,2.083217028,6.235028299,10.02613445,0.000197914,0.003220493,0.708704155
54465,ENSG00000143971,ETAA1,ETAA1 activator of ATR kinase,-1.041686491,4.164860757,-10.02288901,0.000198213,0.003222275,0.898701117
4090,ENSG00000113658,SMAD5,SMAD family member 5,-1.013274041,5.764561635,-10.02248771,0.00019825,0.003222275,0.721713135
55610,ENSG00000004766,VPS50,VPS50 subunit of EARP/GARPII complex,-0.935638431,5.452343894,-10.01921844,0.000198552,0.00322534,0.743967132
3991,ENSG00000079435,LIPE,"lipase E, hormone sensitive type",1.445944641,4.93758723,10.01764586,0.000198698,0.003225859,0.803802959
80856,ENSG00000144320,LNPK,"lunapark, ER junction formation factor",-0.758580799,4.977063505,-10.0083947,0.000199557,0.003237952,0.780519804
79609,ENSG00000100483,VCPKMT,valosin containing protein lysine methyltransferase,-1.044952541,3.525010517,-10.00250461,0.000200106,0.003245008,0.993924055
5725,ENSG00000011304,PTBP1,polypyrimidine tract binding protein 1,0.348926082,8.789414357,9.697740767,0.000200447,0.003248595,0.561099686
9235,ENSG00000008517,IL32,interleukin 32,3.94574997,3.579707269,9.997692238,0.000200556,0.003248595,1.163473933
978,ENSG00000158825,CDA,cytidine deaminase,1.365186568,5.15742682,9.986922665,0.000201568,0.003260418,0.761182678
55632,ENSG00000092140,G2E3,G2/M-phase specific E3 ubiquitin protein ligase,-1.21584562,4.967568119,-9.986619062,0.000201596,0.003260418,0.778215797
2896,ENSG00000030582,GRN,granulin precursor,0.977728614,8.212453911,9.986255626,0.00020163,0.003260418,0.609843438
57559,ENSG00000138134,STAMBPL1,STAM binding protein like 1,-0.681059706,4.317330732,-9.984748011,0.000201772,0.003260859,0.847282911
126068,ENSG00000197044,ZNF441,zinc finger protein 441,-2.485075565,-0.12253583,-9.982487616,0.000201986,0.00326245,1.54278354
1645,ENSG00000187134,AKR1C1,aldo-keto reductase family 1 member C1,0.716439419,10.5361147,9.980703076,0.000202154,0.0032625,0.592807126
50814,ENSG00000147383,NSDHL,NAD(P) dependent steroid dehydrogenase-like,1.48972664,5.553894131,9.979068209,0.000202309,0.0032625,0.721664699
23244,ENSG00000121892,PDS5A,PDS5 cohesin associated factor A,-0.808423969,7.79976852,-9.978808586,0.000202334,0.0032625,0.611188016
3038,ENSG00000103044,HAS3,hyaluronan synthase 3,-2.033866157,3.255486727,-9.976983111,0.000202506,0.003263434,1.077003795
779,ENSG00000081248,CACNA1S,calcium voltage-gated channel subunit alpha1 S,-3.220674191,-3.602067081,-9.973681726,0.000202819,0.003266625,1.391278919
9604,ENSG00000013561,RNF14,ring finger protein 14,0.388076257,5.34568412,9.637432934,0.000203017,0.003267959,0.666660659
23517,ENSG00000039123,MTREX,Mtr4 exosome RNA helicase,-0.662307174,6.034822588,-9.96957523,0.00020321,0.003269006,0.671158525
2242,ENSG00000182511,FES,"FES proto-oncogene, tyrosine kinase",1.416021752,-1.077098834,9.474442743,0.000203313,0.003269006,1.505918018
5524,ENSG00000119383,PTPA,protein phosphatase 2 phosphatase activator,1.218718724,7.420795142,9.966500095,0.000203502,0.003270205,0.613992629
51008,ENSG00000138303,ASCC1,activating signal cointegrator 1 complex subunit 1,0.453587853,6.147286373,9.900821402,0.000204022,0.003276701,0.648725581
124590,ENSG00000182040,USH1G,USH1 protein network component sans,2.146161074,-1.226698494,9.955539015,0.00020455,0.003283324,1.524791197
4863,ENSG00000149308,NPAT,"nuclear protein, coactivator of histone transcription",-1.695193404,3.324931123,-9.953299861,0.000204765,0.003284916,1.032029399
1611,ENSG00000112977,DAP,death associated protein,0.40797173,8.586665624,9.852110001,0.000204888,0.00328504,0.57019387
8721,ENSG00000107223,EDF1,endothelial differentiation related factor 1,2.087051835,7.504887666,9.94968343,0.000205112,0.003286777,0.610133796
390928,ENSG00000183760,ACP7,"acid phosphatase 7, tartrate resistant (putative)",1.449875534,4.416132386,9.947797352,0.000205294,0.00328783,0.83281036
26160,ENSG00000138002,IFT172,intraflagellar transport 172,-0.68577521,4.141454003,-9.944758582,0.000205587,0.003290664,0.850956279
8548,ENSG00000117475,BLZF1,basic leucine zipper nuclear factor 1,-0.979741502,4.408709515,-9.94176379,0.000205876,0.003293041,0.817289894
593,ENSG00000248098,BCKDHA,branched chain keto acid dehydrogenase E1 subunit alpha,0.733588395,5.930231378,9.939885371,0.000206058,0.003293041,0.661803536
79666,ENSG00000175895,PLEKHF2,pleckstrin homology and FYVE domain containing 2,-0.822373068,4.281984453,-9.939619429,0.000206083,0.003293041,0.83028225
64745,ENSG00000165792,METTL17,methyltransferase like 17,-0.363573311,4.634423974,-9.435082223,0.000206214,0.003293141,0.693043111
8323,ENSG00000164930,FZD6,frizzled class receptor 6,-0.718868592,5.818350383,-9.937159068,0.000206321,0.003293141,0.668008297
255082,ENSG00000177640,CASC2,cancer susceptibility 2,-1.86976685,0.274649913,-9.932297345,0.000206793,0.003298814,1.498965983
2564,ENSG00000102287,GABRE,gamma-aminobutyric acid type A receptor subunit epsilon,-4.181158684,5.75980775,-9.928175936,0.000207194,0.003303352,0.780025442
11051,ENSG00000167005,NUDT21,nudix hydrolase 21,-0.555563684,7.896357987,-9.924462617,0.000207556,0.003306009,0.579009693
151195,ENSG00000163249,CCNYL1,cyclin Y like 1,-0.381562102,5.288670412,-9.569116291,0.000207593,0.003306009,0.641625215
58472,ENSG00000137767,SQOR,sulfide quinone oxidoreductase,1.0081913,5.713686742,9.910791961,0.000208895,0.003324243,0.663508657
9735,ENSG00000184445,KNTC1,kinetochore associated 1,-1.866069521,4.730886332,-9.909638712,0.000209008,0.003324243,0.785285824
9063,ENSG00000078043,PIAS2,protein inhibitor of activated STAT 2,-0.635469103,4.150391758,-9.908810917,0.00020909,0.003324243,0.828823476
101928062,ENSG00000257815,PRANCR,progenitor renewal associated non-coding RNA,-1.56061319,0.157682122,-9.857156174,0.000209257,0.003324903,1.486202964
340481,ENSG00000175893,ZDHHC21,zinc finger DHHC-type palmitoyltransferase 21,-2.212878315,4.024110267,-9.906012057,0.000209365,0.003324903,0.907772775
22921,ENSG00000148450,MSRB2,methionine sulfoxide reductase B2,1.252413274,4.49805215,9.895974609,0.000210358,0.003338795,0.786313988
55244,ENSG00000142494,SLC47A1,solute carrier family 47 member 1,-2.344718865,1.123989664,-9.892558916,0.000210697,0.003340774,1.411493802
8987,ENSG00000118804,STBD1,starch binding domain 1,1.789384384,0.055356788,9.891675176,0.000210784,0.003340774,1.490490243
23589,ENSG00000153048,CARHSP1,calcium regulated heat stable protein 1,1.126664261,6.622534068,9.891163583,0.000210835,0.003340774,0.599542764
1735,ENSG00000197406,DIO3,iodothyronine deiodinase 3,2.573950183,2.529956457,9.889397416,0.000211011,0.00334119,1.199710371
5742,ENSG00000095303,PTGS1,prostaglandin-endoperoxide synthase 1,-0.810662708,3.601019218,-9.886592529,0.00021129,0.00334119,0.910271659
338799,ENSG00000212694,LINC01089,long intergenic non-protein coding RNA 1089,-1.721188434,3.036346777,-9.886410425,0.000211308,0.00334119,1.052362072
54620,ENSG00000099364,FBXL19,F-box and leucine rich repeat protein 19,0.804375299,5.743254012,9.886171982,0.000211332,0.00334119,0.645582058
150383,ENSG00000205643,CDPF1,cysteine rich DPF motif domain containing 1,0.489667143,3.081262398,9.382141314,0.000211915,0.003348542,0.917015932
10748,NA,KLRA1P,"killer cell lectin like receptor A1, pseudogene",-3.750525293,0.648023375,-9.878383223,0.00021211,0.00334858,1.478514067
254773,ENSG00000185674,LYG2,lysozyme g2,-4.002049768,-2.687364614,-9.877953933,0.000212153,0.00334858,1.40993702
3845,ENSG00000133703,KRAS,"KRAS proto-oncogene, GTPase",-1.155399857,6.92112125,-9.876458252,0.000212303,0.003349084,0.579324675
64788,ENSG00000103227,LMF1,lipase maturation factor 1,2.074915793,3.799052939,9.873247957,0.000212625,0.003352303,0.919520252
56977,ENSG00000173320,STOX2,storkhead box 2,-1.271830229,2.404849469,-9.871514397,0.0002128,0.003353187,1.147639511
10111,ENSG00000113522,RAD50,RAD50 double strand break repair protein,-1.168145442,6.115501373,-9.866498651,0.000213304,0.003358457,0.613244168
306,ENSG00000138772,ANXA3,annexin A3,1.051586738,6.973296073,9.865843007,0.000213371,0.003358457,0.570244254
5883,ENSG00000172613,RAD9A,RAD9 checkpoint clamp component A,-0.491122453,4.397031732,-9.695109099,0.000214108,0.003366515,0.737094964
11177,ENSG00000198604,BAZ1A,bromodomain adjacent to zinc finger domain 1A,-0.546884997,6.354118198,-9.858431102,0.00021412,0.003366515,0.590134433
388588,ENSG00000235169,SMIM1,small integral membrane protein 1 (Vel blood group),2.212281103,2.494736554,9.85141451,0.000214832,0.003374618,1.164891172
85026,ENSG00000203993,ARRDC1-AS1,ARRDC1 antisense RNA 1,0.735220332,4.174231268,9.851010506,0.000214873,0.003374618,0.794619684
6649,ENSG00000109610,SOD3,superoxide dismutase 3,2.160126919,2.730714591,9.848259296,0.000215153,0.003376822,1.114428833
101,ENSG00000151651,ADAM8,ADAM metallopeptidase domain 8,0.82730133,6.80261136,9.847295448,0.000215251,0.003376822,0.564560565
9801,ENSG00000115364,MRPL19,mitochondrial ribosomal protein L19,-0.495609046,6.16444824,-9.843395909,0.000215649,0.003379853,0.592208342
4582,ENSG00000185499,MUC1,"mucin 1, cell surface associated",1.498754126,5.873220647,9.84306864,0.000215682,0.003379853,0.620549719
2627,ENSG00000141448,GATA6,GATA binding protein 6,1.455045631,4.337751232,9.838877645,0.000216111,0.003383083,0.783814058
51207,ENSG00000079393,DUSP13B,dual specificity phosphatase 13B,1.201175697,5.444999841,9.838723962,0.000216127,0.003383083,0.648240072
22878,ENSG00000153339,TRAPPC8,trafficking protein particle complex subunit 8,-0.962064581,4.79485233,-9.835245549,0.000216483,0.003384299,0.708371569
54932,ENSG00000187609,EXD3,exonuclease 3'-5' domain containing 3,0.815536359,4.130354304,9.835029553,0.000216505,0.003384299,0.794112635
124565,ENSG00000157637,SLC38A10,solute carrier family 38 member 10,0.450848773,7.239522762,9.83447905,0.000216562,0.003384299,0.54113319
57106,ENSG00000090971,NAT14,N-acetyltransferase 14 (putative),2.043861861,6.791938773,9.830115552,0.00021701,0.003389442,0.569871802
55740,ENSG00000154380,ENAH,ENAH actin regulator,-0.692738327,8.118705925,-9.826908181,0.000217341,0.003392453,0.52176953
9811,ENSG00000134030,CTIF,cap binding complex dependent translation initiation factor,0.778216504,4.745819115,9.824800938,0.000217558,0.003392453,0.704362321
8407,ENSG00000158710,TAGLN2,transgelin 2,1.250463804,8.752642182,9.82476726,0.000217561,0.003392453,0.514726691
8704,ENSG00000117411,B4GALT2,"beta-1,4-galactosyltransferase 2",1.04077846,5.952574232,9.821149592,0.000217935,0.003396417,0.596652738
9394,ENSG00000136720,HS6ST1,heparan sulfate 6-O-sulfotransferase 1,0.976109845,5.049174603,9.818862465,0.000218172,0.003398241,0.671007487
56975,ENSG00000177706,FAM20C,FAM20C golgi associated secretory pathway kinase,1.462208215,5.925383002,9.815016115,0.000218571,0.003402586,0.6005692
164091,ENSG00000182749,PAQR7,progestin and adipoQ receptor family member 7,1.130706255,5.080391755,9.808601094,0.000219238,0.003411101,0.664967995
57122,ENSG00000111581,NUP107,nucleoporin 107,-1.107644661,5.773140082,-9.806854993,0.00021942,0.003412063,0.602401422
644794,NA,LINC02604,long intergenic non-protein coding RNA 2604,-1.461186926,2.808662509,-9.804683124,0.000219646,0.003413717,1.039814429
8216,ENSG00000099949,LZTR1,leucine zipper like post translational regulator 1,1.402024308,5.391127017,9.80287707,0.000219835,0.00341478,0.636711524
27289,ENSG00000172602,RND1,Rho family GTPase 1,1.081395874,3.439361048,9.80149873,0.000219979,0.003415151,0.899479391
24139,ENSG00000125746,EML2,EMAP like 2,1.05143854,6.602192667,9.799963539,0.00022014,0.003415777,0.548677472
7813,ENSG00000067208,EVI5,ecotropic viral integration site 5,-0.809809225,4.602468602,-9.796760165,0.000220476,0.003419117,0.707312729
199953,ENSG00000188807,TMEM201,transmembrane protein 201,0.25604055,3.612869196,9.304126066,0.000220662,0.003420133,0.767493713
80975,ENSG00000166682,TMPRSS5,transmembrane serine protease 5,-1.637390448,-1.91075939,-9.353575965,0.000220847,0.003421137,1.408801429
10301,ENSG00000176124,DLEU1,deleted in lymphocytic leukemia 1,-0.582536076,3.54461337,-9.655699925,0.000221097,0.003421697,0.840787632
284702,NA,NA,NA,-3.773782398,4.09063958,-9.789138785,0.000221277,0.003421697,0.9425103
124402,ENSG00000153443,UBALD1,UBA like domain containing 1,0.881058991,4.690881955,9.788589191,0.000221335,0.003421697,0.692614908
83594,ENSG00000112874,NUDT12,nudix hydrolase 12,-0.912815929,4.25868458,-9.788300201,0.000221365,0.003421697,0.751740769
26035,ENSG00000138604,GLCE,glucuronic acid epimerase,-0.919472783,4.979423031,-9.78286987,0.000221938,0.003428691,0.657688604
10226,ENSG00000105355,PLIN3,perilipin 3,0.848360778,7.328299525,9.775461216,0.000222723,0.003438944,0.507324709
5932,ENSG00000101773,RBBP8,"RB binding protein 8, endonuclease",-0.925809039,4.578934961,-9.767690183,0.00022355,0.003449367,0.696421267
51249,ENSG00000159596,TMEM69,transmembrane protein 69,-0.603400401,6.093439389,-9.7668357,0.000223641,0.003449367,0.554023578
83986,ENSG00000167930,FAM234A,family with sequence similarity 234 member A,1.023987584,6.617021119,9.765084049,0.000223828,0.003450376,0.52811086
11244,ENSG00000165156,ZHX1,zinc fingers and homeoboxes 1,-0.917697415,5.196546038,-9.758114385,0.000224574,0.003459994,0.621760666
7771,ENSG00000062370,ZNF112,zinc finger protein 112,-1.998027571,1.436895829,-9.756691305,0.000224726,0.003460468,1.287620977
23109,ENSG00000181418,DDN,dendrin,-0.702386685,0.645609974,-9.267391955,0.000224928,0.003461449,1.305411888
51166,ENSG00000109576,AADAT,aminoadipate aminotransferase,-1.501628815,1.694505877,-9.753464338,0.000225073,0.003461449,1.225894689
81618,ENSG00000135916,ITM2C,integral membrane protein 2C,0.860265624,7.155670597,9.752693892,0.000225156,0.003461449,0.49927656
360023,ENSG00000177888,ZBTB41,zinc finger and BTB domain containing 41,-1.101305226,5.386821566,-9.751161109,0.000225321,0.00346211,0.603080224
84971,ENSG00000130734,ATG4D,autophagy related 4D cysteine peptidase,1.141853061,4.665836891,9.744852286,0.000226001,0.003467601,0.6769891
101059948,ENSG00000268655,SAXO3,stabilizer of axonemal microtubules 3,2.193591006,0.115034323,9.744614304,0.000226027,0.003467601,1.419378524
51292,ENSG00000100938,GMPR2,guanosine monophosphate reductase 2,0.89612729,7.149850175,9.744451111,0.000226044,0.003467601,0.495027693
55898,ENSG00000140553,UNC45A,unc-45 myosin chaperone A,0.952845073,6.799940125,9.739169433,0.000226616,0.003473126,0.504869562
27340,ENSG00000120800,UTP20,UTP20 small subunit processome component,-1.966640334,4.324002372,-9.738690587,0.000226668,0.003473126,0.753114781
100505573,ENSG00000259330,INAFM2,InaF motif containing 2,0.972804526,2.757498213,9.737735024,0.000226771,0.003473126,0.993136041
8538,ENSG00000043039,BARX2,BARX homeobox 2,1.13804877,2.963223976,9.731141677,0.000227488,0.003482222,0.954363821
644596,ENSG00000196972,SMIM10L2B,small integral membrane protein 10 like 2B,2.995787196,0.650739972,9.72752756,0.000227882,0.003485272,1.390180625
2175,ENSG00000187741,FANCA,FA complementation group A,-1.659266089,2.782673168,-9.727062225,0.000227933,0.003485272,1.01134429
51380,ENSG00000139631,CSAD,cysteine sulfinic acid decarboxylase,-2.180560146,3.199428664,-9.723261522,0.000228348,0.003489742,0.957701809
148022,ENSG00000127666,TICAM1,TIR domain containing adaptor molecule 1,1.163685022,4.672218345,9.718064641,0.000228917,0.003495029,0.661745536
147949,ENSG00000198440,ZNF583,zinc finger protein 583,-1.203306135,0.231064587,-9.417226358,0.00022894,0.003495029,1.357830678
2264,ENSG00000160867,FGFR4,fibroblast growth factor receptor 4,1.406681191,4.382746419,9.713514032,0.000229417,0.00349961,0.705552397
57171,ENSG00000167130,DOLPP1,dolichyldiphosphatase 1,0.289629079,4.70619997,9.229043208,0.000229487,0.00349961,0.558607366
9168,ENSG00000034510,TMSB10,thymosin beta 10,1.983428717,8.683433706,9.71029948,0.000229771,0.003500632,0.452235459
83742,ENSG00000155254,MARVELD1,MARVEL domain containing 1,0.682896548,6.44362802,9.710032567,0.0002298,0.003500632,0.502590615
221035,ENSG00000165476,REEP3,receptor accessory protein 3,-0.819538077,6.265009678,-9.708915985,0.000229924,0.003500632,0.512671126
10948,ENSG00000131748,STARD3,StAR related lipid transfer domain containing 3,0.795855098,5.222199062,9.699210512,0.000230997,0.003504776,0.58401029
7041,ENSG00000140682,TGFB1I1,transforming growth factor beta 1 induced transcript 1,1.624209812,2.001186367,9.698854578,0.000231036,0.003504776,1.144656573
71,ENSG00000184009,ACTG1,actin gamma 1,0.541355004,12.62421414,9.698089088,0.000231121,0.003504776,0.444643659
54737,ENSG00000196199,MPHOSPH8,M-phase phosphoprotein 8,-0.573933441,4.522162267,-9.696869244,0.000231257,0.003504776,0.657502927
7592,ENSG00000147124,ZNF41,zinc finger protein 41,-1.35214151,2.351138489,-9.696652306,0.000231281,0.003504776,1.066230818
10066,ENSG00000140497,SCAMP2,secretory carrier membrane protein 2,0.546804707,6.170034638,9.695076244,0.000231456,0.003504776,0.508390315
375444,ENSG00000172244,C5orf34,chromosome 5 open reading frame 34,-0.945201618,3.052455236,-9.694986396,0.000231466,0.003504776,0.910641115
8615,ENSG00000138768,USO1,USO1 vesicle transport factor,-0.67946218,6.527144678,-9.694461993,0.000231524,0.003504776,0.489756958
22803,ENSG00000088930,XRN2,5'-3' exoribonuclease 2,-0.446932857,6.833909628,-9.690177108,0.000231664,0.003504776,0.473845701
51726,ENSG00000090520,DNAJB11,DnaJ heat shock protein family (Hsp40) member B11,0.401994145,6.330772658,9.539522626,0.000231861,0.003504776,0.470925428
147727,ENSG00000267100,ILF3-DT,ILF3 divergent transcript,0.845270428,4.230310846,9.689988381,0.000232022,0.003504776,0.698534427
286319,ENSG00000198680,TUSC1,tumor suppressor candidate 1,1.326935001,3.309624612,9.689849126,0.000232038,0.003504776,0.870795011
100132707,NA,PAXIP1-AS2,PAXIP1 antisense RNA 2,-0.97408643,0.992687148,-9.383277776,0.000232396,0.003504776,1.248731371
92181,ENSG00000168246,UBTD2,ubiquitin domain containing 2,-0.369116341,5.224546852,-9.326008359,0.000232447,0.003504776,0.511192804
200576,ENSG00000115020,PIKFYVE,"phosphoinositide kinase, FYVE-type zinc finger containing",-1.180484457,5.130694008,-9.684252102,0.000232663,0.003504776,0.591347759
284306,ENSG00000152433,ZNF547,zinc finger protein 547,-1.846750826,1.012341058,-9.684184112,0.00023267,0.003504776,1.303217711
10148,ENSG00000105246,EBI3,Epstein-Barr virus induced 3,3.202112148,2.309454772,9.683788134,0.000232715,0.003504776,1.169259724
10410,ENSG00000142089,IFITM3,interferon induced transmembrane protein 3,1.637833825,6.88661047,9.683395148,0.000232759,0.003504776,0.477188334
55055,ENSG00000174442,ZWILCH,zwilch kinetochore protein,-0.998490112,3.623368339,-9.683117083,0.00023279,0.003504776,0.798210976
55623,ENSG00000066654,THUMPD1,THUMP domain containing 1,-0.59763689,5.6155738,-9.682865461,0.000232818,0.003504776,0.5394537
10099,ENSG00000140391,TSPAN3,tetraspanin 3,0.720882771,7.055385092,9.682163927,0.000232897,0.003504776,0.461577085
25792,ENSG00000148337,CIZ1,CDKN1A interacting zinc finger protein 1,0.642388878,7.029603124,9.680507331,0.000233082,0.003504776,0.461046927
84717,ENSG00000167674,HDGFL2,HDGF like 2,0.962192429,5.906831559,9.678492049,0.000233308,0.003504776,0.518499648
55149,ENSG00000107951,MTPAP,mitochondrial poly(A) polymerase,-0.460486396,4.489431507,-9.481782361,0.000233385,0.003504776,0.616868003
10735,ENSG00000101972,STAG2,STAG2 cohesin complex component,-1.024757467,7.778381501,-9.677762863,0.00023339,0.003504776,0.443315674
11078,ENSG00000100106,TRIOBP,TRIO and F-actin binding protein,-0.597451353,7.386317792,-9.677630551,0.000233405,0.003504776,0.449487098
283050,ENSG00000224596,ZMIZ1-AS1,ZMIZ1 antisense RNA 1,-1.075623892,0.889063949,-9.457559773,0.000233762,0.003505677,1.269933174
90120,ENSG00000238227,TMEM250,transmembrane protein 250,1.102485258,6.254627597,9.674243834,0.000233786,0.003505677,0.495791676
80727,ENSG00000136295,TTYH3,tweety family member 3,0.878158652,7.79131644,9.673802182,0.000233835,0.003505677,0.440249434
55753,ENSG00000197444,OGDHL,oxoglutarate dehydrogenase L,3.56293039,1.550372752,9.665926015,0.000234724,0.003517137,1.28913087
285753,ENSG00000183137,CEP57L1,centrosomal protein 57 like 1,-1.276021457,2.917378044,-9.659870148,0.000235409,0.003525553,0.929858047
23555,ENSG00000099282,TSPAN15,tetraspanin 15,0.644042343,6.824313169,9.658029253,0.000235618,0.003526821,0.455594026
51093,ENSG00000143303,METTL25B,methyltransferase like 25B,0.959523861,5.181855397,9.65169313,0.000236339,0.003535747,0.563216613
10092,ENSG00000162704,ARPC5,actin related protein 2/3 complex subunit 5,0.889805664,7.384786604,9.645988266,0.00023699,0.003541364,0.432665349
728431,ENSG00000233621,LITATS1,lncRNA induced by TGF-beta and antagonizes TGF-beta signaling 1,1.203503045,3.519201753,9.645001033,0.000237103,0.003541364,0.801498659
30811,ENSG00000142149,HUNK,hormonally up-regulated Neu-associated kinase,4.133516553,-2.104998564,9.644910804,0.000237114,0.003541364,1.349327139
84775,ENSG00000198182,ZNF607,zinc finger protein 607,-1.00562466,2.734049435,-9.644038877,0.000237213,0.003541364,0.947948447
3455,ENSG00000159110,IFNAR2,interferon alpha and beta receptor subunit 2,0.575179414,3.644257527,9.53832683,0.000237411,0.003542447,0.743979177
26996,ENSG00000173890,GPR160,G protein-coupled receptor 160,-1.206339209,3.287556875,-9.635035301,0.000238247,0.003550562,0.840931107
85465,ENSG00000138018,SELENOI,selenoprotein I,-1.211328628,6.612190008,-9.634967738,0.000238255,0.003550562,0.456681042
3416,ENSG00000119912,IDE,insulin degrading enzyme,-0.64989787,5.786812831,-9.634314962,0.00023833,0.003550562,0.499496233
23780,ENSG00000128335,APOL2,apolipoprotein L2,-0.928153362,3.829725584,-9.632104126,0.000238584,0.003552493,0.731751535
91304,ENSG00000182087,TMEM259,transmembrane protein 259,0.452338692,7.589165517,9.630163753,0.000238808,0.003553961,0.417742357
4541,ENSG00000198695,ND6,NADH dehydrogenase subunit 6,-1.311938828,8.872342606,-9.625133271,0.00023939,0.003559377,0.400656176
10625,ENSG00000116679,IVNS1ABP,influenza virus NS1A binding protein,0.300552083,5.919879648,9.148504684,0.000239423,0.003559377,0.400459721
152185,ENSG00000163611,SPICE1,spindle and centriole associated protein 1,-1.06753504,4.871724323,-9.619713299,0.000240018,0.003565453,0.580242954
6655,ENSG00000100485,SOS2,SOS Ras/Rho guanine nucleotide exchange factor 2,-0.988667508,5.326679753,-9.618319832,0.00024018,0.003565453,0.531437242
5504,ENSG00000184203,PPP1R2,protein phosphatase 1 regulatory inhibitor subunit 2,-0.696657235,6.358915572,-9.618074158,0.000240208,0.003565453,0.454940291
65082,ENSG00000139719,VPS33A,VPS33A core subunit of CORVET and HOPS complexes,-0.329015816,4.880773022,-9.140574291,0.000240429,0.003565974,0.484654027
26001,ENSG00000108523,RNF167,ring finger protein 167,1.012177392,6.748399205,9.614623662,0.00024061,0.003565974,0.436656146
9874,ENSG00000198586,TLK1,tousled like kinase 1,-0.493199134,6.057034358,-9.61327967,0.000240766,0.003565974,0.468607482
16,ENSG00000090861,AARS1,alanyl-tRNA synthetase 1,0.517608764,8.806811435,9.612487134,0.000240859,0.003565974,0.393184918
23219,ENSG00000143756,FBXO28,F-box protein 28,-0.783216284,5.87679593,-9.612378557,0.000240871,0.003565974,0.481567116
339829,ENSG00000284862,CCDC39,coiled-coil domain containing 39,-3.228413452,1.134750851,-9.608635149,0.000241308,0.003568914,1.294056642
868,ENSG00000114423,CBLB,Cbl proto-oncogene B,-1.649978238,6.368423932,-9.60852362,0.000241321,0.003568914,0.459349695
5825,ENSG00000117528,ABCD3,ATP binding cassette subfamily D member 3,-0.623855238,5.680832266,-9.602762724,0.000241995,0.003576358,0.489034496
55000,ENSG00000253352,TUG1,taurine up-regulated 1,-2.467006234,6.988132898,-9.602072597,0.000242076,0.003576358,0.439408159
54477,ENSG00000052126,PLEKHA5,pleckstrin homology domain containing A5,-0.728288707,4.676061797,-9.599399465,0.00024239,0.003577144,0.585228894
55208,ENSG00000150401,DCUN1D2,defective in cullin neddylation 1 domain containing 2,-0.556778963,4.38167877,-9.598746194,0.000242467,0.003577144,0.620404051
66036,ENSG00000104643,MTMR9,myotubularin related protein 9,-0.823607849,3.636024836,-9.598400571,0.000242508,0.003577144,0.743427141
6117,ENSG00000132383,RPA1,replication protein A1,0.396406107,6.836530093,9.46699715,0.000243241,0.003586097,0.394875537
10381,ENSG00000258947,TUBB3,tubulin beta 3 class III,1.269455746,5.471001469,9.590770636,0.000243406,0.003586676,0.506873925
91661,ENSG00000196417,ZNF765,zinc finger protein 765,-2.048327613,3.633910449,-9.587265388,0.000243821,0.003589173,0.790374686
113655,ENSG00000167700,MFSD3,major facilitator superfamily domain containing 3,1.650226344,5.697537134,9.587197792,0.000243829,0.003589173,0.492379004
10616,ENSG00000125826,RBCK1,RANBP2-type and C3HC4-type zinc finger containing 1,0.340813887,8.814026358,9.327245535,0.000244048,0.003590534,0.332744702
317662,ENSG00000138286,FAM149B1,family with sequence similarity 149 member B1,-0.5973908,4.947551575,-9.581445248,0.00024451,0.00359548,0.542231657
4794,ENSG00000146232,NFKBIE,NFKB inhibitor epsilon,1.581844392,4.266646516,9.578222549,0.000244893,0.003599247,0.652696214
164781,ENSG00000123977,DAW1,dynein assembly factor with WD repeats 1,1.725032229,-1.884015278,9.248801357,0.000245342,0.003599602,1.316702316
7042,ENSG00000092969,TGFB2,transforming growth factor beta 2,0.98885858,4.75416124,9.574141441,0.000245379,0.003599602,0.565658687
91057,ENSG00000109881,CCDC34,coiled-coil domain containing 34,-0.938912165,4.739274319,-9.574107243,0.000245383,0.003599602,0.566887222
84910,ENSG00000153214,TMEM87B,transmembrane protein 87B,-0.415673678,6.673230441,-9.49730197,0.000245425,0.003599602,0.399488066
203260,ENSG00000159884,CCDC107,coiled-coil domain containing 107,2.68632185,0.904794186,9.572593357,0.000245564,0.003599786,1.280762555
794,ENSG00000172137,CALB2,calbindin 2,1.12716186,7.53610753,9.570867192,0.00024577,0.003600948,0.387377254
84295,ENSG00000156531,PHF6,PHD finger protein 6,-0.854589463,6.798617034,-9.56567253,0.000246391,0.003606165,0.405350602
83856,ENSG00000106701,FSD1L,fibronectin type III and SPRY domain containing 1 like,-1.710812589,1.796044144,-9.565576413,0.000246403,0.003606165,1.114416921
23397,ENSG00000121152,NCAPH,non-SMC condensin I complex subunit H,-0.686112309,4.939626989,-9.563701329,0.000246628,0.003606165,0.533983996
64856,ENSG00000179403,VWA1,von Willebrand factor A domain containing 1,1.050463015,5.439256577,9.563647439,0.000246634,0.003606165,0.490575709
4298,ENSG00000130382,MLLT1,MLLT1 super elongation complex subunit,0.755984325,6.046598687,9.561492133,0.000246893,0.003607192,0.440791426
26271,ENSG00000112029,FBXO5,F-box protein 5,-1.430906101,3.723996487,-9.560945649,0.000246958,0.003607192,0.727320501
10577,ENSG00000119655,NPC2,NPC intracellular cholesterol transporter 2,1.037874224,8.317237048,9.559214185,0.000247166,0.003607282,0.367729418
100130950,ENSG00000261879,ZNF594-DT,ZNF594 divergent transcript,-1.415069247,-0.08385069,-9.381027095,0.000247219,0.003607282,1.314130373
1537,ENSG00000179091,CYC1,cytochrome c1,0.937214139,7.650159186,9.556756979,0.000247462,0.003608943,0.37597258
9055,ENSG00000198901,PRC1,protein regulator of cytokinesis 1,-0.400576797,5.986888764,-9.393784429,0.000247587,0.003608943,0.411918402
255812,ENSG00000290763,SDHAP1,SDHA pseudogene 1,-0.856121914,4.606259996,-9.551060667,0.000248149,0.003613213,0.568609052
4512,ENSG00000198804,COX1,cytochrome c oxidase subunit I,-1.74450904,13.37715285,-9.549486043,0.00024834,0.003613213,0.364448591
10635,ENSG00000111247,RAD51AP1,RAD51 associated protein 1,-1.485369332,3.547306228,-9.548750574,0.000248429,0.003613213,0.754457158
440081,NA,DDX12P,"DEAD/H-box helicase 12, pseudogene",-1.857887845,3.440541049,-9.54765126,0.000248562,0.003613213,0.7932794
654466,NA,FGF7P3,fibroblast growth factor 7 pseudogene 3,-1.665066117,-2.797408587,-9.076940386,0.000248683,0.003613213,1.262914427
57679,ENSG00000003393,ALS2,alsin Rho guanine nucleotide exchange factor ALS2,-0.772302781,5.504466794,-9.544525597,0.00024894,0.003613213,0.470821194
899,ENSG00000162063,CCNF,cyclin F,-0.643706253,4.533947959,-9.544083344,0.000248994,0.003613213,0.570048458
79173,ENSG00000132016,BRME1,break repair meiotic recombinase recruitment factor 1,0.817766154,2.438292557,9.52235711,0.000249006,0.003613213,0.941758117
10728,ENSG00000110958,PTGES3,prostaglandin E synthase 3,-0.614688846,8.281733144,-9.543549213,0.000249059,0.003613213,0.358573322
23272,ENSG00000163946,TASOR,transcription activation suppressor,-0.811722213,6.159480686,-9.542781132,0.000249152,0.003613213,0.423731142
26280,ENSG00000189108,IL1RAPL2,interleukin 1 receptor accessory protein like 2,1.184057689,2.47158066,9.541612761,0.000249294,0.003613425,0.948822073
9910,ENSG00000152061,RABGAP1L,RAB GTPase activating protein 1 like,-1.132644047,4.082676121,-9.536713741,0.00024989,0.003620216,0.642502372
4814,ENSG00000131669,NINJ1,ninjurin 1,1.110452783,6.428436483,9.5346555,0.000250141,0.003621712,0.406663529
8291,ENSG00000135636,DYSF,dysferlin,1.242824727,5.11254302,9.533775084,0.000250248,0.003621712,0.508094278
253832,ENSG00000180776,ZDHHC20,zinc finger DHHC-type palmitoyltransferase 20,-1.225322143,5.835152681,-9.531368384,0.000250542,0.003622163,0.442726103
2934,ENSG00000148180,GSN,gelsolin,1.261903508,7.426186498,9.530368899,0.000250664,0.003622163,0.367546431
1201,ENSG00000188603,CLN3,"CLN3 lysosomal/endosomal transmembrane protein, battenin",0.715523994,6.192234212,9.528973425,0.000250835,0.003622163,0.412988899
84271,ENSG00000100227,POLDIP3,DNA polymerase delta interacting protein 3,0.714533822,5.720675855,9.528604643,0.00025088,0.003622163,0.443993285
55552,ENSG00000197933,ZNF823,zinc finger protein 823,-1.504844578,1.211552717,-9.528302511,0.000250917,0.003622163,1.182904715
9066,ENSG00000011347,SYT7,synaptotagmin 7,1.266422652,5.602860304,9.523180738,0.000251545,0.003629384,0.456483291
10170,ENSG00000073737,DHRS9,dehydrogenase/reductase 9,-2.5017215,-1.202960532,-9.518652407,0.000252102,0.003635571,1.326124656
29899,ENSG00000121957,GPSM2,G protein signaling modulator 2,-0.835456511,4.85270539,-9.515154233,0.000252533,0.003637421,0.517929277
7581,ENSG00000189180,ZNF33A,zinc finger protein 33A,-1.336112484,4.651622742,-9.51464889,0.000252596,0.003637421,0.554153992
3749,ENSG00000116396,KCNC4,potassium voltage-gated channel subfamily C member 4,0.584949143,4.308498091,9.514339537,0.000252634,0.003637421,0.582278111
55057,ENSG00000176092,CRYBG2,crystallin beta-gamma domain containing 2,0.84256464,4.597721256,9.513456417,0.000252743,0.003637421,0.547250873
10505,ENSG00000135622,SEMA4F,ssemaphorin 4F,0.612520449,4.070917292,9.510855754,0.000253064,0.003640202,0.616053007
84698,ENSG00000180881,CAPS2,calcyphosine 2,-2.591316331,1.147247377,-9.509300353,0.000253257,0.003641127,1.217159669
92579,ENSG00000141349,G6PC3,glucose-6-phosphatase catalytic subunit 3,1.212727107,5.587691598,9.506972571,0.000253545,0.003642509,0.447629427
22998,ENSG00000064042,LIMCH1,LIM and calponin homology domains 1,-1.370013539,8.206701279,-9.506453941,0.000253609,0.003642509,0.339432812
80230,ENSG00000176783,RUFY1,RUN and FYVE domain containing 1,0.304832282,5.987051734,9.034291497,0.000254403,0.003652061,0.324813397
116844,ENSG00000171236,LRG1,leucine rich alpha-2-glycoprotein 1,1.628040573,5.827140479,9.495023763,0.000255032,0.003659233,0.428503036
57786,ENSG00000146587,RBAK,RB associated KRAB zinc finger,-1.103508621,4.44457009,-9.488230319,0.000255881,0.003667749,0.559983794
27043,ENSG00000141456,PELP1,"proline, glutamate and leucine rich protein 1",0.74033019,6.380132291,9.48821437,0.000255883,0.003667749,0.379164388
5989,ENSG00000132005,RFX1,regulatory factor X1,0.325303535,4.935975094,9.022023962,0.000256077,0.003668677,0.404616193
3718,ENSG00000105639,JAK3,Janus kinase 3,0.892901363,5.535673433,9.484912042,0.000256298,0.003669982,0.434920546
8492,ENSG00000164099,PRSS12,serine protease 12,-2.046781964,2.1625243,-9.481298351,0.000256752,0.003673638,1.016836168
131601,ENSG00000163870,TPRA1,transmembrane protein adipocyte associated 1,1.404474817,6.327043795,9.480823436,0.000256812,0.003673638,0.384242676
85359,ENSG00000128185,DGCR6L,DiGeorge syndrome critical region gene 6 like,2.053097398,5.243495508,9.477846376,0.000257187,0.003676804,0.483946571
1030,ENSG00000147883,CDKN2B,cyclin dependent kinase inhibitor 2B,0.882884934,6.774105611,9.477012114,0.000257292,0.003676804,0.355172247
2781,ENSG00000128266,GNAZ,G protein subunit alpha z,1.703453674,3.634057136,9.475841773,0.00025744,0.003677065,0.70615474
79627,ENSG00000119900,OGFRL1,opioid growth factor receptor like 1,0.707885153,5.085670884,9.470277699,0.000258143,0.003685227,0.465029044
7162,ENSG00000146242,TPBG,trophoblast glycoprotein,0.379851199,8.031369697,9.345787732,0.000258271,0.003685227,0.296752439
4538,ENSG00000198886,ND4,NADH dehydrogenase subunit 4,-1.822449109,12.24459201,-9.465844054,0.000258706,0.003688746,0.309395498
126353,ENSG00000099812,MISP,mitotic spindle positioning,0.904906946,6.930473024,9.464548193,0.00025887,0.003688746,0.341998141
105378423,NA,NA,NA,-2.414206972,-0.611914458,-9.463746303,0.000258972,0.003688746,1.300864763
342035,ENSG00000186417,GLDN,gliomedin,-2.301252174,-1.578402356,-9.463236932,0.000259037,0.003688746,1.292128539
79652,ENSG00000131634,TMEM204,transmembrane protein 204,-4.057714042,-2.657063968,-9.461990516,0.000259196,0.003689155,1.239335369
100616209,NA,NA,NA,-3.14760995,-1.648886887,-9.460095112,0.000259437,0.00369074,1.288002
645638,ENSG00000261040,WFDC21P,"WAP four-disulfide core domain 21, pseudogene",2.666800054,2.473410453,9.458988325,0.000259578,0.003690898,0.980476411
55144,ENSG00000171492,LRRC8D,leucine rich repeat containing 8 VRAC subunit D,-0.618051223,6.417063907,-9.453819066,0.000260238,0.003698433,0.356647923
7351,ENSG00000175567,UCP2,uncoupling protein 2,0.726766729,6.287085033,9.45040456,0.000260676,0.003702792,0.362176403
2113,ENSG00000134954,ETS1,"ETS proto-oncogene 1, transcription factor",1.087428277,5.340618933,9.449185607,0.000260832,0.003703159,0.433932788
2885,ENSG00000177885,GRB2,growth factor receptor bound protein 2,0.702799832,6.457623956,9.44747217,0.000261052,0.003704428,0.351245524
10497,ENSG00000198722,UNC13B,unc-13 homolog B,-4.804762265,-2.283461957,-9.443408408,0.000261574,0.003704459,1.249985512
410,ENSG00000100299,ARSA,arylsulfatase A,1.076934989,4.768668496,9.443326066,0.000261585,0.003704459,0.490632616
701,ENSG00000156970,BUB1B,BUB1 mitotic checkpoint serine/threonine kinase B,-0.697737082,4.479238866,-9.443285406,0.00026159,0.003704459,0.520153659
400569,ENSG00000161920,MED11,mediator complex subunit 11,0.804830143,3.348492731,9.442840434,0.000261647,0.003704459,0.706026805
23150,ENSG00000114541,FRMD4B,FERM domain containing 4B,-1.245521948,3.809077126,-9.440839604,0.000261905,0.003704459,0.636535115
60343,ENSG00000071889,FAM3A,FAM3 metabolism regulating signaling molecule A,1.308248746,6.243962784,9.440394836,0.000261962,0.003704459,0.364227797
3801,ENSG00000140859,KIFC3,kinesin family member C3,0.759039123,6.690340108,9.43976841,0.000262043,0.003704459,0.336182048
6932,ENSG00000081059,TCF7,transcription factor 7,-2.33921483,0.731703458,-9.43934464,0.000262098,0.003704459,1.219370822
55023,ENSG00000146247,PHIP,pleckstrin homology domain interacting protein,-1.893217665,5.454658957,-9.438319912,0.00026223,0.003704484,0.434929905
54464,ENSG00000114127,XRN1,5'-3' exoribonuclease 1,-1.531862469,6.088976207,-9.435499949,0.000262594,0.003706257,0.374265319
29957,ENSG00000085491,SLC25A24,solute carrier family 25 member 24,-0.541193238,5.966911089,-9.435327653,0.000262616,0.003706257,0.371901944
388228,ENSG00000188322,SBK1,SH3 domain binding kinase 1,1.217303809,4.486719544,9.434146098,0.000262769,0.003706572,0.525436223
254863,ENSG00000205544,TMEM256,transmembrane protein 256,2.426282809,4.28104993,9.428897227,0.000263449,0.003714321,0.606064171
348262,ENSG00000225663,MCRIP1,MAPK regulated corepressor interacting protein 1,1.699753007,4.756981506,9.42473484,0.00026399,0.0037201,0.499795893
7754,NA,ZNF204P,"zinc finger protein 204, pseudogene",-1.210138065,1.553170484,-9.423458833,0.000264156,0.003720594,1.061055672
26059,ENSG00000187672,ERC2,ELKS/RAB6-interacting/CAST family member 2,-4.22180229,-3.114482702,-9.418150335,0.000264849,0.003724565,1.199047445
81558,ENSG00000121104,FAM117A,family with sequence similarity 117 member A,0.832771615,3.94972578,9.417830984,0.00026489,0.003724565,0.586294778
130162,ENSG00000162994,CLHC1,clathrin heavy chain linker domain containing 1,-1.922240746,2.545648135,-9.417443428,0.000264941,0.003724565,0.899318532
373863,ENSG00000256453,DND1,DND microRNA-mediated repression inhibitor 1,0.834073466,3.188677038,9.417274828,0.000264963,0.003724565,0.723040845
51454,ENSG00000144366,GULP1,GULP PTB domain containing engulfment adaptor 1,-0.94853157,4.71310024,-9.40644515,0.000266383,0.003739303,0.473661962
414,ENSG00000006756,ARSD,arylsulfatase D,0.874935662,5.752019119,9.404734115,0.000266608,0.003739303,0.371160123
65083,ENSG00000165271,NOL6,nucleolar protein 6,0.369341618,5.239756955,9.09958604,0.000266623,0.003739303,0.355349778
105373983,NA,NA,NA,-2.066974936,-4.184966993,-9.038077134,0.000266805,0.003739303,1.131104359
6527,ENSG00000100191,SLC5A4,solute carrier family 5 member 4,-2.066974936,-4.184966993,-9.038077134,0.000266805,0.003739303,1.131104359
79884,ENSG00000164114,MAP9,microtubule associated protein 9,-2.066974936,-4.184966993,-9.038077134,0.000266805,0.003739303,1.131104359
116931,ENSG00000144893,MED12L,mediator complex subunit 12L,-1.356995264,1.999875912,-9.400111808,0.000267217,0.003739303,0.970455653
101927323,ENSG00000263627,PPP4R1-AS1,PPP4R1 antisense RNA 1,3.560682736,-2.915211604,9.398244605,0.000267464,0.003739303,1.195432713
9265,ENSG00000008256,CYTH3,cytohesin 3,0.905526615,5.850145854,9.398212346,0.000267468,0.003739303,0.360516112
55379,ENSG00000108829,LRRC59,leucine rich repeat containing 59,0.258086573,7.623825461,8.940983769,0.000267472,0.003739303,0.20016275
10045,ENSG00000125731,SH2D3A,SH2 domain containing 3A,0.807551219,6.001305179,9.398020548,0.000267493,0.003739303,0.349383717
730101,ENSG00000291006,LOC730101,uncharacterized LOC730101,-3.002321085,-0.385233845,-9.397277625,0.000267592,0.003739303,1.265446057
27330,ENSG00000072133,RPS6KA6,ribosomal protein S6 kinase A6,-1.139371084,3.406867202,-9.391644148,0.000268338,0.003747886,0.676819653
647024,ENSG00000188112,C6orf132,chromosome 6 open reading frame 132,1.484153372,5.890547847,9.389292863,0.00026865,0.003750401,0.359700256
126567,ENSG00000183186,C2CD4C,C2 calcium dependent domain containing 4C,2.178503364,3.05036056,9.384716459,0.000269259,0.003757054,0.794313081
3981,ENSG00000174405,LIG4,DNA ligase 4,-0.714843147,5.153327721,-9.380705672,0.000269794,0.003762669,0.406702218
54210,ENSG00000124731,TREM1,triggering receptor expressed on myeloid cells 1,2.043006406,-1.724647865,9.311505945,0.000269981,0.003763433,1.245378917
8985,ENSG00000106397,PLOD3,"procollagen-lysine,2-oxoglutarate 5-dioxygenase 3",0.905500123,6.244373847,9.37668339,0.000270332,0.003766469,0.322923539
55971,ENSG00000006453,BAIAP2L1,BAR/IMD domain containing adaptor protein 2 like 1,0.339093858,7.31370331,9.1203015,0.000270682,0.003769507,0.229852403
92714,ENSG00000197070,ARRDC1,arrestin domain containing 1,0.820417357,6.202201313,9.371387012,0.000271042,0.003771465,0.321557113
64114,ENSG00000135926,TMBIM1,transmembrane BAX inhibitor motif containing 1,0.675422839,8.240861243,9.371036777,0.000271089,0.003771465,0.258726022
8692,ENSG00000068001,HYAL2,hyaluronidase 2,1.526275756,5.784212726,9.369070536,0.000271353,0.00377255,0.356665965
64601,ENSG00000215305,VPS16,VPS16 core subunit of CORVET and HOPS complexes,0.549263637,5.176784065,9.367897372,0.000271511,0.00377255,0.394878365
154007,ENSG00000168566,SNRNP48,small nuclear ribonucleoprotein U11/U12 subunit 48,-1.386521974,4.701293429,-9.367492153,0.000271565,0.00377255,0.46395164
729737,NA,LOC729737,uncharacterized LOC729737,-2.589242617,3.405534394,-9.362562213,0.00027223,0.003778534,0.74142498
4556,NA,TRNE,tRNA-Glu,-1.951429681,0.117064644,-9.361657461,0.000272352,0.003778534,1.223752713
24137,ENSG00000090889,KIF4A,kinesin family member 4A,-0.70527934,5.01284993,-9.361336629,0.000272395,0.003778534,0.409419108
54989,ENSG00000198146,ZNF770,zinc finger protein 770,-0.733385663,5.911128841,-9.358301771,0.000272805,0.003781624,0.331761641
7475,ENSG00000115596,WNT6,Wnt family member 6,2.383509922,4.862555071,9.35771956,0.000272884,0.003781624,0.475173398
4571,NA,TRNP,tRNA-Pro,-1.289495023,6.131386957,-9.356037469,0.000273112,0.003782935,0.321679642
1051,ENSG00000172216,CEBPB,CCAAT enhancer binding protein beta,1.392688225,7.960391443,9.353525224,0.000273453,0.003785807,0.254046621
4199,ENSG00000065833,ME1,malic enzyme 1,-0.466118454,7.471852159,-9.351779564,0.00027369,0.003787242,0.258776695
9700,ENSG00000135476,ESPL1,"extra spindle pole bodies like 1, separase",-1.269657738,4.394035816,-9.345330514,0.000274567,0.003797537,0.489318633
199731,ENSG00000105767,CADM4,cell adhesion molecule 4,1.453797081,4.744733753,9.341691279,0.000275064,0.003802556,0.444546528
55667,ENSG00000137145,DENND4C,DENN domain containing 4C,-1.088554704,5.302360435,-9.340008057,0.000275294,0.003803716,0.37433594
84617,ENSG00000176014,TUBB6,tubulin beta 6 class V,1.134186322,4.286889164,9.339118681,0.000275416,0.003803716,0.496432591
10463,ENSG00000014824,SLC30A9,solute carrier family 30 member 9,-0.486846917,6.543747662,-9.331140582,0.000276511,0.003816185,0.277770316
4647,ENSG00000137474,MYO7A,myosin VIIA,1.267629807,2.517301052,9.330580239,0.000276588,0.003816185,0.822771177
25850,ENSG00000251247,ZNF345,zinc finger protein 345,-1.880159199,1.760552083,-9.318777678,0.000278217,0.00383361,0.991270922
84749,ENSG00000135093,USP30,ubiquitin specific peptidase 30,-0.384351065,3.927575316,-8.867915156,0.000278265,0.00383361,0.444943698
7040,ENSG00000105329,TGFB1,transforming growth factor beta 1,1.446148008,7.310141366,9.317652191,0.000278373,0.00383361,0.248188777
10081,ENSG00000090470,PDCD7,programmed cell death 7,0.587613745,4.64752638,9.31752512,0.000278391,0.00383361,0.423170661
1964,ENSG00000173674,EIF1AX,eukaryotic translation initiation factor 1A X-linked,-0.851188905,6.209910614,-9.311456719,0.000279234,0.003843353,0.286350817
10627,ENSG00000101608,MYL12A,myosin light chain 12A,0.983833921,7.326395996,9.310091522,0.000279424,0.003844105,0.239769215
79132,ENSG00000108771,DHX58,DExH-box helicase 58,0.691801299,4.200454115,9.305794504,0.000280023,0.003844375,0.47890284
8398,ENSG00000184381,PLA2G6,phospholipase A2 group VI,-0.617914733,4.279376356,-9.305640663,0.000280044,0.003844375,0.4664024
26152,ENSG00000130684,ZNF337,zinc finger protein 337,-1.341137458,4.361623208,-9.305626419,0.000280046,0.003844375,0.473121315
101929765,ENSG00000245479,LINC01585,long intergenic non-protein coding RNA 1585,-2.978567679,-3.731222655,-9.305096907,0.00028012,0.003844375,1.118202109
643401,ENSG00000250337,PURPL,p53 upregulated regulator of p53 levels,-2.978567679,-3.731222655,-9.305096907,0.00028012,0.003844375,1.118202109
221491,ENSG00000186577,SMIM29,small integral membrane protein 29,1.691481385,4.687849944,9.301495414,0.000280624,0.003847601,0.436695087
28968,ENSG00000063127,SLC6A16,solute carrier family 6 member 16,-1.624271002,1.799037759,-9.301477633,0.000280626,0.003847601,0.963463204
58155,ENSG00000117569,PTBP2,polypyrimidine tract binding protein 2,-1.387559228,2.920517655,-9.300502086,0.000280763,0.003847616,0.72993192
26802,NA,SNORD47,"small nucleolar RNA, C/D box 47",-3.021442897,-1.007296998,-9.299319758,0.000280928,0.003848029,1.222559997
5947,ENSG00000114115,RBP1,retinol binding protein 1,-1.391828258,1.99895329,-9.296617904,0.000281307,0.003851362,0.91353176
3964,ENSG00000116977,LGALS8,galectin 8,-1.294152921,6.73356048,-9.292316393,0.000281912,0.00385778,0.253144314
2539,ENSG00000160211,G6PD,glucose-6-phosphate dehydrogenase,0.768241976,10.73285217,9.288197906,0.000282492,0.003862937,0.196697148
9518,ENSG00000130513,GDF15,growth differentiation factor 15,1.286060794,7.627956619,9.287711819,0.000282561,0.003862937,0.221156735
83696,ENSG00000167632,TRAPPC9,trafficking protein particle complex subunit 9,0.928186579,5.502044675,9.284647562,0.000282994,0.003866993,0.321198739
23306,ENSG00000166881,NEMP1,nuclear envelope integral membrane protein 1,-1.708551127,4.524202071,-9.283424867,0.000283167,0.003867495,0.45048725
2634,ENSG00000162645,GBP2,guanylate binding protein 2,1.458131874,3.973118418,9.282232166,0.000283336,0.00386794,0.523782028
84947,ENSG00000122335,SERAC1,serine active site containing 1,-0.548086935,3.66138803,-9.171578308,0.000284198,0.003877853,0.529506209
2005,ENSG00000158711,ELK4,ETS transcription factor ELK4,-1.011394126,6.113195253,-9.271984022,0.000284791,0.003883542,0.270201396
126231,ENSG00000189144,ZNF573,zinc finger protein 573,-1.749063616,1.265899616,-9.270731637,0.00028497,0.003883542,1.041999347
5590,ENSG00000067606,PRKCZ,protein kinase C zeta,0.554449537,4.305357032,9.27033891,0.000285026,0.003883542,0.44041762
1514,ENSG00000135047,CTSL,cathepsin L,1.775463814,7.06200043,9.268033688,0.000285355,0.003886159,0.23108133
23787,ENSG00000137409,MTCH1,mitochondrial carrier 1,0.984991648,8.093891201,9.263573203,0.000285992,0.003891266,0.197664951
65094,ENSG00000081692,JMJD4,jumonji domain containing 4,1.075520514,3.109786209,9.263494865,0.000286004,0.003891266,0.656935435
2286,ENSG00000173486,FKBP2,FKBP prolyl isomerase 2,2.141350024,5.355318353,9.259359738,0.000286596,0.003895172,0.346950796
57214,ENSG00000103888,CEMIP,cell migration inducing hyaluronidase 1,-2.036267603,3.426095492,-9.257297423,0.000286893,0.003895172,0.639538683
151987,ENSG00000163605,PPP4R2,protein phosphatase 4 regulatory subunit 2,-1.062517435,3.697900104,-9.257224765,0.000286903,0.003895172,0.542714784
55289,ENSG00000153093,ACOXL,acyl-CoA oxidase like,0.525609818,5.206020104,9.255423835,0.000287162,0.003895172,0.325776793
1757,ENSG00000123453,SARDH,sarcosine dehydrogenase,1.729387355,2.592255529,9.254844316,0.000287245,0.003895172,0.785737627
51003,ENSG00000108590,MED31,mediator complex subunit 31,-1.110626529,2.728994667,-9.254481243,0.000287298,0.003895172,0.731229405
64418,ENSG00000146802,TMEM168,transmembrane protein 168,-1.067191267,3.781257866,-9.253966856,0.000287372,0.003895172,0.526283429
2769,ENSG00000060558,GNA15,G protein subunit alpha 15,1.366539602,4.676098125,9.253172373,0.000287486,0.003895172,0.398786035
54762,ENSG00000178075,GRAMD1C,GRAM domain containing 1C,-1.051887611,3.973597472,-9.25154886,0.00028772,0.003895172,0.492046478
168620,ENSG00000180535,BHLHA15,basic helix-loop-helix family member a15,1.551892015,0.55213338,9.251168714,0.000287775,0.003895172,1.120174463
65983,ENSG00000155324,GRAMD2B,GRAM domain containing 2B,0.847656736,5.01031019,9.250116558,0.000287927,0.003895172,0.345936359
221037,ENSG00000171988,JMJD1C,jumonji domain containing 1C,-1.279008821,6.729324057,-9.250047578,0.000287937,0.003895172,0.228146938
22807,ENSG00000030419,IKZF2,IKAROS family zinc finger 2,-1.512367695,4.255621799,-9.245076606,0.000288655,0.003903034,0.460013915
116983,ENSG00000131584,ACAP3,"ArfGAP with coiled-coil, ankyrin repeat and PH domains 3",-0.583482812,4.999769923,-9.240603288,0.000289304,0.003908296,0.338218958
9253,ENSG00000105245,NUMBL,NUMB like endocytic adaptor protein,0.768439654,4.556715693,9.240493252,0.00028932,0.003908296,0.392136957
64979,ENSG00000171421,MRPL36,mitochondrial ribosomal protein L36,0.626846651,4.977878918,9.238063629,0.000289673,0.003911204,0.339284045
91445,ENSG00000138942,RNF185,ring finger protein 185,-0.746564619,4.391492679,-9.23546047,0.000290052,0.003914457,0.41158764
10640,ENSG00000070367,EXOC5,exocyst complex component 5,-0.728060696,6.441265348,-9.233946073,0.000290272,0.003915573,0.226969921
51526,ENSG00000132823,OSER1,oxidative stress responsive serine rich 1,-0.67590684,6.263451667,-9.231212334,0.000290671,0.003915967,0.234576225
2783,ENSG00000172354,GNB2,G protein subunit beta 2,0.920116586,7.865837948,9.231042622,0.000290696,0.003915967,0.181538944
3213,ENSG00000120093,HOXB3,homeobox B3,-1.806723643,3.046614209,-9.230909827,0.000290715,0.003915967,0.686091478
360,ENSG00000165272,AQP3,aquaporin 3 (Gill blood group),1.560708466,3.583953171,9.229833049,0.000290872,0.003916227,0.566208994
55298,ENSG00000137522,RNF121,ring finger protein 121,0.476177621,5.099561387,9.21352762,0.000291154,0.003918155,0.316786245
55902,ENSG00000131069,ACSS2,acyl-CoA synthetase short chain family member 2,1.003457147,6.653581792,9.224613261,0.000291636,0.003922792,0.213287444
55643,ENSG00000133243,BTBD2,BTB domain containing 2,0.708578503,6.496770754,9.220564032,0.000292231,0.003928594,0.215904791
157769,ENSG00000176853,FAM91A1,family with sequence similarity 91 member A1,-0.808361133,6.750735621,-9.219589744,0.000292374,0.003928594,0.204557632
8218,ENSG00000070371,CLTCL1,clathrin heavy chain like 1,1.394110793,3.088375413,9.218848027,0.000292483,0.003928594,0.647952318
51588,ENSG00000105229,PIAS4,protein inhibitor of activated STAT 4,0.731622123,4.46400894,9.213513879,0.000293269,0.003937286,0.387909508
6237,ENSG00000126458,RRAS,RAS related,2.028122056,5.948289923,9.211636051,0.000293546,0.003939146,0.261654767
222389,ENSG00000165626,BEND7,BEN domain containing 7,-1.315383575,2.621737617,-9.20919677,0.000293906,0.003940138,0.735064549
10379,ENSG00000213928,IRF9,interferon regulatory factor 9,0.88351265,5.010766212,9.209022257,0.000293932,0.003940138,0.322159178
9129,ENSG00000117360,PRPF3,pre-mRNA processing factor 3,-0.712723452,5.319187055,-9.207687512,0.00029413,0.003940138,0.289242267
4054,ENSG00000168056,LTBP3,latent transforming growth factor beta binding protein 3,0.939325854,9.41975834,9.207383248,0.000294175,0.003940138,0.152405777
9617,ENSG00000120662,MTRF1,mitochondrial translation release factor 1,-1.177695858,3.188908062,-9.203773777,0.00029471,0.003945234,0.611483651
200312,ENSG00000099999,RNF215,ring finger protein 215,0.593858854,4.820319155,9.20294397,0.000294833,0.003945234,0.335251925
56970,ENSG00000087152,ATXN7L3,ataxin 7 like 3,0.464244032,6.157871677,9.200655241,0.000295173,0.003947924,0.221360501
5871,ENSG00000168067,MAP4K2,mitogen-activated protein kinase kinase kinase kinase 2,0.651233297,5.972582035,9.19863018,0.000295474,0.003950093,0.232662853
9948,ENSG00000071127,WDR1,WD repeat domain 1,0.51192043,8.093513742,9.195935607,0.000295876,0.003953599,0.156703041
6382,ENSG00000115884,SDC1,syndecan 1,0.616685382,6.470953639,9.194766809,0.00029605,0.003954068,0.201234803
7014,ENSG00000132604,TERF2,telomeric repeat binding factor 2,0.446010598,5.047524685,9.105792659,0.000296897,0.003963514,0.286433389
9877,ENSG00000058673,ZC3H11A,zinc finger CCCH-type containing 11A,-0.97345967,7.770330196,-9.187145446,0.00029719,0.003965562,0.157232169
4606,ENSG00000086967,MYBPC2,myosin binding protein C2,3.897473948,-3.281485897,9.185848375,0.000297385,0.003966294,1.090523099
9022,ENSG00000169583,CLIC3,chloride intracellular channel 3,2.138396308,5.663185984,9.182169391,0.000297937,0.003971798,0.270618812
10947,ENSG00000070718,AP3M2,adaptor related protein complex 3 subunit mu 2,-0.483205711,4.669580856,-9.134731013,0.000298079,0.00397182,0.330865232
440270,ENSG00000215252,GOLGA8B,golgin A8 family member B,-2.053099224,4.013980125,-9.179914631,0.000298277,0.00397259,0.486730149
55544,ENSG00000132819,RBM38,RNA binding motif protein 38,0.879360461,5.990964652,9.177409149,0.000298654,0.003975754,0.220363821
9,ENSG00000171428,NAT1,N-acetyltransferase 1,-1.007011321,3.421719332,-9.175794117,0.000298898,0.003977133,0.543716819
57337,ENSG00000138468,SENP7,SUMO specific peptidase 7,-1.826990605,4.524044869,-9.173069321,0.000299309,0.003980744,0.389886592
23399,ENSG00000175826,CTDNEP1,CTD nuclear envelope phosphatase 1,0.83298463,6.86374094,9.169140909,0.000299904,0.003986785,0.169887375
54916,ENSG00000070269,TMEM260,transmembrane protein 260,-0.795818999,4.868776962,-9.166535953,0.000300299,0.00399002,0.311392106
224,ENSG00000072210,ALDH3A2,aldehyde dehydrogenase 3 family member A2,-0.576895935,7.442652786,-9.165684695,0.000300428,0.00399002,0.149400379
56990,ENSG00000158985,CDC42SE2,CDC42 small effector 2,-0.519738779,5.981291701,-9.160913637,0.000301154,0.003997787,0.209052775
58986,ENSG00000129925,PGAP6,post-GPI attachment to proteins 6,0.850720389,6.746358415,9.159070982,0.000301435,0.003999644,0.168791453
79784,ENSG00000105357,MYH14,myosin heavy chain 14,0.726540416,8.62591067,9.156064145,0.000301894,0.003999707,0.127470506
283011,NA,FLJ37201,tigger transposable element derived 2 pseudogene,-3.191892197,-1.223220862,-9.155213815,0.000302024,0.003999707,1.151069681
2936,ENSG00000104687,GSR,glutathione-disulfide reductase,-0.520329023,8.060332431,-9.154950077,0.000302064,0.003999707,0.132635884
3454,ENSG00000142166,IFNAR1,interferon alpha and beta receptor subunit 1,-0.301078478,5.378818897,-8.717863759,0.000302092,0.003999707,0.168459981
55757,ENSG00000102595,UGGT2,UDP-glucose glycoprotein glucosyltransferase 2,-0.953169074,4.754031769,-9.154415971,0.000302145,0.003999707,0.320430122
5923,ENSG00000058335,RASGRF1,Ras protein specific guanine nucleotide releasing factor 1,1.062698545,2.776754735,9.153506342,0.000302285,0.003999707,0.659647767
2664,ENSG00000203879,GDI1,GDP dissociation inhibitor 1,1.050620706,7.743447105,9.151426457,0.000302603,0.004001807,0.136582994
23554,ENSG00000106025,TSPAN12,tetraspanin 12,-2.072456229,2.624762552,-9.150629139,0.000302725,0.004001807,0.739047522
2218,ENSG00000106692,FKTN,fukutin,-1.635979173,5.260204203,-9.148805121,0.000303005,0.004003641,0.277242086
55129,ENSG00000160746,ANO10,anoctamin 10,0.686915634,4.979561452,9.146534279,0.000303354,0.004006383,0.285378134
3959,ENSG00000108679,LGALS3BP,galectin 3 binding protein,0.547436378,9.067621839,9.14500896,0.000303588,0.004007024,0.117122795
1938,ENSG00000167658,EEF2,eukaryotic translation elongation factor 2,0.530414565,11.69904107,9.142357922,0.000303996,0.004007024,0.112803413
84519,ENSG00000111644,ACRBP,acrosin binding protein,-3.262558691,-0.389836257,-9.142328773,0.000304,0.004007024,1.137391858
653319,ENSG00000196123,MATCAP1,microtubule associated tyrosine carboxypeptidase 1,-0.53660577,3.531251363,-9.005296324,0.000304047,0.004007024,0.467651781
677838,ENSG00000278274,SNORA61,"small nucleolar RNA, H/ACA box 61",-2.39252759,-0.232608064,-9.141632855,0.000304108,0.004007024,1.129741702
5300,ENSG00000127445,PIN1,"peptidylprolyl cis/trans isomerase, NIMA-interacting 1",1.360443788,4.82766978,9.138753079,0.000304552,0.004011015,0.311533143
8934,ENSG00000117280,RAB29,"RAB29, member RAS oncogene family",0.63074647,5.730535651,9.132496763,0.000305519,0.00402014,0.209941847
5536,ENSG00000011485,PPP5C,protein phosphatase 5 catalytic subunit,0.862605376,5.882198948,9.132442329,0.000305528,0.00402014,0.200696719
79444,ENSG00000101197,BIRC7,baculoviral IAP repeat containing 7,-2.268097345,-0.061434939,-9.125341971,0.00030663,0.004032779,1.11397864
23179,ENSG00000143344,RGL1,ral guanine nucleotide dissociation stimulator like 1,1.311566836,2.359734656,9.121511911,0.000307227,0.004037399,0.73635591
5468,ENSG00000132170,PPARG,peroxisome proliferator activated receptor gamma,-0.594388728,6.369051748,-9.121262334,0.000307266,0.004037399,0.16261051
51001,ENSG00000156469,MTERF3,mitochondrial transcription termination factor 3,-0.881462351,3.935884842,-9.118418422,0.00030771,0.004041364,0.41448713
100216546,NA,LINC01004,long intergenic non-protein coding RNA 1004,-3.25129649,1.746751934,-9.113091963,0.000308544,0.004050441,0.948464709
9802,ENSG00000183283,DAZAP2,DAZ associated protein 2,-0.440485292,7.474881609,-9.106903862,0.000309516,0.004061323,0.113051391
51361,ENSG00000134709,HOOK1,hook microtubule tethering protein 1,-1.017547089,4.953788718,-9.104158389,0.000309948,0.004065119,0.268615901
7088,ENSG00000196781,TLE1,"TLE family member 1, transcriptional corepressor",0.966086504,5.65463437,9.103101042,0.000310115,0.004065428,0.201061831
9581,ENSG00000138078,PREPL,prolyl endopeptidase like,-0.886842251,6.153279959,-9.097335356,0.000311026,0.004072978,0.162474994
6277,ENSG00000197956,S100A6,S100 calcium binding protein A6,1.874043006,9.429168525,9.096779288,0.000311114,0.004072978,0.087477494
6786,ENSG00000167323,STIM1,stromal interaction molecule 1,0.728487854,5.599484446,9.095853562,0.000311261,0.004072978,0.198719263
25841,ENSG00000166016,ABTB2,ankyrin repeat and BTB domain containing 2,0.963371969,6.385409919,9.095828844,0.000311265,0.004072978,0.149003661
1944,ENSG00000143590,EFNA3,ephrin A3,1.567888847,3.880612137,9.088463169,0.000312434,0.004086399,0.429427769
5903,ENSG00000153201,RANBP2,RAN binding protein 2,-0.77733418,7.160273385,-9.087302971,0.000312619,0.004086933,0.110442983
115098,ENSG00000007080,CCDC124,coiled-coil domain containing 124,1.630144543,6.082186597,9.084803477,0.000313017,0.004088851,0.168298459
5292,ENSG00000137193,PIM1,"Pim-1 proto-oncogene, serine/threonine kinase",0.994563202,6.537786799,9.084575595,0.000313054,0.004088851,0.134798004
6513,ENSG00000117394,SLC2A1,solute carrier family 2 member 1,0.622201013,7.462044103,9.08283326,0.000313332,0.004090602,0.099275707
1950,ENSG00000138798,EGF,epidermal growth factor,-1.653686833,2.034063994,-9.078592577,0.00031401,0.004095203,0.793124736
221584,NA,ZSCAN12P1,zinc finger and SCAN domain containing 12 pseudogene 1,-1.540258137,0.838990722,-9.078387753,0.000314043,0.004095203,0.99086865
219738,ENSG00000171224,FAM241B,family with sequence similarity 241 member B,1.15274269,3.29304986,9.0779241,0.000314117,0.004095203,0.514493538
7477,ENSG00000188064,WNT7B,Wnt family member 7B,0.533998569,6.748266709,9.075769032,0.000314462,0.004096726,0.116572693
24,ENSG00000198691,ABCA4,ATP binding cassette subfamily A member 4,-1.049174503,3.042909872,-9.075395182,0.000314522,0.004096726,0.559978928
1130,ENSG00000143669,LYST,lysosomal trafficking regulator,-1.109378313,5.2019961,-9.068141359,0.000315689,0.004109377,0.222918753
5980,ENSG00000009413,REV3L,"REV3 like, DNA directed polymerase zeta catalytic subunit",-1.304095368,4.805334063,-9.067243297,0.000315833,0.004109377,0.270655154
6185,ENSG00000118705,RPN2,ribophorin II,-0.321053165,7.813634996,-8.81378953,0.000315928,0.004109377,0.035573712
253143,ENSG00000183530,PRR14L,proline rich 14 like,-1.796544971,5.064190185,-9.061394485,0.000316778,0.004114774,0.251391472
65078,ENSG00000040608,RTN4R,reticulon 4 receptor,2.762130829,3.726750811,9.061349381,0.000316785,0.004114774,0.512168046
4179,ENSG00000117335,CD46,CD46 molecule,-0.591014363,8.261329342,-9.06097627,0.000316846,0.004114774,0.073787495
400043,ENSG00000250742,LINC02381,long intergenic non-protein coding RNA 2381,-2.867546326,0.140092694,-9.060502819,0.000316922,0.004114774,1.074386406
22995,ENSG00000103995,CEP152,centrosomal protein 152,-1.395397661,3.331696844,-9.05450432,0.000317895,0.004124532,0.504170394
10908,ENSG00000032444,PNPLA6,patatin like phospholipase domain containing 6,0.648477921,6.885996819,9.053948779,0.000317986,0.004124532,0.098562552
10076,ENSG00000060656,PTPRU,protein tyrosine phosphatase receptor type U,0.860508899,5.434805024,9.053184927,0.00031811,0.004124532,0.188032982
375346,ENSG00000213533,STIMATE,STIM activating enhancer,0.562540606,4.582497502,9.052054956,0.000318293,0.004124879,0.273321631
5832,ENSG00000059573,ALDH18A1,aldehyde dehydrogenase 18 family member A1,0.825369473,6.619735413,9.051234572,0.000318427,0.004124879,0.109302357
101927948,ENSG00000229494,LOC101927948,uncharacterized LOC101927948,-3.872919172,-3.275864559,-9.044810366,0.000319475,0.004133331,1.029075012
1499,ENSG00000168036,CTNNB1,catenin beta 1,0.40291395,8.708145426,9.04395859,0.000319481,0.004133331,0.059359524
254827,ENSG00000177694,NAALADL2,N-acetylated alpha-linked acidic dipeptidase like 2,-1.436128912,1.868854846,-9.04455842,0.000319516,0.004133331,0.795956277
347735,ENSG00000168528,SERINC2,serine incorporator 2,0.559527625,6.273187481,9.041395622,0.000320034,0.004137316,0.119411782
10053,ENSG00000129354,AP1M2,adaptor related protein complex 1 subunit mu 2,1.13371497,7.484646511,9.040496004,0.000320181,0.004137316,0.07559222
23607,ENSG00000198087,CD2AP,CD2 associated protein,-0.813726027,5.935228715,-9.040006577,0.000320261,0.004137316,0.141191194
5434,ENSG00000099817,POLR2E,"RNA polymerase II, I and III subunit E",0.847744669,6.99760704,9.038153319,0.000320565,0.004139359,0.086255312
59285,ENSG00000130433,CACNG6,calcium voltage-gated channel auxiliary subunit gamma 6,0.917518391,7.753244712,9.030151646,0.000321882,0.004154119,0.062783432
56888,ENSG00000176407,KCMF1,potassium channel modulatory factor 1,0.475815627,6.732496375,9.029428891,0.000322001,0.004154119,0.088929249
51315,ENSG00000172086,KRCC1,lysine rich coiled-coil 1,-0.721436903,4.685951291,-9.027590762,0.000322304,0.004154924,0.248259026
340037,NA,PRR7-AS1,PRR7 antisense RNA 1,-1.971830021,0.387144197,-9.025993236,0.000322568,0.004154924,1.023228428
6730,ENSG00000167881,SRP68,signal recognition particle 68,0.443160294,6.155868988,9.024743572,0.000322775,0.004154924,0.115713299
79571,ENSG00000179562,GCC1,GRIP and coiled-coil domain containing 1,0.682314938,5.418747295,9.024703159,0.000322782,0.004154924,0.170195475
23541,ENSG00000100003,SEC14L2,SEC14 like lipid binding 2,0.396087878,5.496104653,8.885848322,0.000322795,0.004154924,0.136031432
23041,ENSG00000061987,MON2,"MON2 homolog, regulator of endosome-to-Golgi trafficking",-1.305690637,5.13676975,-9.020639368,0.000323455,0.00415625,0.204987525
57140,ENSG00000142327,RNPEPL1,arginyl aminopeptidase like 1,0.763030632,5.719380281,9.020197142,0.000323528,0.00415625,0.144057048
219621,ENSG00000183346,CABCOCO1,ciliary associated calcium binding coiled-coil 1,-3.281365439,-3.575741688,-9.020131193,0.000323539,0.00415625,1.004850118
10078,ENSG00000184281,TSSC4,tumor suppressing subtransferable candidate 4,1.421861164,4.386168932,9.019835917,0.000323588,0.00415625,0.301589481
55357,ENSG00000095383,TBC1D2,TBC1 domain family member 2,0.562732059,5.287505539,9.019586258,0.00032363,0.00415625,0.177560244
93663,ENSG00000146376,ARHGAP18,Rho GTPase activating protein 18,-0.595687197,4.291974132,-9.01681164,0.000324091,0.004160288,0.292392736
9966,ENSG00000181634,TNFSF15,TNF superfamily member 15,1.788917628,6.38713971,9.006921363,0.00032574,0.004179573,0.105443415
79718,ENSG00000177565,TBL1XR1,TBL1X/Y related 1,-0.64994203,7.32599779,-8.99904113,0.000327062,0.004191502,0.051856506
6198,ENSG00000108443,RPS6KB1,ribosomal protein S6 kinase B1,-0.455879201,4.691487913,-8.917324716,0.000327261,0.004191502,0.21146824
83693,ENSG00000103160,HSDL1,hydroxysteroid dehydrogenase like 1,-0.47969933,4.598248909,-8.955814324,0.000327313,0.004191502,0.230163271
81693,ENSG00000166126,AMN,amnion associated transmembrane protein,1.489443129,4.32986078,8.99735739,0.000327345,0.004191502,0.298782479
83744,ENSG00000127081,ZNF484,zinc finger protein 484,-1.326757492,3.292538804,-8.996982129,0.000327408,0.004191502,0.474805568
6199,ENSG00000175634,RPS6KB2,ribosomal protein S6 kinase B2,1.128534893,5.891603642,8.993775034,0.000327948,0.004194801,0.11898483
10529,ENSG00000078114,NEBL,nebulette,-1.092957816,5.501252571,-8.993698772,0.000327961,0.004194801,0.149722013
115265,ENSG00000145358,DDIT4L,DNA damage inducible transcript 4 like,2.29834465,1.602575896,8.991360362,0.000328356,0.004197958,0.85004408
57326,ENSG00000163346,PBXIP1,PBX homeobox interacting protein 1,1.275085283,5.864709736,8.988027717,0.000328919,0.004203269,0.119366512
9592,ENSG00000160888,IER2,immediate early response 2,0.841311335,7.462691521,8.979453051,0.000330374,0.004216812,0.037468544
220594,ENSG00000290659,USP32P2,ubiquitin specific peptidase 32 pseudogene 2,-1.814958194,3.390117381,-8.979273706,0.000330405,0.004216812,0.469578492
653145,ENSG00000265190,ANXA8,annexin A8,1.136669529,5.340927212,8.978584053,0.000330522,0.004216812,0.155356668
126129,ENSG00000169169,CPT1C,carnitine palmitoyltransferase 1C,1.822359916,1.40757026,8.9777841,0.000330658,0.004216812,0.855235756
374887,ENSG00000250067,YJEFN3,YjeF N-terminal domain containing 3,-1.742099028,2.616810216,-8.977412782,0.000330722,0.004216812,0.620438146
2736,ENSG00000074047,GLI2,GLI family zinc finger 2,2.076849208,2.953461094,8.976464327,0.000330883,0.00421698,0.568255411
55291,ENSG00000110075,PPP6R3,protein phosphatase 6 regulatory subunit 3,-0.692957338,7.220779447,-8.97334829,0.000331415,0.004218795,0.039171723
5075,ENSG00000125813,PAX1,paired box 1,2.092119983,-4.184966993,8.699180877,0.000331663,0.004218795,0.948965726
100287596,ENSG00000290633,DDX11L5,DEAD/H-box helicase 11 like 5 (pseudogene),2.092119983,-4.184966993,8.699180877,0.000331663,0.004218795,0.948965726
1399,ENSG00000099942,CRKL,"CRK like proto-oncogene, adaptor protein",1.081395398,7.979517667,8.971188437,0.000331784,0.004218795,0.023730266
8543,ENSG00000143013,LMO4,LIM domain only 4,0.601370298,5.782440665,8.970680996,0.000331871,0.004218795,0.108195527
9275,ENSG00000106635,BCL7B,BAF chromatin remodeling complex subunit BCL7B,0.441803786,5.773639577,8.970409771,0.000331917,0.004218795,0.10789958
79728,ENSG00000083093,PALB2,partner and localizer of BRCA2,-0.645697545,4.386686844,-8.969354162,0.000332098,0.004219203,0.251082299
8317,ENSG00000097046,CDC7,cell division cycle 7,-1.50234916,3.583670323,-8.966260247,0.000332628,0.004224049,0.407360786
29952,ENSG00000176978,DPP7,dipeptidyl peptidase 7,1.236096127,5.915850457,8.964231773,0.000332976,0.004224818,0.100617652
116828,ENSG00000281026,N4BP2L2-IT2,N4BPL2 intronic transcript 2,-3.69685839,0.318955543,-8.963759777,0.000333057,0.004224818,1.022220084
119032,ENSG00000166275,BORCS7,BLOC-1 related complex subunit 7,-0.614141229,3.130769312,-8.897439176,0.000333135,0.004224818,0.451254051
27173,ENSG00000143570,SLC39A1,solute carrier family 39 member 1,0.850606005,7.544790032,8.958165448,0.00033402,0.004233062,0.022722367
146956,ENSG00000154920,EME1,essential meiotic structure-specific endonuclease 1,-0.557109488,2.268620826,-8.5555706,0.000334089,0.004233062,0.567568078
5611,ENSG00000102580,DNAJC3,DnaJ heat shock protein family (Hsp40) member C3,-0.56455665,5.401857106,-8.956934095,0.000334232,0.004233062,0.129615628
22943,ENSG00000107984,DKK1,dickkopf WNT signaling pathway inhibitor 1,-1.147779658,3.584653678,-8.954646132,0.000334627,0.004236175,0.385861841
84920,ENSG00000139133,ALG10,"ALG10 alpha-1,2-glucosyltransferase",-0.750340193,3.330595832,-8.949341036,0.000335545,0.004244258,0.418646974
6242,ENSG00000114993,RTKN,rhotekin,0.628311199,5.428292258,8.949228755,0.000335565,0.004244258,0.123011012
79891,ENSG00000083814,ZNF671,zinc finger protein 671,-1.497051035,1.044100655,-8.945478207,0.000336216,0.004250597,0.884976885
80146,ENSG00000115652,UXS1,UDP-glucuronate decarboxylase 1,0.327203904,6.311295334,8.674861132,0.000336601,0.004253574,0.005892714
394,ENSG00000100852,ARHGAP5,Rho GTPase activating protein 5,-1.066814892,7.56271386,-8.941341146,0.000336935,0.004255906,0.013176652
283991,ENSG00000185262,UBALD2,UBA like domain containing 2,1.219783568,6.088005238,8.939921194,0.000337183,0.004257138,0.074116234
81610,ENSG00000101447,FAM83D,family with sequence similarity 83 member D,-0.753858567,4.397630866,-8.937877142,0.000337539,0.004257634,0.232485467
2193,ENSG00000179115,FARSA,phenylalanyl-tRNA synthetase subunit alpha,1.008620314,6.194241917,8.937454321,0.000337613,0.004257634,0.063940182
148932,ENSG00000142961,MOB3C,MOB kinase activator 3C,0.438290689,5.843796723,8.937118053,0.000337672,0.004257634,0.082619555
9128,ENSG00000136875,PRPF4,pre-mRNA processing factor 4,0.321085102,5.231972478,8.554130176,0.000338169,0.004262007,0.056852302
100506084,ENSG00000228696,ARL17B,ADP ribosylation factor like GTPase 17B,-2.847391633,0.928867763,-8.933341613,0.000338332,0.004262174,0.937015705
222161,NA,DKFZP586I1420,uncharacterized protein DKFZp586I1420,-1.459136462,1.724604119,-8.93192156,0.000338581,0.004263054,0.758714322
114803,ENSG00000162601,MYSM1,"Myb like, SWIRM and MPN domains 1",-1.992466563,4.75624355,-8.930405828,0.000338846,0.004263054,0.218893448
253260,ENSG00000164327,RICTOR,RPTOR independent companion of MTOR complex 2,-1.793747442,6.508612648,-8.930042076,0.00033891,0.004263054,0.052738796
84733,ENSG00000173894,CBX2,chromobox 2,-0.482036338,5.518819925,-8.9287915,0.00033913,0.004263054,0.102124196
8576,ENSG00000115661,STK16,serine/threonine kinase 16,0.824935397,5.24831406,8.928660548,0.000339153,0.004263054,0.128837674
5770,ENSG00000196396,PTPN1,protein tyrosine phosphatase non-receptor type 1,0.694114954,6.990841036,8.926930161,0.000339457,0.004264987,0.017765221
101060691,ENSG00000225484,NUTM2B-AS1,NUTM2B antisense RNA 1,-0.528846049,4.496323165,-8.922028817,0.000340319,0.004273934,0.205531158
10793,ENSG00000198039,ZNF273,zinc finger protein 273,-2.645432781,-1.565040632,-8.921169817,0.000340471,0.004273946,1.032406001
1535,ENSG00000051523,CYBA,cytochrome b-245 alpha chain,2.038947593,6.700143953,8.918935733,0.000340865,0.004275445,0.040030312
63979,ENSG00000132436,FIGNL1,fidgetin like 1,-0.810801168,4.673607878,-8.918787162,0.000340891,0.004275445,0.185328774
91664,ENSG00000213799,ZNF845,zinc finger protein 845,-1.282019388,4.138747734,-8.914617643,0.000341629,0.004282802,0.271581184
4947,ENSG00000180304,OAZ2,ornithine decarboxylase antizyme 2,0.680407303,6.01545413,8.912762546,0.000341957,0.004283268,0.05733469
56154,ENSG00000133863,TEX15,"testis expressed 15, meiosis and synapsis associated",-2.395890973,1.917042411,-8.912289574,0.000342041,0.004283268,0.755450463
57590,ENSG00000085449,WDFY1,WD repeat and FYVE domain containing 1,-0.420710006,5.91593997,-8.880627807,0.000342342,0.004283268,0.055927642
79939,ENSG00000127526,SLC35E1,solute carrier family 35 member E1,0.710410125,7.161418911,8.910528255,0.000342354,0.004283268,0.002385794
11278,ENSG00000118922,KLF12,KLF transcription factor 12,-1.204412448,3.757036811,-8.910154621,0.00034242,0.004283268,0.3301838
22900,ENSG00000105483,CARD8,caspase recruitment domain family member 8,-0.592193247,3.862753826,-8.908324595,0.000342745,0.004285448,0.293889981
51114,ENSG00000188706,ZDHHC9,zinc finger DHHC-type palmitoyltransferase 9,0.575413427,7.900470374,8.90656321,0.000343059,0.004287106,-0.015836912
5717,ENSG00000108671,PSMD11,"proteasome 26S subunit, non-ATPase 11",0.287400118,6.636392834,8.520155765,0.00034318,0.004287106,-0.057047775
126070,ENSG00000171295,ZNF440,zinc finger protein 440,-1.704723089,0.878924549,-8.898678434,0.000344465,0.004301033,0.888393278
51136,ENSG00000189050,RNFT1,"ring finger protein, transmembrane 1",-1.177833232,2.982480598,-8.897938536,0.000344598,0.004301033,0.471070242
51699,ENSG00000111237,VPS29,VPS29 retromer complex component,-0.82912788,5.771218342,-8.894917395,0.000345139,0.004305893,0.064519621
55716,ENSG00000139636,LMBR1L,limb development membrane protein 1 like,-0.98681504,4.470193507,-8.891168854,0.000345811,0.004310535,0.199119439
83733,ENSG00000182902,SLC25A18,solute carrier family 25 member 18,1.573193649,1.232602765,8.89037495,0.000345954,0.004310535,0.825022712
5652,ENSG00000052344,PRSS8,serine protease 8,1.393506808,7.492062187,8.889592925,0.000346095,0.004310535,-0.014977555
4513,ENSG00000198712,COX2,cytochrome c oxidase subunit II,-1.509159222,11.71721478,-8.889463819,0.000346118,0.004310535,-0.039478822
7398,ENSG00000162607,USP1,ubiquitin specific peptidase 1,-0.870412457,5.908078224,-8.882730654,0.000347332,0.004323753,0.047623306
2729,ENSG00000001084,GCLC,glutamate-cysteine ligase catalytic subunit,0.43340425,5.625032905,8.86187498,0.000347577,0.004324914,0.060710213
105374860,NA,NA,NA,1.993723974,0.734865818,8.879487995,0.000347918,0.004327257,0.903264975
163486,ENSG00000213047,DENND1B,DENN domain containing 1B,-1.281853385,4.406829198,-8.875698057,0.000348605,0.0043339,0.207304295
546,ENSG00000085224,ATRX,ATRX chromatin remodeler,-1.11805162,6.627697838,-8.873186369,0.000349061,0.004336959,0.003256708
7462,ENSG00000086730,LAT2,linker for activation of T cells family member 2,0.841090578,3.863899138,8.872660869,0.000349156,0.004336959,0.276601674
403150,ENSG00000229951,FOSL2-AS1,FOSL2 antisense RNA 1,1.969972618,1.688317271,8.868950935,0.000349831,0.004343445,0.749235263
8100,ENSG00000032742,IFT88,intraflagellar transport 88,-1.039937608,3.462960635,-8.866436958,0.00035029,0.004347235,0.351354728
91300,ENSG00000198858,R3HDM4,R3H domain containing 4,0.641212166,5.807871878,8.862686593,0.000350975,0.004353834,0.040478037
10695,ENSG00000137161,CNPY3,canopy FGF signaling regulator 3,1.104763104,5.596710601,8.861276106,0.000351233,0.004355042,0.060491465
3799,ENSG00000170759,KIF5B,kinesin family member 5B,-0.822746159,7.817203475,-8.860478688,0.000351379,0.004355042,-0.042343481
9782,ENSG00000015479,MATR3,matrin 3,-0.839531912,8.112928753,-8.856042255,0.000352192,0.004363221,-0.049343467
83442,ENSG00000142669,SH3BGRL3,SH3 domain binding glutamate rich protein like 3,1.192682631,7.463465628,8.852609889,0.000352823,0.004367005,-0.038420032
1844,ENSG00000158050,DUSP2,dual specificity phosphatase 2,1.65491602,2.16935756,8.852522544,0.00035284,0.004367005,0.631613775
90780,ENSG00000163348,PYGO2,pygopus family PHD finger 2,0.617333265,5.614117003,8.851047376,0.000353111,0.004367005,0.047626077
79677,ENSG00000163029,SMC6,structural maintenance of chromosomes 6,-0.77690593,4.53537481,-8.85103722,0.000353113,0.004367005,0.160969459
9982,ENSG00000137440,FGFBP1,fibroblast growth factor binding protein 1,2.723473688,2.296028281,8.844676901,0.000354287,0.004379617,0.663816599
55844,ENSG00000175470,PPP2R2D,protein phosphatase 2 regulatory subunit Bdelta,-1.173122962,5.389841389,-8.841111333,0.000354947,0.004385351,0.067668863
9858,ENSG00000196422,PPP1R26,protein phosphatase 1 regulatory subunit 26,0.508897846,6.605751733,8.840504607,0.00035506,0.004385351,-0.020937134
563,ENSG00000160862,AZGP1,"alpha-2-glycoprotein 1, zinc-binding",-2.855454473,-3.791651002,-8.838327111,0.000355464,0.004386526,0.913868237
23452,ENSG00000136859,ANGPTL2,angiopoietin like 2,-2.855454473,-3.791651002,-8.838327111,0.000355464,0.004386526,0.913868237
100506668,ENSG00000248008,NRAV,negative regulator of antiviral response,-1.316495673,3.413430513,-8.831643985,0.000356707,0.004399478,0.350267507
8270,ENSG00000196976,LAGE3,L antigen family member 3,1.437429652,5.82794367,8.831022419,0.000356823,0.004399478,0.028279392
1906,ENSG00000078401,EDN1,endothelin 1,1.012917805,3.230158893,8.829549577,0.000357098,0.004400956,0.372402892
64400,ENSG00000166971,AKTIP,AKT interacting protein,0.535970126,5.297712922,8.826730674,0.000357625,0.004405536,0.058475592
7058,ENSG00000186340,THBS2,thrombospondin 2,-0.995500916,0.403256453,-8.521430079,0.0003579,0.004407011,0.852914577
101927136,ENSG00000231683,KILH,KRT19 interacting long noncoding RNA in hepatocellular carcinoma,-1.925356355,6.071274422,-8.822003234,0.000358511,0.004412616,0.014881024
908,ENSG00000146731,CCT6A,chaperonin containing TCP1 subunit 6A,-0.496755294,10.43754204,-8.817164861,0.00035942,0.004418767,-0.088697511
11329,ENSG00000112079,STK38,serine/threonine kinase 38,-0.574102085,6.25687466,-8.816969522,0.000359456,0.004418767,-0.016778151
518,ENSG00000154518,ATP5MC3,ATP synthase membrane subunit c locus 3,1.278545833,7.325646243,8.816316321,0.000359579,0.004418767,-0.056599441
60684,ENSG00000168538,TRAPPC11,trafficking protein particle complex subunit 11,-0.600251188,5.508970142,-8.816032323,0.000359633,0.004418767,0.034484796
10533,ENSG00000197548,ATG7,autophagy related 7,0.716329953,6.88474859,8.81467861,0.000359888,0.004419988,-0.047417527
102,ENSG00000137845,ADAM10,ADAM metallopeptidase domain 10,-0.435606451,6.83019994,-8.813708693,0.000360071,0.004420321,-0.047307341
285613,ENSG00000164620,RELL2,RELT like 2,1.100201638,2.934557264,8.810810671,0.000360618,0.004425123,0.423892265
57697,ENSG00000187790,FANCM,FA complementation group M,-1.561100905,2.867478039,-8.809157878,0.00036093,0.004427043,0.458051815
51466,ENSG00000196405,EVL,Enah/Vasp-like,1.429736498,3.450558428,8.807674857,0.00036121,0.004428357,0.331970264
121275,ENSG00000172640,OR10AD1,olfactory receptor family 10 subfamily AD member 1,-2.815425586,-1.981626037,-8.806943756,0.000361349,0.004428357,0.96818861
51290,ENSG00000087502,ERGIC2,ERGIC and golgi 2,-0.993780251,5.932860041,-8.799605926,0.000362742,0.004443507,-0.004251845
388559,ENSG00000213793,ZNF888,zinc finger protein 888,-2.892223257,0.441512096,-8.796978497,0.000363242,0.004444278,0.912772175
10444,ENSG00000160445,ZER1,zyg-11 related cell cycle regulator,0.586176653,6.32034939,8.796865554,0.000363263,0.004444278,-0.032948184
91624,ENSG00000162614,NEXN,nexilin F-actin binding protein,-1.754908339,2.814019482,-8.796809533,0.000363274,0.004444278,0.472311458
203547,ENSG00000160131,VMA21,vacuolar ATPase assembly factor VMA21,-0.493877737,6.627389785,-8.793203814,0.000363962,0.004450776,-0.051166202
10123,ENSG00000188042,ARL4C,ADP ribosylation factor like GTPase 4C,0.545045045,5.018901338,8.783965633,0.000365732,0.004457838,0.059073588
100038246,ENSG00000236311,TLX1NB,TLX1 neighbor,-1.822482507,-4.307794592,-8.380524987,0.000366055,0.004457838,0.856327527
113746,ENSG00000177947,CIMAP1A,ciliary microtubule associated protein 1A,-1.822482507,-4.307794592,-8.380524987,0.000366055,0.004457838,0.856327527
101928731,ENSG00000258274,CRADD-AS1,CRADD antisense RNA 1,-1.822482507,-4.307794592,-8.380524987,0.000366055,0.004457838,0.856327527
105379419,NA,NA,NA,-1.822482507,-4.307794592,-8.380524987,0.000366055,0.004457838,0.856327527
7368,ENSG00000174607,UGT8,UDP glycosyltransferase 8,-1.822482507,-4.307794592,-8.380524987,0.000366055,0.004457838,0.856327527
2713,ENSG00000229894,GK3,glycerol kinase 3,-1.822482507,-4.307794592,-8.380524987,0.000366055,0.004457838,0.856327527
54674,ENSG00000173114,LRRN3,leucine rich repeat neuronal 3,-1.822482507,-4.307794592,-8.380524987,0.000366055,0.004457838,0.856327527
283981,NA,LINC00685,long intergenic non-protein coding RNA 685,-1.822482507,-4.307794592,-8.380524987,0.000366055,0.004457838,0.856327527
283212,ENSG00000149243,KLHL35,kelch like family member 35,1.206749431,3.275061982,8.780686684,0.000366362,0.004457838,0.340787104
100996813,NA,NA,NA,-3.803318819,-1.311639982,-8.780677125,0.000366364,0.004457838,0.96253823
2274,ENSG00000115641,FHL2,four and a half LIM domains 2,0.840143911,6.966000561,8.780369204,0.000366423,0.004457838,-0.070897345
1690,ENSG00000100473,COCH,cochlin,0.841364817,1.980295721,8.746352326,0.000367369,0.004464799,0.589278963
476,ENSG00000163399,ATP1A1,ATPase Na+/K+ transporting subunit alpha 1,0.306781315,10.68954612,8.54338289,0.000367399,0.004464799,-0.15986814
9815,ENSG00000139436,GIT2,GIT ArfGAP 2,-0.951037504,4.865813144,-8.77495702,0.000367467,0.004464799,0.076524555
79095,ENSG00000171159,BBLN,bublin coiled coil protein,1.697296454,6.095048354,8.772717901,0.0003679,0.004468147,-0.02227534
5165,ENSG00000067992,PDK3,pyruvate dehydrogenase kinase 3,-1.354196252,5.157147927,-8.770129047,0.000368402,0.004472323,0.050421523
144535,ENSG00000188596,CFAP54,cilia and flagella associated protein 54,-1.767259983,1.785131799,-8.767573024,0.000368897,0.004476427,0.663509112
7756,ENSG00000010244,ZNF207,zinc finger protein 207,-0.697807279,6.9194756,-8.764898141,0.000369417,0.004480818,-0.079616016
55105,ENSG00000092978,GPATCH2,G-patch domain containing 2,-0.999970198,3.918644888,-8.763345027,0.000369719,0.004482557,0.205307024
10169,ENSG00000140264,SERF2,small EDRK-rich factor 2,2.181799929,6.409243619,8.762538606,0.000369876,0.004482557,-0.038791928
8572,ENSG00000131435,PDLIM4,PDZ and LIM domain 4,1.868065054,5.610693509,8.760762396,0.000370222,0.004484837,0.011767565
91147,ENSG00000164953,TMEM67,transmembrane protein 67,-1.131673511,4.395609921,-8.757517746,0.000370855,0.004487831,0.131328215
60559,ENSG00000129128,SPCS3,signal peptidase complex subunit 3,-0.681793501,6.639429889,-8.757478948,0.000370863,0.004487831,-0.072816439
25909,ENSG00000153207,AHCTF1,AT-hook containing transcription factor 1,-1.010000532,7.207241271,-8.756826099,0.00037099,0.004487831,-0.09202969
5298,ENSG00000143393,PI4KB,phosphatidylinositol 4-kinase beta,0.385419045,6.222115502,8.679496606,0.000371102,0.004487831,-0.068118228
10128,ENSG00000138095,LRPPRC,leucine rich pentatricopeptide repeat containing,-0.814150081,8.177497493,-8.749380609,0.000372449,0.004502207,-0.116406216
84514,ENSG00000167925,GHDC,GH3 domain containing,1.141689788,4.366801814,8.74569867,0.000373173,0.004509037,0.127757892
163081,ENSG00000189042,ZNF567,zinc finger protein 567,-1.007487635,3.063271054,-8.743886153,0.00037353,0.004511429,0.354603023
80745,ENSG00000138050,THUMPD2,THUMP domain containing 2,-0.804407349,2.898437089,-8.741279076,0.000374044,0.004515717,0.380199481
387712,ENSG00000188316,ENO4,enolase 4,-1.787731497,0.338591405,-8.736992943,0.000374891,0.004524019,0.863777805
101929162,ENSG00000258136,PRDM4-AS1,PRDM4 antisense RNA 1,-3.5882264,-2.888467492,-8.735208447,0.000375244,0.004526359,0.900078571
64110,ENSG00000177383,MAGEF1,MAGE family member F1,0.919244671,6.45432827,8.734170946,0.000375449,0.004526916,-0.076686184
23370,ENSG00000104880,ARHGEF18,Rho/Rac guanine nucleotide exchange factor 18,0.587903549,6.591420688,8.729839495,0.000376309,0.004534037,-0.088571458
7556,ENSG00000256223,ZNF10,zinc finger protein 10,-2.235399728,1.791817693,-8.729587494,0.000376359,0.004534037,0.662574842
7378,ENSG00000183696,UPP1,uridine phosphorylase 1,1.5155565,7.614082635,8.728673172,0.000376541,0.004534304,-0.116882036
3106,ENSG00000234745,HLA-B,"major histocompatibility complex, class I, B",3.035958729,3.30445674,8.72596771,0.00037708,0.004537248,0.413589258
9949,ENSG00000101935,AMMECR1,AMMECR nuclear protein 1,-0.882371168,5.888151025,-8.725840106,0.000377105,0.004537248,-0.048065409
83540,ENSG00000143228,NUF2,NUF2 component of NDC80 kinetochore complex,-1.301293368,3.387462233,-8.723702269,0.000377532,0.004540453,0.288497437
1474,ENSG00000175315,CST6,cystatin E/M,2.31628926,5.534215874,8.720140605,0.000378243,0.004544575,0.006870348
6721,ENSG00000198911,SREBF2,sterol regulatory element binding transcription factor 2,0.523158177,8.442740363,8.719514164,0.000378368,0.004544575,-0.13827379
79955,ENSG00000186862,PDZD7,PDZ domain containing 7,0.531001952,2.983142538,8.506673009,0.000378437,0.004544575,0.302854327
4188,ENSG00000112559,MDFI,MyoD family inhibitor,1.319259153,4.749857758,8.718784036,0.000378515,0.004544575,0.063977432
147040,ENSG00000213859,KCTD11,potassium channel tetramerization domain containing 11,0.752548195,4.538908036,8.716960992,0.00037888,0.004547036,0.076686121
4776,ENSG00000100968,NFATC4,nuclear factor of activated T cells 4,0.698613541,5.169903509,8.715729854,0.000379126,0.004548076,0.003203059
6045,ENSG00000121481,RNF2,ring finger protein 2,-0.798387094,3.862466657,-8.713682361,0.000379537,0.004551082,0.17870169
440957,ENSG00000168273,UQCC5,ubiquinol-cytochrome c reductase complex assembly factor 5,1.558981883,2.950952816,8.71238324,0.000379798,0.00455229,0.38044003
2275,ENSG00000183386,FHL3,four and a half LIM domains 3,1.623771028,4.407233351,8.710185726,0.00038024,0.004555664,0.116037306
25978,ENSG00000083937,CHMP2B,charged multivesicular body protein 2B,-1.002568749,4.734065009,-8.706961572,0.00038089,0.004560835,0.050937728
421,ENSG00000099889,ARVCF,ARVCF delta catenin family member,1.272984855,4.531706014,8.706449262,0.000380993,0.004560835,0.083945272
3569,ENSG00000136244,IL6,interleukin 6,2.75965084,0.719172739,8.698362214,0.000382629,0.004578485,0.824574317
55758,ENSG00000117625,RCOR3,REST corepressor 3,-1.032959072,4.712422955,-8.6975325,0.000382797,0.004578569,0.04860254
215,ENSG00000101986,ABCD1,ATP binding cassette subfamily D member 1,0.678068603,5.779597995,8.69278721,0.000383761,0.004588169,-0.062762827
3916,ENSG00000185896,LAMP1,lysosomal associated membrane protein 1,0.657389312,8.821759762,8.691094903,0.000384106,0.004590355,-0.159453851
10109,ENSG00000163466,ARPC2,actin related protein 2/3 complex subunit 2,0.457622334,8.231919936,8.688168315,0.000384702,0.004595552,-0.155764386
114787,ENSG00000169258,GPRIN1,G protein regulated inducer of neurite outgrowth 1,0.908429167,4.730499577,8.685889738,0.000385168,0.004599176,0.035805253
8732,ENSG00000111880,RNGTT,RNA guanylyltransferase and 5'-phosphatase,-0.655602713,4.60765102,-8.684978755,0.000385354,0.004599466,0.04654186
25812,NA,POM121L1P,"POM121 transmembrane nucleoporin like 1, pseudogene",2.695035634,1.409184471,8.683743569,0.000385607,0.004600548,0.721001547
8863,ENSG00000049246,PER3,period circadian regulator 3,-1.049246949,4.346216425,-8.678784145,0.000386623,0.004610705,0.087245874
5886,ENSG00000179262,RAD23A,"RAD23 homolog A, nucleotide excision repair protein",0.873226877,7.53586698,8.677769882,0.000386832,0.004610705,-0.150736436
54107,ENSG00000148229,POLE3,"DNA polymerase epsilon 3, accessory subunit",0.390967828,5.657130873,8.585258098,0.00038702,0.004610705,-0.082985485
199800,ENSG00000224420,ADM5,adrenomedullin 5 (putative),-0.636796849,2.129748287,-8.428391692,0.000387313,0.004610705,0.454266849
220002,ENSG00000162144,CYB561A3,cytochrome b561 family member A3,0.437191045,5.083138408,8.638942809,0.000387416,0.004610705,-0.023241307
8505,ENSG00000227345,PARG,poly(ADP-ribose) glycohydrolase,-0.410942445,5.50376719,-8.618977708,0.000387503,0.004610705,-0.065292754
2040,ENSG00000148175,STOM,stomatin,0.851035373,4.756529692,8.672488123,0.000387919,0.004610705,0.023083048
6397,ENSG00000129657,SEC14L1,SEC14 like lipid binding 1,0.718408054,6.40139255,8.672397531,0.000387937,0.004610705,-0.114229018
56897,ENSG00000124535,WRNIP1,WRN helicase interacting protein 1,0.331009635,6.10477521,8.44748433,0.000388047,0.004610705,-0.143179184
51272,ENSG00000177951,BET1L,Bet1 golgi vesicular membrane trafficking protein like,0.521673659,6.116735821,8.671695796,0.000388082,0.004610705,-0.099449274
7106,ENSG00000214063,TSPAN4,tetraspanin 4,1.530030375,4.480895966,8.669531003,0.000388529,0.004614082,0.07665393
83543,ENSG00000126878,AIF1L,allograft inflammatory factor 1 like,0.320346201,6.46174442,8.433156806,0.000388775,0.004615074,-0.168170715
3185,ENSG00000169813,HNRNPF,heterogeneous nuclear ribonucleoprotein F,0.19241979,8.633490988,8.26986022,0.000389067,0.004616612,-0.252543169
149603,ENSG00000168159,RNF187,ring finger protein 187,0.850137092,8.069523057,8.665304721,0.000389403,0.00461784,-0.167696533
4536,ENSG00000198763,ND2,NADH dehydrogenase subunit 2,-1.520195199,11.30705437,-8.664855661,0.000389496,0.00461784,-0.181203485
7764,ENSG00000171940,ZNF217,zinc finger protein 217,-0.981774489,7.000340501,-8.660508534,0.000390397,0.004626598,-0.145845643
192683,ENSG00000198794,SCAMP5,secretory carrier membrane protein 5,0.371307925,4.75646891,8.42771414,0.000390625,0.004627372,-0.036208709
57161,ENSG00000139946,PELI2,pellino E3 ubiquitin protein ligase family member 2,-1.436253233,4.813154474,-8.657631937,0.000390995,0.00462982,0.022079698
57583,ENSG00000146433,TMEM181,transmembrane protein 181,-0.889158947,6.412500672,-8.656147968,0.000391304,0.004631547,-0.123431386
23581,ENSG00000105141,CASP14,caspase 14,-2.90615783,1.329728664,-8.654048521,0.000391742,0.004632747,0.727793558
7543,ENSG00000005889,ZFX,zinc finger protein X-linked,-1.180665451,5.445090351,-8.654046377,0.000391742,0.004632747,-0.053665256
55763,ENSG00000090989,EXOC1,exocyst complex component 1,-0.712852455,5.308601497,-8.653313575,0.000391895,0.004632747,-0.048546128
389641,ENSG00000246582,TNFRSF10A-DT,TNFRSF10A divergent transcript,0.56077791,3.162364714,8.54350407,0.000392518,0.004637227,0.243823669
280,ENSG00000240038,AMY2B,amylase alpha 2B,-2.862940068,0.165791598,-8.648895697,0.000392818,0.004637227,0.848272221
11145,ENSG00000176485,PLAAT3,phospholipase A and acyltransferase 3,1.249395898,6.074119998,8.648488385,0.000392903,0.004637227,-0.10542813
100996511,NA,LINC01355,long intergenic non-protein coding RNA 1355,-4.250437968,0.842595471,-8.648374225,0.000392927,0.004637227,0.829036551
8814,ENSG00000100490,CDKL1,cyclin dependent kinase like 1,-1.435250254,1.859377264,-8.647455581,0.00039312,0.004637569,0.562124597
26206,ENSG00000137098,SPAG8,sperm associated antigen 8,-4.110700046,-2.636246721,-8.640078681,0.000394668,0.004652926,0.865262416
81847,ENSG00000118518,RNF146,ring finger protein 146,-0.733591794,4.528642902,-8.639694046,0.000394749,0.004652926,0.029818609
51647,ENSG00000166595,CIAO2B,cytosolic iron-sulfur assembly component 2B,1.880700486,5.976308914,8.638645361,0.00039497,0.004653597,-0.094333959
54931,ENSG00000174173,TRMT10C,"tRNA methyltransferase 10C, mitochondrial RNase P subunit",-0.890530357,5.286294391,-8.634982018,0.000395742,0.00465982,-0.055648115
168850,ENSG00000048405,ZNF800,zinc finger protein 800,-1.265468607,5.356169978,-8.633408237,0.000396075,0.00465982,-0.056822664
60526,ENSG00000118961,LDAH,lipid droplet associated hydrolase,-0.749587512,3.92783276,-8.63334997,0.000396087,0.00465982,0.116419384
811,ENSG00000179218,CALR,calreticulin,0.853691348,9.252511021,8.633030562,0.000396154,0.00465982,-0.199085641
7071,ENSG00000155090,KLF10,KLF transcription factor 10,-0.768271729,5.914703015,-8.630006142,0.000396794,0.004662844,-0.110999772
54862,ENSG00000132024,CC2D1A,coiled-coil and C2 domain containing 1A,0.642211115,6.330871413,8.629138189,0.000396978,0.004662844,-0.138154682
493911,ENSG00000144362,PHOSPHO2,"phosphatase, orphan 2",-1.270368162,1.144665837,-8.628888148,0.000397031,0.004662844,0.678257663
1466,ENSG00000175183,CSRP2,cysteine and glycine rich protein 2,-1.641548088,-0.931907374,-8.560688265,0.000397158,0.004662844,0.871047902
132299,ENSG00000145247,OCIAD2,OCIA domain containing 2,1.372361691,6.301220647,8.626924586,0.000397448,0.004662844,-0.131076228
284323,ENSG00000197782,ZNF780A,zinc finger protein 780A,-1.351073843,3.908289648,-8.626865475,0.00039746,0.004662844,0.134564928
1134,ENSG00000138435,CHRNA1,cholinergic receptor nicotinic alpha 1 subunit,-4.221519641,-2.571802428,-8.626389736,0.000397561,0.004662844,0.860816956
10755,ENSG00000123159,GIPC1,GIPC PDZ domain containing family member 1,1.382193256,8.201255906,8.623245618,0.000398229,0.004665849,-0.194719474
163033,ENSG00000218891,ZNF579,zinc finger protein 579,1.186435906,6.915403826,8.62312891,0.000398254,0.004665849,-0.164579321
26032,ENSG00000173705,SUSD5,sushi domain containing 5,-1.371004953,1.6067973,-8.622864252,0.00039831,0.004665849,0.594399012
80110,ENSG00000142556,ZNF614,zinc finger protein 614,-1.007808909,4.958778247,-8.621033554,0.0003987,0.004666831,-0.028986473
137835,ENSG00000165071,TMEM71,transmembrane protein 71,-1.614517542,-0.590596232,-8.592199775,0.000398723,0.004666831,0.860569036
149466,ENSG00000253313,C1orf210,chromosome 1 open reading frame 210,0.566895184,5.182365274,8.6179571,0.000399356,0.004670313,-0.060812953
79739,ENSG00000137941,TTLL7,tubulin tyrosine ligase like 7,-1.371695239,2.143254237,-8.617293881,0.000399497,0.004670313,0.483451218
54832,ENSG00000129003,VPS13C,vacuolar protein sorting 13 homolog C,-1.025715693,5.183379359,-8.617217452,0.000399514,0.004670313,-0.054656646
8065,ENSG00000166266,CUL5,cullin 5,-1.338124357,4.574536139,-8.616207939,0.000399729,0.00467091,0.024251487
253982,ENSG00000174939,ASPHD1,aspartate beta-hydroxylase domain containing 1,2.291218353,3.733604047,8.613929442,0.000400216,0.004673824,0.206179364
23475,ENSG00000103485,QPRT,quinolinate phosphoribosyltransferase,1.087037045,6.920868481,8.612719829,0.000400475,0.004673824,-0.172362757
60685,ENSG00000156639,ZFAND3,zinc finger AN1-type containing 3,0.499842002,7.163004021,8.612382468,0.000400548,0.004673824,-0.184351044
26775,ENSG00000207067,SNORA72,"small nucleolar RNA, H/ACA box 72",-1.143511533,-0.887209387,-8.21931313,0.000400637,0.004673824,0.826923615
112476,ENSG00000167371,PRRT2,proline rich transmembrane protein 2,-2.044338752,1.268830881,-8.61047414,0.000400956,0.00467563,0.673153665
162461,ENSG00000167105,TMEM92,transmembrane protein 92,0.840338342,4.787090173,8.609321964,0.000401204,0.004676591,-0.020369519
6652,ENSG00000140263,SORD,sorbitol dehydrogenase,0.621943945,5.013737542,8.606994095,0.000401703,0.004679066,-0.050238361
125111,ENSG00000183153,GJD3,gap junction protein delta 3,1.055585685,3.906999002,8.605408295,0.000402044,0.004679066,0.109854991
56987,ENSG00000114439,BBX,BBX high mobility group box domain containing,-1.484995067,8.217497387,-8.603717805,0.000402408,0.004679066,-0.206915571
143684,ENSG00000077458,FAM76B,family with sequence similarity 76 member B,-1.70929362,2.678097933,-8.603703951,0.000402411,0.004679066,0.379698034
4508,ENSG00000198899,ATP6,ATP synthase F0 subunit 6,-1.460735898,11.47990733,-8.60339536,0.000402478,0.004679066,-0.219425607
26019,ENSG00000151461,UPF2,UPF2 regulator of nonsense mediated mRNA decay,-0.763810274,5.593806332,-8.603294837,0.000402499,0.004679066,-0.10392838
158747,ENSG00000130150,MOSPD2,motile sperm domain containing 2,-0.931170678,4.702967971,-8.60296998,0.000402569,0.004679066,-0.011877624
100996702,ENSG00000215866,LINC01356,long intergenic non-protein coding RNA 1356,2.197383305,2.108857761,8.601833893,0.000402814,0.004679996,0.520214004
7874,ENSG00000187555,USP7,ubiquitin specific peptidase 7,-0.237894655,6.991215588,-8.207757413,0.000403339,0.004681695,-0.266832856
10954,ENSG00000065485,PDIA5,protein disulfide isomerase family A member 5,1.077525086,5.035546194,8.599346079,0.000403351,0.004681695,-0.050154435
100128731,ENSG00000228474,OST4,"oligosaccharyltransferase complex subunit 4, non-catalytic",1.51283947,5.228256477,8.598533975,0.000403527,0.004681695,-0.061194036
10133,ENSG00000123240,OPTN,optineurin,0.843603883,6.803561305,8.598101673,0.00040362,0.004681695,-0.179050584
9194,ENSG00000118596,SLC16A7,solute carrier family 16 member 7,-2.278553525,2.088749944,-8.596510364,0.000403964,0.004683773,0.529025575
89848,ENSG00000197948,FCHSD1,FCH and double SH3 domains 1,0.687657911,5.201595152,8.594906295,0.000404311,0.004684816,-0.075900498
64175,ENSG00000117385,P3H1,prolyl 3-hydroxylase 1,0.860139308,4.167129842,8.594570263,0.000404384,0.004684816,0.055710615
57539,ENSG00000118965,WDR35,WD repeat domain 35,-1.138889244,3.595738037,-8.59357127,0.000404601,0.004685412,0.161579218
79841,ENSG00000165923,AGBL2,AGBL carboxypeptidase 2,-1.346861653,1.693482282,-8.586133895,0.000406216,0.004701499,0.554167443
23596,ENSG00000054277,OPN3,opsin 3,0.671289157,5.77595623,8.585654659,0.000406321,0.004701499,-0.130052131
80279,ENSG00000108465,CDK5RAP3,CDK5 regulatory subunit associated protein 3,-0.511757706,6.220716171,-8.583480264,0.000406795,0.004705067,-0.16129255
7597,ENSG00000089775,ZBTB25,zinc finger and BTB domain containing 25,-0.678741338,4.118297888,-8.581230208,0.000407286,0.004708831,0.051463849
65109,ENSG00000125351,UPF3B,UPF3B regulator of nonsense mediated mRNA decay,-0.84290003,4.854124987,-8.579310458,0.000407706,0.004710813,-0.0467669
30815,ENSG00000160408,ST6GALNAC6,"ST6 N-acetylgalactosaminide alpha-2,6-sialyltransferase 6",1.04905175,4.783610809,8.578928257,0.000407789,0.004710813,-0.034988181
79581,ENSG00000185803,SLC52A2,solute carrier family 52 member 2,1.243351946,6.798147223,8.57514296,0.000408619,0.004718473,-0.189612432
55914,ENSG00000112851,ERBIN,erbb2 interacting protein,-0.838816663,7.504947401,-8.572948608,0.0004091,0.004722114,-0.216380972
7334,ENSG00000177889,UBE2N,ubiquitin conjugating enzyme E2 N,-0.738424001,5.88175245,-8.569187196,0.000409927,0.004729739,-0.147463823
26256,ENSG00000154040,CABYR,calcium binding tyrosine phosphorylation regulated,-0.812691682,3.844985922,-8.565292979,0.000410786,0.004737718,0.089108952
2332,ENSG00000102081,FMR1,fragile X messenger ribonucleoprotein 1,-0.491869998,6.468329524,-8.56313918,0.000411262,0.004741279,-0.187972977
23385,ENSG00000162736,NCSTN,nicastrin,0.450728289,6.348426618,8.561279999,0.000411673,0.004744093,-0.183101022
57552,ENSG00000144959,NCEH1,neutral cholesterol ester hydrolase 1,0.78479763,6.139536419,8.556923105,0.000412638,0.004752986,-0.171889793
10652,ENSG00000106636,YKT6,YKT6 v-SNARE homolog,0.894588441,6.903029166,8.556287968,0.000412779,0.004752986,-0.209130125
340554,ENSG00000102053,ZC3H12B,zinc finger CCCH-type containing 12B,-2.779601227,2.759492792,-8.546321262,0.000414999,0.004775073,0.397131698
3842,ENSG00000083312,TNPO1,transportin 1,-0.956322918,8.332490045,-8.546165537,0.000415034,0.004775073,-0.246165352
2318,ENSG00000128591,FLNC,filamin C,1.801312908,5.401669867,8.544898558,0.000415317,0.004776396,-0.105824553
7733,ENSG00000167384,ZNF180,zinc finger protein 180,-0.781035913,2.912989612,-8.543453014,0.00041564,0.00477818,0.253884553
84925,ENSG00000138463,SLC49A4,solute carrier family 49 member 4,0.639756821,5.058193342,8.536548313,0.000417189,0.004794046,-0.09931812
10095,ENSG00000130429,ARPC1B,actin related protein 2/3 complex subunit 1B,1.300892407,7.706539775,8.534406061,0.000417671,0.004797168,-0.242990868
8161,ENSG00000121058,COIL,coilin,-0.282660388,4.87706913,-8.147437201,0.000417799,0.004797168,-0.162297593
58487,ENSG00000137504,CREBZF,CREB/ATF bZIP transcription factor,-1.657023587,6.187341901,-8.531945976,0.000418225,0.004798595,-0.180033671
1902,ENSG00000198121,LPAR1,lysophosphatidic acid receptor 1,-0.66373922,3.285135253,-8.531143697,0.000418406,0.004798595,0.167526016
3000,ENSG00000132518,GUCY2D,"guanylate cyclase 2D, retinal",-0.669692714,0.951481195,-8.14447752,0.000418524,0.004798595,0.576621625
7317,ENSG00000130985,UBA1,ubiquitin like modifier activating enzyme 1,0.442898883,7.473101417,8.530290178,0.000418599,0.004798595,-0.244305622
246329,ENSG00000185482,STAC3,SH3 and cysteine rich domain 3,-1.573507297,0.959767194,-8.527865931,0.000419147,0.004801686,0.65627211
1595,ENSG00000001630,CYP51A1,cytochrome P450 family 51 subfamily A member 1,0.640612868,6.74024481,8.527600022,0.000419207,0.004801686,-0.222668384
1947,ENSG00000090776,EFNB1,ephrin B1,0.538338818,3.682524274,8.500415246,0.000419692,0.004804284,0.081365803
54587,ENSG00000162576,MXRA8,matrix remodeling associated 8,-1.607680987,1.296531138,-8.525102736,0.000419772,0.004804284,0.600601761
10513,ENSG00000062725,APPBP2,amyloid beta precursor protein binding protein 2,-0.640947672,4.918976924,-8.51910585,0.000421133,0.004817866,-0.095217473
100506023,NA,LOC100506023,uncharacterized LOC100506023,0.652515475,0.563437131,8.133210092,0.000421298,0.004817866,0.632671907
57045,ENSG00000128791,TWSG1,twisted gastrulation BMP signaling modulator 1,-0.705469374,4.748014536,-8.511086195,0.000422961,0.004833248,-0.079842622
79921,ENSG00000133142,TCEAL4,transcription elongation factor A like 4,0.912790103,5.237657021,8.510987696,0.000422984,0.004833248,-0.129680769
65975,ENSG00000130413,STK33,serine/threonine kinase 33,-1.292434353,1.817104348,-8.508618976,0.000423525,0.004837073,0.48040172
282969,ENSG00000148803,FUOM,fucose mutarotase,1.60823058,3.145674343,8.508035371,0.000423659,0.004837073,0.215541069
79016,ENSG00000130311,DDA1,DET1 and DDB1 associated 1,0.664920279,6.629432313,8.506770951,0.000423949,0.004838435,-0.230877677
6535,ENSG00000130821,SLC6A8,solute carrier family 6 member 8,1.188935338,4.556542303,8.501098875,0.000425251,0.004850628,-0.051692709
57146,ENSG00000011638,LDAF1,lipid droplet assembly factor 1,1.301637204,5.959335018,8.500630696,0.000425359,0.004850628,-0.19093377
92922,ENSG00000135736,CCDC102A,coiled-coil domain containing 102A,0.968568007,4.296215814,8.499212439,0.000425685,0.004852403,-0.021596804
157570,ENSG00000171320,ESCO2,establishment of sister chromatid cohesion N-acetyltransferase 2,-1.673266352,2.029644393,-8.498017527,0.000425961,0.004853593,0.446554249
151648,ENSG00000129810,SGO1,shugoshin 1,-1.331969762,2.238136278,-8.495946883,0.000426438,0.004856474,0.386192428
10487,ENSG00000131236,CAP1,cyclase associated actin cytoskeleton regulatory protein 1,0.367502488,8.657754697,8.46783836,0.000426704,0.004856474,-0.288078862
55890,ENSG00000170412,GPRC5C,G protein-coupled receptor class C group 5 member C,0.910956762,4.562474755,8.494697828,0.000426727,0.004856474,-0.063305705
644538,ENSG00000184785,SMIM10,small integral membrane protein 10,1.16852443,1.225696674,8.49226308,0.000427289,0.004860583,0.578296148
166,ENSG00000104964,TLE5,"TLE family member 5, transcriptional modulator",1.296935877,7.819747429,8.491655684,0.00042743,0.004860583,-0.272618624
130271,ENSG00000152527,PLEKHH2,"pleckstrin homology, MyTH4 and FERM domain containing H2",-1.601511235,2.82416818,-8.490481838,0.000427702,0.00486152,0.272781313
54828,ENSG00000141376,BCAS3,BCAS3 microtubule associated cell migration factor,0.320414313,4.13636639,8.106313509,0.000428009,0.00486152,-0.092207404
1356,ENSG00000047457,CP,ceruloplasmin,-3.302549809,0.448568774,-8.489082545,0.000428026,0.00486152,0.745452957
9439,ENSG00000112282,MED23,mediator complex subunit 23,-1.012432151,5.187132642,-8.48636226,0.000428657,0.004866742,-0.138367325
84335,ENSG00000204673,AKT1S1,AKT1 substrate 1,0.782841464,7.115135168,8.482925322,0.000429456,0.004873865,-0.264065236
81533,ENSG00000129636,ITFG1,integrin alpha FG-GAP repeat containing 1,0.489671339,6.214309849,8.479889415,0.000430164,0.004879942,-0.22722129
3607,ENSG00000141568,FOXK2,forkhead box K2,0.618543712,6.91252331,8.478548672,0.000430476,0.004881541,-0.260989246
64858,ENSG00000118655,DCLRE1B,DNA cross-link repair 1B,0.518610711,4.739071021,8.477479128,0.000430726,0.004882423,-0.102926155
165679,ENSG00000196542,SPTSSB,serine palmitoyltransferase small subunit B,0.848500013,2.429542916,8.47673597,0.0004309,0.004882442,0.315818781
85442,ENSG00000171798,KNDC1,kinase non-catalytic C-lobe domain containing 1,0.940363568,3.378233995,8.475762332,0.000431127,0.004883072,0.120984117
197257,ENSG00000166816,LDHD,lactate dehydrogenase D,1.542079338,2.76920429,8.474626327,0.000431393,0.004883149,0.269671343
8971,ENSG00000184897,H1-10,H1.10 linker histone,1.656623751,7.292247089,8.473886304,0.000431566,0.004883149,-0.268008682
80127,ENSG00000119636,BBOF1,basal body orientation factor 1,-1.227592027,3.410292455,-8.472039853,0.000431999,0.004883149,0.123705767
6996,ENSG00000139372,TDG,thymine DNA glycosylase,-0.961697505,4.815558963,-8.471232625,0.000432188,0.004883149,-0.108626372
26073,ENSG00000004142,POLDIP2,DNA polymerase delta interacting protein 2,0.629517293,6.183941693,8.47118375,0.0004322,0.004883149,-0.230307798
57109,ENSG00000148300,REXO4,"REX4 homolog, 3'-5' exonuclease",0.747082897,5.553802094,8.47078292,0.000432294,0.004883149,-0.185431651
256021,ENSG00000257242,LINC01619,long intergenic non-protein coding RNA 1619,-3.453455162,-3.485217967,-8.470593566,0.000432338,0.004883149,0.756367927
5595,ENSG00000102882,MAPK3,mitogen-activated protein kinase 3,1.21429928,6.634441926,8.465282801,0.000433586,0.0048953,-0.252812186
404281,ENSG00000230797,YY2,YY2 transcription factor,-1.362155327,-0.017513113,-8.413325488,0.000433852,0.004896354,0.7304607
57728,ENSG00000157796,WDR19,WD repeat domain 19,-1.245949313,4.93737641,-8.463035272,0.000434116,0.004896712,-0.121614577
1663,ENSG00000013573,DDX11,DEAD/H-box helicase 11,-0.763013049,5.567898452,-8.462112153,0.000434333,0.004896712,-0.191789185
22893,ENSG00000140320,BAHD1,bromo adjacent homology domain containing 1,0.470176941,5.185593451,8.461825433,0.000434401,0.004896712,-0.161288861
554202,ENSG00000171889,MIR31HG,MIR31 host gene,-1.157227493,3.820931465,-8.45987431,0.000434862,0.004899337,0.037016124
29948,ENSG00000140961,OSGIN1,oxidative stress induced growth inhibitor 1,0.890445143,3.174981999,8.45902349,0.000435063,0.004899337,0.149165513
10154,ENSG00000136040,PLXNC1,plexin C1,-2.126486509,-0.56274349,-8.458279926,0.000435239,0.004899337,0.772859279
4535,ENSG00000198888,ND1,NADH dehydrogenase subunit 1,-1.390256772,11.34984425,-8.45738745,0.00043545,0.004899337,-0.313354218
6461,ENSG00000107338,SHB,SH2 domain containing adaptor protein B,0.430208916,5.968117816,8.457189005,0.000435497,0.004899337,-0.22652619
11283,ENSG00000186526,CYP4F8,cytochrome P450 family 4 subfamily F member 8,-3.785720624,-3.324115662,-8.455370787,0.000435927,0.004901266,0.754217503
2335,ENSG00000115414,FN1,fibronectin 1,1.790278756,9.612326482,8.455007498,0.000436013,0.004901266,-0.313283857
6790,ENSG00000087586,AURKA,aurora kinase A,-0.368444072,5.345719033,-8.309865847,0.000436391,0.004902087,-0.21065057
5977,ENSG00000133884,DPF2,double PHD fingers 2,0.632722567,6.333193112,8.453243342,0.000436432,0.004902087,-0.250402184
10988,ENSG00000111142,METAP2,methionyl aminopeptidase 2,-1.040678273,6.601676907,-8.452407631,0.00043663,0.004902326,-0.261120284
101929768,NA,OSMR-DT,OSMR divergent transcript,1.335417519,0.03042207,8.396357004,0.000436798,0.004902326,0.717308623
85014,ENSG00000244187,TMEM141,transmembrane protein 141,1.507492506,5.3950346,8.450884023,0.000436992,0.004902562,-0.172176994
282973,ENSG00000188385,JAKMIP3,Janus kinase and microtubule interacting protein 3,-1.202945541,2.845319168,-8.445313647,0.000438318,0.004915497,0.220778644
115426,ENSG00000147854,UHRF2,ubiquitin like with PHD and ring finger domains 2,-0.465607963,5.011636996,-8.441020423,0.000439343,0.004925051,-0.15704154
7084,ENSG00000166548,TK2,thymidine kinase 2,0.561052719,5.278628565,8.433456055,0.000441157,0.004943022,-0.187416556
2553,ENSG00000104064,GABPB1,GA binding protein transcription factor subunit beta 1,-0.56974517,3.970292152,-8.432883162,0.000441295,0.004943022,-0.021246751
56852,ENSG00000070950,RAD18,RAD18 E3 ubiquitin protein ligase,-0.652458102,4.711504606,-8.431317985,0.000441671,0.004945289,-0.127197812
4241,ENSG00000163975,MELTF,melanotransferrin,0.975751277,6.558723079,8.426316618,0.000442877,0.004954887,-0.276716959
136332,ENSG00000155530,LRGUK,leucine rich repeats and guanylate kinase domain containing,-2.999222448,0.154341227,-8.425761193,0.000443011,0.004954887,0.723174793
10963,ENSG00000168439,STIP1,stress induced phosphoprotein 1,0.564691169,8.308332897,8.425591671,0.000443052,0.004954887,-0.323709973
81575,ENSG00000178878,APOLD1,apolipoprotein L domain containing 1,-1.006977594,3.892509318,-8.424447597,0.000443328,0.004956027,-0.003011998
387882,ENSG00000235162,C12orf75,chromosome 12 open reading frame 75,-4.024829523,-2.665992605,-8.422344168,0.000443837,0.004959763,0.756803517
55733,ENSG00000054392,HHAT,hedgehog acyltransferase,0.889628643,2.67129415,8.41880417,0.000444695,0.004967396,0.228711524
4247,ENSG00000168282,MGAT2,"alpha-1,6-mannosyl-glycoprotein 2-beta-N-acetylglucosaminyltransferase",0.695799988,5.142258912,8.417868265,0.000444922,0.004967979,-0.183045442
10746,ENSG00000169967,MAP3K2,mitogen-activated protein kinase kinase kinase 2,-1.177712578,6.459338542,-8.41661107,0.000445228,0.004969435,-0.275704458
1796,ENSG00000115325,DOK1,docking protein 1,1.628345421,2.739557529,8.414168462,0.000445822,0.00497411,0.242225346
6645,ENSG00000168807,SNTB2,syntrophin beta 2,-1.236024218,5.471227031,-8.411616844,0.000446443,0.004979088,-0.209417847
8189,ENSG00000125755,SYMPK,symplekin scaffold protein,0.501988467,6.865280918,8.409749461,0.000446899,0.004980031,-0.304097654
56940,ENSG00000112679,DUSP22,dual specificity phosphatase 22,0.596395355,4.87105681,8.408604729,0.000447178,0.004980031,-0.161610156
686,ENSG00000169814,BTD,biotinidase,0.820644036,4.035064232,8.408548022,0.000447192,0.004980031,-0.042660036
6940,ENSG00000169131,ZNF354A,zinc finger protein 354A,-0.716130187,3.361538823,-8.408395518,0.000447229,0.004980031,0.075822382
80817,ENSG00000164118,CEP44,centrosomal protein 44,-1.261300723,3.998435471,-8.40684839,0.000447608,0.004982288,-0.023520787
6274,ENSG00000188015,S100A3,S100 calcium binding protein A3,2.472901371,0.20281833,8.403823782,0.000448348,0.004988574,0.699619889
84000,ENSG00000137747,TMPRSS13,transmembrane serine protease 13,0.713282286,5.163843029,8.402710812,0.000448621,0.004989654,-0.19471851
7322,ENSG00000131508,UBE2D2,ubiquitin conjugating enzyme E2 D2,0.708294689,6.875560547,8.400624519,0.000449133,0.004993392,-0.309247974
2297,ENSG00000251493,FOXD1,forkhead box D1,2.186272716,2.596982968,8.39383859,0.000450803,0.005009996,0.291020601
414919,ENSG00000213563,C8orf82,chromosome 8 open reading frame 82,1.079763923,5.577286211,8.392598179,0.000451109,0.005011436,-0.233836017
118460,ENSG00000223496,EXOSC6,exosome component 6,0.600877648,3.918942903,8.38839748,0.000452147,0.005021006,-0.041171988
23527,ENSG00000114331,ACAP2,"ArfGAP with coiled-coil, ankyrin repeat and PH domains 2",-0.889505521,6.500372992,-8.386826411,0.000452536,0.005023362,-0.299908022
286410,ENSG00000101974,ATP11C,ATPase phospholipid transporting 11C,-0.751626213,4.862962488,-8.383469493,0.000453369,0.005030637,-0.174312342
54554,ENSG00000196981,WDR5B,WD repeat domain 5B,-0.830037616,3.726303123,-8.382307104,0.000453657,0.005031875,-0.006081412
55324,ENSG00000161204,ABCF3,ATP binding cassette subfamily F member 3,0.763594728,5.850832648,8.380819145,0.000454027,0.005032465,-0.26600986
9540,ENSG00000115129,TP53I3,tumor protein p53 inducible protein 3,1.835309294,2.976632039,8.380667537,0.000454065,0.005032465,0.182950259
4047,ENSG00000160285,LSS,lanosterol synthase,1.980435787,3.57430713,8.379690666,0.000454308,0.005033195,0.068109627
100272228,ENSG00000235703,EOLA2-DT,EOLA2 divergent transcript,-2.565349355,1.951773756,-8.376783296,0.000455032,0.005039254,0.437390878
829,ENSG00000116489,CAPZA1,capping actin protein of muscle Z-line subunit alpha 1,-0.596825439,7.616588186,-8.375139073,0.000455443,0.005040199,-0.346548185
148189,ENSG00000261824,LINC00662,long intergenic non-protein coding RNA 662,-0.589994702,3.248066655,-8.36379903,0.000455603,0.005040199,0.071608887
79982,ENSG00000164031,DNAJB14,DnaJ heat shock protein family (Hsp40) member B14,-0.890294796,4.94644392,-8.374307867,0.00045565,0.005040199,-0.18731932
79730,ENSG00000179299,NSUN7,NOP2/Sun RNA methyltransferase family member 7,-0.417896827,4.385976529,-8.24976202,0.000455909,0.005041096,-0.149854609
56913,ENSG00000106392,C1GALT1,"core 1 synthase, glycoprotein-N-acetylgalactosamine 3-beta-galactosyltransferase 1",-0.663355738,5.236793143,-8.37154341,0.000456342,0.005043915,-0.222135447
79684,ENSG00000120458,MSANTD2,Myb/SANT DNA binding domain containing 2,-2.293892681,3.065572494,-8.368640214,0.000457069,0.005049987,0.187400915
196074,ENSG00000169519,METTL15,"methyltransferase 15, mitochondrial 12S rRNA N4-cytidine",-0.730134141,4.639482861,-8.365489977,0.000457859,0.005056755,-0.15936839
84319,ENSG00000184220,CMSS1,cms1 ribosomal small subunit homolog,-1.019364942,4.693216389,-8.361907918,0.00045876,0.005064737,-0.162780678
79085,ENSG00000125648,SLC25A23,solute carrier family 25 member 23,0.723446895,6.623348856,8.361170035,0.000458946,0.005064819,-0.324060464
246269,ENSG00000135537,AFG1L,AFG1 like ATPase,-0.532947677,2.569362956,-8.104822953,0.000459425,0.00506763,0.155679387
101929005,NA,NA,NA,-3.697739267,-2.837658395,-8.358744442,0.000459558,0.00506763,0.719032198
9310,ENSG00000159917,ZNF235,zinc finger protein 235,-1.010664611,1.10995525,-8.318735681,0.000460368,0.005071356,0.505993245
57035,ENSG00000117616,RSRP1,arginine and serine rich protein 1,-2.029327585,4.481828285,-8.355460736,0.000460387,0.005071356,-0.100471204
4860,ENSG00000198805,PNP,purine nucleoside phosphorylase,0.795793617,5.36345417,8.355286435,0.000460432,0.005071356,-0.243081801
6464,ENSG00000160691,SHC1,SHC adaptor protein 1,0.823383367,8.101228114,8.352893766,0.000461037,0.005076058,-0.368079566
23411,ENSG00000096717,SIRT1,sirtuin 1,-0.7451873,4.654277829,-8.348879466,0.000462056,0.005084196,-0.1717179
78999,ENSG00000173621,LRFN4,leucine rich repeat and fibronectin type III domain containing 4,1.351313769,5.421807706,8.348568431,0.000462135,0.005084196,-0.244084898
54623,ENSG00000006712,PAF1,"PAF1 homolog, Paf1/RNA polymerase II complex component",0.775711044,5.910543515,8.347148441,0.000462495,0.005086061,-0.291962965
27153,ENSG00000196453,ZNF777,zinc finger protein 777,0.50097231,4.660149545,8.346492618,0.000462662,0.005086061,-0.177890994
349075,ENSG00000178665,ZNF713,zinc finger protein 713,-1.562361874,3.988192768,-8.343962082,0.000463307,0.005091172,-0.049942022
26276,ENSG00000184056,VPS33B,VPS33B late endosome and lysosome associated,0.538139862,4.456172309,8.339873873,0.00046435,0.005100661,-0.15524177
140545,ENSG00000105982,RNF32,ring finger protein 32,-0.845810227,2.973194404,-8.33874703,0.000464638,0.005101851,0.113525293
84886,ENSG00000119280,C1orf198,chromosome 1 open reading frame 198,0.666598604,6.116102263,8.336712394,0.000465158,0.005105593,-0.312870133
63894,ENSG00000151445,VIPAS39,"VPS33B interacting protein, apical-basolateral polarity regulator, spe-39 homolog",0.306439089,5.580905865,8.049829891,0.000465905,0.005111814,-0.337699061
222235,ENSG00000161040,FBXL13,F-box and leucine rich repeat protein 13,-0.614096937,5.756780895,-8.331046458,0.000466612,0.005117589,-0.292366747
54934,ENSG00000139620,KANSL2,KAT8 regulatory NSL complex subunit 2,-0.413065618,4.382930253,-8.20052353,0.000467066,0.005120594,-0.179202152
9965,ENSG00000162344,FGF19,fibroblast growth factor 19,-1.803900677,2.171179918,-8.327187575,0.000467605,0.005122986,0.317596575
56666,ENSG00000073150,PANX2,pannexin 2,1.013707271,5.436770854,8.326734946,0.000467721,0.005122986,-0.265309882
64864,ENSG00000181827,RFX7,regulatory factor X7,-1.538017464,3.807140288,-8.326330807,0.000467825,0.005122986,-0.030566352
8553,ENSG00000134107,BHLHE40,basic helix-loop-helix family member e40,1.139390993,7.242190716,8.32465594,0.000468257,0.00512574,-0.367810481
5605,ENSG00000126934,MAP2K2,mitogen-activated protein kinase kinase 2,1.303288604,7.732776796,8.323893269,0.000468454,0.005125919,-0.379339915
54946,ENSG00000114544,SLC41A3,solute carrier family 41 member 3,0.786137557,5.812477227,8.321248902,0.000469138,0.005130162,-0.301746887
7516,ENSG00000196584,XRCC2,X-ray repair cross complementing 2,-1.988937176,2.960754298,-8.320994762,0.000469203,0.005130162,0.15876238
11138,ENSG00000204634,TBC1D8,TBC1 domain family member 8,-1.361910641,5.860410636,-8.319866048,0.000469496,0.00513138,-0.299194987
6059,ENSG00000164163,ABCE1,ATP binding cassette subfamily E member 1,-0.695838959,5.756494095,-8.318889543,0.000469748,0.005132168,-0.299671074
3565,ENSG00000113520,IL4,interleukin 4,-3.074555488,-3.682971552,-8.31634921,0.000470407,0.005136318,0.674765674
10262,ENSG00000143368,SF3B4,splicing factor 3b subunit 4,0.475070431,6.946330065,8.31602958,0.00047049,0.005136318,-0.368014111
93129,ENSG00000175938,ORAI3,ORAI calcium release-activated calcium modulator 3,0.963534598,5.129086003,8.314125961,0.000470984,0.005139739,-0.244899686
5916,ENSG00000172819,RARG,retinoic acid receptor gamma,-0.466158091,6.191348773,-8.311789036,0.000471592,0.005143226,-0.334558424
29068,ENSG00000196323,ZBTB44,zinc finger and BTB domain containing 44,-0.817777956,5.103752216,-8.311504457,0.000471666,0.005143226,-0.246024622
83932,ENSG00000010072,SPRTN,SprT-like N-terminal domain,-0.656783647,4.310902145,-8.309377222,0.00047222,0.005145257,-0.152075561
5986,ENSG00000169733,RFNG,RFNG O-fucosylpeptide 3-beta-N-acetylglucosaminyltransferase,1.034509678,6.005055255,8.308868932,0.000472353,0.005145257,-0.321065083
54953,ENSG00000157181,ODR4,odr-4 GPCR localization factor homolog,-0.927786856,4.778952964,-8.308703293,0.000472396,0.005145257,-0.209835157
9986,ENSG00000173653,RCE1,Ras converting CAAX endopeptidase 1,0.459027915,5.509711782,8.306950532,0.000472853,0.005147228,-0.290093728
5567,ENSG00000142875,PRKACB,protein kinase cAMP-activated catalytic subunit beta,-0.616108758,5.045783393,-8.306620829,0.00047294,0.005147228,-0.245939238
101927125,ENSG00000236081,ELFN1-AS1,ELFN1 antisense RNA 1,1.657943139,1.890567985,8.303981101,0.000473629,0.005151407,0.351761378
23285,NA,NA,NA,-1.308916037,3.075619154,-8.30376373,0.000473686,0.005151407,0.086993407
84852,ENSG00000203865,ATP1A1-AS1,ATP1A1 antisense RNA 1,-0.531141153,2.453441301,-8.02532352,0.000474015,0.005153003,0.139644768
493861,ENSG00000255150,EID3,EP300 interacting inhibitor of differentiation 3,-2.530163897,1.991423792,-8.300756216,0.000474474,0.005156024,0.379580456
25953,ENSG00000127838,PNKD,PNKD metallo-beta-lactamase domain containing,0.497646386,6.909909121,8.30001456,0.000474669,0.005156164,-0.377079743
84282,ENSG00000181481,RNF135,ring finger protein 135,0.779568208,3.940415107,8.298928619,0.000474953,0.005157286,-0.098899661
968,ENSG00000129226,CD68,CD68 molecule,0.806902221,6.486310848,8.296726749,0.000475532,0.005160319,-0.358733199
92344,ENSG00000120370,GORAB,"golgin, RAB6 interacting",-1.229907493,2.649360359,-8.295717586,0.000475797,0.005160319,0.16864666
23379,ENSG00000164151,ICE1,interactor of little elongation complex ELL subunit 1,-1.225120187,6.956569439,-8.295448077,0.000475868,0.005160319,-0.376192124
64072,ENSG00000107736,CDH23,cadherin related 23,-1.295847935,0.709567958,-8.29509997,0.00047596,0.005160319,0.547173811
84135,ENSG00000164338,UTP15,UTP15 small subunit processome component,-0.710105755,4.499982078,-8.293557868,0.000476366,0.00516275,-0.188149201
1594,ENSG00000111012,CYP27B1,cytochrome P450 family 27 subfamily B member 1,1.19902748,2.354514296,8.289683988,0.000477387,0.00516918,0.225226908
284716,ENSG00000177181,RIMKLA,ribosomal modification protein rimK like family member A,-2.629280411,2.002998867,-8.289330032,0.000477481,0.00516918,0.374724476
51506,ENSG00000143222,UFC1,ubiquitin-fold modifier conjugating enzyme 1,0.70260544,5.315536685,8.288590989,0.000477676,0.00516918,-0.283280783
8541,ENSG00000177380,PPFIA3,PTPRF interacting protein alpha 3,1.113994789,4.710403342,8.288194306,0.000477781,0.00516918,-0.211125262
9260,ENSG00000196923,PDLIM7,PDZ and LIM domain 7,0.879672716,7.160549658,8.287860839,0.000477869,0.00516918,-0.391267138
3633,ENSG00000204084,INPP5B,inositol polyphosphate-5-phosphatase B,0.53234351,4.368432169,8.286443998,0.000478244,0.005171264,-0.17779996
101927043,ENSG00000234690,EPCAM-DT,EPCAM divergent transcript,1.153190253,1.101442332,8.277552823,0.000480604,0.005192508,0.468163679
8666,ENSG00000130811,EIF3G,eukaryotic translation initiation factor 3 subunit G,1.299831345,7.22662996,8.277035674,0.000480742,0.005192508,-0.397159317
222068,ENSG00000158604,TMED4,transmembrane p24 trafficking protein 4,0.383195237,7.191272419,8.276977164,0.000480757,0.005192508,-0.401544339
7390,ENSG00000188690,UROS,uroporphyrinogen III synthase,0.68398689,5.211245599,8.275054392,0.00048127,0.005196066,-0.282570509
7009,ENSG00000139644,TMBIM6,transmembrane BAX inhibitor motif containing 6,-0.430578585,9.934065799,-8.274300816,0.000481471,0.00519626,-0.433803405
26270,ENSG00000116663,FBXO6,F-box protein 6,1.383279568,3.091302892,8.272492762,0.000481953,0.005199069,0.065918627
158158,ENSG00000165105,RASEF,RAS and EF-hand domain containing,-0.959883662,4.830716165,-8.271310093,0.000482269,0.005199069,-0.239756927
64981,ENSG00000130312,MRPL34,mitochondrial ribosomal protein L34,1.354804242,5.041466563,8.271269362,0.00048228,0.005199069,-0.255499055
9360,ENSG00000138398,PPIG,peptidylprolyl isomerase G,-1.010793462,5.325802101,-8.270003623,0.000482619,0.005200744,-0.291841226
6894,ENSG00000059588,TARBP1,TAR (HIV-1) RNA binding protein 1,-1.399416929,6.223207284,-8.268006806,0.000483153,0.005203653,-0.356768446
1657,ENSG00000172869,DMXL1,Dmx like 1,-1.306308398,5.715867841,-8.266662376,0.000483514,0.005203653,-0.323575952
81627,ENSG00000121486,TRMT1L,tRNA methyltransferase 1 like,-0.577403475,4.454481214,-8.266552711,0.000483543,0.005203653,-0.201792585
4780,ENSG00000116044,NFE2L2,NFE2 like bZIP transcription factor 2,-0.639571178,7.032872342,-8.266259256,0.000483622,0.005203653,-0.402670976
55333,ENSG00000213463,SYNJ2BP,synaptojanin 2 binding protein,-1.15957687,5.721744379,-8.263890682,0.000484258,0.005206706,-0.328080396
55197,ENSG00000141425,RPRD1A,regulation of nuclear pre-mRNA domain containing 1A,-0.993040612,5.666974676,-8.263836062,0.000484272,0.005206706,-0.325867654
55719,ENSG00000119906,SLF2,SMC5-SMC6 complex localization factor 2,-1.07203775,4.933524501,-8.262003721,0.000484765,0.005210029,-0.255409566
5918,ENSG00000118849,RARRES1,retinoic acid receptor responder 1,-1.399478537,3.586622304,-8.26086211,0.000485072,0.005211358,-0.03896152
1819,ENSG00000108591,DRG2,developmentally regulated GTP binding protein 2,0.553779597,5.786158671,8.258644133,0.000485669,0.005215803,-0.342327354
7005,ENSG00000007866,TEAD3,TEA domain transcription factor 3,0.40495985,6.060069484,8.255750246,0.00048645,0.005222214,-0.363437869
574029,NA,DUSP5P1,dual specificity phosphatase 5 pseudogene 1,-1.650934633,1.3272587,-8.252411619,0.000487353,0.005229927,0.428511635
84809,ENSG00000291072,CROCCP2,CROCC pseudogene 2,-1.121216599,3.642118922,-8.251574806,0.00048758,0.005230382,-0.066390916
255324,ENSG00000182585,EPGN,epithelial mitogen,1.619990612,2.956195556,8.250348666,0.000487912,0.005231969,0.090944335
57491,ENSG00000063438,AHRR,aryl hydrocarbon receptor repressor,0.844885552,3.719357545,8.247098584,0.000488794,0.005239447,-0.092770121
144100,ENSG00000166689,PLEKHA7,pleckstrin homology domain containing A7,-0.874613147,4.947814488,-8.243876806,0.00048967,0.005246566,-0.272685887
127253,ENSG00000162623,TYW3,tRNA-yW synthesizing protein 3 homolog,-0.950510316,4.123080074,-8.242585617,0.000490021,0.005246566,-0.160377186
27130,ENSG00000119509,INVS,inversin,-0.877506022,3.47936592,-8.242535193,0.000490035,0.005246566,-0.049470114
285908,ENSG00000179406,LINC00174,long intergenic non-protein coding RNA 174,-1.472868171,2.516276581,-8.241941586,0.000490197,0.005246566,0.173454798
813,ENSG00000128595,CALU,calumenin,0.592009055,7.71569273,8.240181622,0.000490677,0.005249725,-0.436572174
57462,ENSG00000164976,MYORG,myogenesis regulating glycosidase (putative),1.218846554,4.147490838,8.238655322,0.000491094,0.005252204,-0.159356107
4043,ENSG00000163956,LRPAP1,LDL receptor related protein associated protein 1,1.081327399,5.941736238,8.235365841,0.000491993,0.005256527,-0.364387528
84337,ENSG00000130165,ELOF1,elongation factor 1,1.556322918,4.907131487,8.23518836,0.000492042,0.005256527,-0.25778639
26353,ENSG00000152137,HSPB8,heat shock protein family B (small) member 8,1.333046609,2.706211405,8.23514675,0.000492053,0.005256527,0.120222999
23657,ENSG00000151012,SLC7A11,solute carrier family 7 member 11,-1.229600133,8.854224231,-8.231895437,0.000492944,0.005262288,-0.454514938
151176,ENSG00000178752,ERFE,erythroferrone,0.861238545,3.129681998,8.231827111,0.000492963,0.005262288,0.011614805
4665,ENSG00000166886,NAB2,NGFI-A binding protein 2,0.786310993,4.703261885,8.230055424,0.000493449,0.005265501,-0.255099591
6938,ENSG00000140262,TCF12,transcription factor 12,-1.137655995,5.712454997,-8.225121326,0.000494807,0.005274048,-0.353089203
92747,ENSG00000125999,BPIFB1,BPI fold containing family B member 1,-1.643379204,2.384402658,-8.224664919,0.000494933,0.005274048,0.199023847
83450,ENSG00000171962,DRC3,dynein regulatory complex subunit 3,-2.104782438,1.375868067,-8.223821941,0.000495166,0.005274048,0.421332449
54472,ENSG00000078902,TOLLIP,toll interacting protein,0.821440106,5.601936579,8.223778953,0.000495177,0.005274048,-0.349050282
7155,ENSG00000077097,TOP2B,DNA topoisomerase II beta,-0.592516054,7.422198,-8.223772852,0.000495179,0.005274048,-0.441557834
29121,ENSG00000069493,CLEC2D,C-type lectin domain family 2 member D,-1.652402683,3.011021385,-8.222108912,0.000495638,0.005274058,0.065094431
137682,ENSG00000156170,NDUFAF6,NADH:ubiquinone oxidoreductase complex assembly factor 6,-0.455273913,3.527662139,-8.054446679,0.000495918,0.005274058,-0.11572423
84549,ENSG00000198042,MAK16,MAK16 homolog,-0.654963388,3.894911917,-8.221086661,0.000495921,0.005274058,-0.144131709
7280,ENSG00000137267,TUBB2A,tubulin beta 2A class IIa,1.139638791,2.794546349,8.221078651,0.000495923,0.005274058,0.084646078
92255,ENSG00000164187,LMBRD2,LMBR1 domain containing 2,-1.013136379,4.957600671,-8.213227983,0.000498098,0.00529521,-0.291299872
6132,ENSG00000161016,RPL8,ribosomal protein L8,1.609569161,10.62671578,8.211091434,0.000498692,0.00529954,-0.475020791
1025,ENSG00000136807,CDK9,cyclin dependent kinase 9,0.630665144,5.987844452,8.20671724,0.000499911,0.005310504,-0.390043563
80320,ENSG00000189120,SP6,Sp6 transcription factor,0.471290309,5.550424212,8.205878996,0.000500145,0.005311003,-0.359589202
673,ENSG00000157764,BRAF,"B-Raf proto-oncogene, serine/threonine kinase",-0.953866787,5.486515568,-8.201460796,0.00050138,0.00532213,-0.352231292
90957,ENSG00000163214,DHX57,DExH-box helicase 57,-0.573476087,4.939135597,-8.197128005,0.000502595,0.005333033,-0.306833838
51274,ENSG00000109787,KLF3,KLF transcription factor 3,-0.823120216,6.885087395,-8.195309941,0.000503106,0.005335533,-0.442952798
10548,ENSG00000100926,TM9SF1,transmembrane 9 superfamily member 1,0.370302598,7.153666989,8.185294944,0.000503207,0.005335533,-0.456527409
387263,ENSG00000185127,C6orf120,chromosome 6 open reading frame 120,-0.287011788,5.034507439,-7.830556588,0.000504655,0.005348894,-0.400474557
399959,ENSG00000255248,MIR100HG,mir-100-let-7a-2-mir-125b-1 cluster host gene,-1.198410087,2.146043081,-8.185195472,0.00050596,0.005355703,0.20441711
51571,ENSG00000153310,CYRIB,CYFIP related Rac1 interactor B,-0.195310229,6.83912785,-7.826242567,0.000505978,0.005355703,-0.527745571
57711,ENSG00000186020,ZNF529,zinc finger protein 529,-1.629686104,3.656334696,-8.184982729,0.00050602,0.005355703,-0.090224769
4037,ENSG00000130881,LRP3,LDL receptor related protein 3,1.134155133,4.528593873,8.184868436,0.000506052,0.005355703,-0.254102933
27351,ENSG00000100418,DESI1,desumoylating isopeptidase 1,0.555181719,6.204064097,8.180681574,0.000507239,0.005366266,-0.4211899
51105,ENSG00000129292,PHF20L1,PHD finger protein 20 like 1,-1.076413458,5.718231444,-8.179702875,0.000507517,0.005367207,-0.384339144
6396,ENSG00000157020,SEC13,"SEC13 homolog, nuclear pore and COPII coat complex component",1.108341854,7.325917104,8.17616759,0.000508523,0.005375839,-0.468071085
55266,ENSG00000139291,TMEM19,transmembrane protein 19,-0.833336094,4.2740559,-8.173435468,0.000509302,0.005382042,-0.23193421
5639,ENSG00000126460,PRRG2,proline rich and Gla domain 2,1.029215185,4.348143191,8.1721993,0.000509654,0.005382042,-0.239608013
541578,ENSG00000197021,EOLA2,endothelium and lymphocyte associated ASCH domain 2,0.917742409,5.219454249,8.172115913,0.000509678,0.005382042,-0.347904044
200894,ENSG00000169379,ARL13B,ADP ribosylation factor like GTPase 13B,-0.995782043,3.462499449,-8.170200833,0.000510225,0.005385089,-0.089870476
7700,ENSG00000131127,ZNF141,zinc finger protein 141,-2.001844496,1.372489419,-8.169146318,0.000510527,0.005385089,0.382786577
8140,ENSG00000103257,SLC7A5,solute carrier family 7 member 5,0.475289678,9.37245558,8.169115747,0.000510536,0.005385089,-0.500435444
64077,ENSG00000107902,LHPP,phospholysine phosphohistidine inorganic pyrophosphate phosphatase,1.222406503,4.873168673,8.165954734,0.000511441,0.005392636,-0.308643775
55970,ENSG00000172380,GNG12,G protein subunit gamma 12,-0.711322538,6.990277506,-8.165239292,0.000511646,0.005392797,-0.467488476
79143,ENSG00000125505,MBOAT7,membrane bound O-acyltransferase domain containing 7,1.223079685,6.14371917,8.164198952,0.000511945,0.005393404,-0.422962318
10591,ENSG00000112667,DNPH1,2'-deoxynucleoside 5'-phosphate N-hydrolase 1,2.394928231,5.192839781,8.163715102,0.000512084,0.005393404,-0.309073581
64105,ENSG00000123219,CENPK,centromere protein K,-1.533236885,3.190935272,-8.156722323,0.000514096,0.005412594,-0.022058438
50488,ENSG00000141503,MINK1,misshapen like kinase 1,0.578762918,7.257155403,8.152507905,0.000515314,0.005423403,-0.484836466
51616,ENSG00000187325,TAF9B,TATA-box binding protein associated factor 9b,-1.185016093,3.584591493,-8.151629411,0.000515568,0.005424068,-0.118632905
102466747,ENSG00000284012,MIR6840,microRNA 6840,-1.206642724,-0.791942206,-7.880930459,0.0005159,0.005425267,0.574069623
79171,ENSG00000126254,RBM42,RNA binding motif protein 42,1.466812278,6.746405472,8.149492517,0.000516187,0.005425267,-0.461160445
661,ENSG00000168495,POLR3D,RNA polymerase III subunit D,0.592266262,5.241816779,8.149257662,0.000516255,0.005425267,-0.369349135
100506606,ENSG00000257176,LOC100506606,uncharacterized LOC100506606,-3.281149774,-1.061276456,-8.147335798,0.000516813,0.005429117,0.616415205
5091,ENSG00000173599,PC,pyruvate carboxylase,0.54661151,5.609513399,8.145820648,0.000517253,0.005431731,-0.403513458
29841,ENSG00000134317,GRHL1,grainyhead like transcription factor 1,-0.750365834,5.899891867,-8.141595612,0.000518483,0.00544263,-0.426279598
100616668,NA,TPTE2P5,TPTE2 pseudogene 5,-0.543990601,1.453093165,-7.782974823,0.00051947,0.005450985,0.235053207
3382,ENSG00000003147,ICA1,islet cell autoantigen 1,0.501389342,5.05541784,8.132955903,0.000521008,0.005465098,-0.36264111
25874,ENSG00000143158,MPC2,mitochondrial pyruvate carrier 2,1.253808659,5.800454118,8.131978124,0.000521295,0.005465575,-0.420333199
147657,ENSG00000198464,ZNF480,zinc finger protein 480,-0.884325986,4.704118165,-8.131488011,0.000521438,0.005465575,-0.318070992
285203,ENSG00000163378,EOGT,EGF domain specific O-linked N-acetylglucosamine transferase,-1.09629619,3.076231368,-8.128847181,0.000522214,0.005471685,-0.035432543
11135,ENSG00000128283,CDC42EP1,CDC42 effector protein 1,0.543818556,6.498705256,8.127237062,0.000522688,0.005474626,-0.472999453
55818,ENSG00000115548,KDM3A,lysine demethylase 3A,-1.076326329,5.457356202,-8.126179711,0.000522999,0.005475867,-0.397738937
55179,ENSG00000158234,FAIM,Fas apoptotic inhibitory molecule,-0.674118841,3.880267625,-8.124212202,0.000523579,0.005479916,-0.204983788
80207,ENSG00000125741,OPA3,outer mitochondrial membrane lipid metabolism regulator OPA3,0.429734383,5.390322837,8.122776494,0.000524002,0.005482328,-0.401586562
441150,ENSG00000221821,C6orf226,chromosome 6 open reading frame 226,2.306662744,1.822526198,8.12041783,0.000524699,0.005487595,0.281838079
100310846,ENSG00000157999,ANKRD61,ankyrin repeat domain 61,-2.033254263,0.344824057,-8.117702575,0.000525502,0.005493974,0.505070106
90861,ENSG00000206053,JPT2,Jupiter microtubule associated homolog 2,0.231777797,7.069876727,7.761035663,0.000526474,0.00549978,-0.582327722
10253,ENSG00000136158,SPRY2,sprouty RTK signaling antagonist 2,0.473835904,3.905119319,8.06212313,0.000526729,0.00549978,-0.230825167
79139,ENSG00000136986,DERL1,derlin 1,0.486084263,7.196447528,8.113350405,0.000526793,0.00549978,-0.509577893
9817,ENSG00000079999,KEAP1,kelch like ECH associated protein 1,0.594105265,6.559721307,8.112757813,0.000526969,0.00549978,-0.48536922
109,ENSG00000138031,ADCY3,adenylate cyclase 3,0.698082418,5.887968117,8.112506655,0.000527044,0.00549978,-0.445330404
646405,NA,TPTE2P1,TPTE2 pseudogene 1,-2.399617585,0.301292538,-8.11138443,0.000527377,0.00549978,0.515235547
83544,ENSG00000119661,DNAL1,dynein axonemal light chain 1,-0.743274538,4.872870413,-8.111263263,0.000527413,0.00549978,-0.354021033
3727,ENSG00000130522,JUND,"JunD proto-oncogene, AP-1 transcription factor subunit",1.353763248,7.138163458,8.110096966,0.00052776,0.005501379,-0.504160421
1454,ENSG00000213923,CSNK1E,casein kinase 1 epsilon,1.246558035,2.709462576,8.108081972,0.000528361,0.005505389,0.033538537
10062,ENSG00000025434,NR1H3,nuclear receptor subfamily 1 group H member 3,-0.64597134,5.182293735,-8.107504075,0.000528533,0.005505389,-0.390527083
7376,ENSG00000131408,NR1H2,nuclear receptor subfamily 1 group H member 2,0.793489017,6.493534708,8.106253677,0.000528906,0.005507254,-0.485010379
65062,ENSG00000155755,TMEM237,transmembrane protein 237,-0.77940611,4.016760976,-8.103475517,0.000529736,0.005512122,-0.239223456
54936,ENSG00000116863,ADPRS,ADP-ribosylserine hydrolase,1.14949039,5.027224547,8.103389031,0.000529762,0.005512122,-0.369353072
105376855,NA,NA,NA,-1.514077574,-1.975263244,-7.877721014,0.000530089,0.00551351,0.581613029
9015,ENSG00000143498,TAF1A,"TATA-box binding protein associated factor, RNA polymerase I subunit A",-0.904417254,4.509511169,-8.100187984,0.00053072,0.005518049,-0.312807355
54978,ENSG00000213699,SLC35F6,solute carrier family 35 member F6,0.738354305,6.171550821,8.099432351,0.000530946,0.005518383,-0.472201952
55188,ENSG00000111785,RIC8B,RIC8 guanine nucleotide exchange factor B,-1.249312042,3.021642543,-8.097918056,0.000531401,0.005519186,-0.038149673
8539,ENSG00000166181,API5,apoptosis inhibitor 5,-0.393009161,7.335579083,-8.096316411,0.000531882,0.005519186,-0.524763976
23262,ENSG00000145725,PPIP5K2,diphosphoinositol pentakisphosphate kinase 2,-1.115324934,4.4011021,-8.096282248,0.000531892,0.005519186,-0.294394171
118426,ENSG00000165714,BORCS5,BLOC-1 related complex subunit 5,-0.902289951,3.786582119,-8.096261197,0.000531898,0.005519186,-0.201471061
54814,ENSG00000011478,QPCTL,glutaminyl-peptide cyclotransferase like,1.263617925,5.063802504,8.095937277,0.000531995,0.005519186,-0.375838201
55068,ENSG00000120658,ENOX1,ecto-NOX disulfide-thiol exchanger 1,0.925716548,0.246505442,7.807975581,0.000533095,0.005527047,0.435988921
112950,ENSG00000159479,MED8,mediator complex subunit 8,0.740837515,5.545765829,8.092125458,0.000533142,0.005527047,-0.432554047
5032,ENSG00000244165,P2RY11,purinergic receptor P2Y11,1.770113257,-0.035948538,8.089496915,0.000533935,0.005533244,0.523491009
166379,ENSG00000181004,BBS12,Bardet-Biedl syndrome 12,-0.704330886,2.31609196,-8.057417402,0.00053547,0.005547128,0.080984511
2806,ENSG00000125166,GOT2,glutamic-oxaloacetic transaminase 2,0.345036472,7.60343189,8.036295257,0.00053587,0.005549244,-0.549282895
23429,ENSG00000163602,RYBP,RING1 and YY1 binding protein,-0.800400295,3.923595512,-8.082425307,0.000536075,0.005549341,-0.237069684
51095,ENSG00000072756,TRNT1,tRNA nucleotidyl transferase 1,-0.564935527,5.140864971,-8.078180172,0.000537364,0.00556066,-0.406873102
4335,ENSG00000070444,MNT,MAX network transcriptional repressor,0.639507127,5.628236651,8.0767027,0.000537814,0.005563285,-0.450372431
124936,ENSG00000167740,CYB5D2,cytochrome b5 domain containing 2,0.740725121,3.866855124,8.072751303,0.000539018,0.005573715,-0.235922327
2804,ENSG00000173230,GOLGB1,golgin B1,-1.115019976,7.404906065,-8.070760651,0.000539626,0.005577972,-0.540212983
201294,ENSG00000092929,UNC13D,unc-13 homolog D,0.566060738,6.333238066,8.066203352,0.000541021,0.005590359,-0.504847814
29775,ENSG00000100065,CARD10,caspase recruitment domain family member 10,-0.657438972,5.455523255,-8.065352773,0.000541282,0.00559102,-0.443491487
79072,ENSG00000124279,FASTKD3,FAST kinase domains 3,-0.987574751,4.174390733,-8.064363474,0.000541586,0.005591507,-0.284914922
121838,ENSG00000233725,NRAD1,non-coding RNA in the aldehyde dehydrogenase 1A pathway,-4.843255181,-2.259877797,-8.063915958,0.000541723,0.005591507,0.57805041
2775,ENSG00000087258,GNAO1,G protein subunit alpha o1,1.829178151,4.518672947,8.062088559,0.000542285,0.005595269,-0.309365024
8759,NA,ADAM1A,ADAM metallopeptidase domain 1A (pseudogene),-2.394718272,0.741180369,-8.058626379,0.000543351,0.005604229,0.428493903
2330,ENSG00000131781,FMO5,flavin containing dimethylaniline monoxygenase 5,-0.589013996,2.814788316,-7.989933901,0.000544873,0.005617894,-0.058210682
55701,ENSG00000165801,ARHGEF40,Rho guanine nucleotide exchange factor 40,0.398584123,4.084910303,7.887513368,0.000545101,0.005617903,-0.325816875
440101,ENSG00000248265,FLJ12825,uncharacterized LOC440101,-2.223049807,-0.08478256,-8.052411978,0.00054527,0.005617903,0.511439224
5552,ENSG00000122862,SRGN,serglycin,1.033442623,7.352327661,8.051140189,0.000545664,0.005619921,-0.552682439
64651,ENSG00000144655,CSRNP1,cysteine and serine rich nuclear protein 1,0.907819035,3.7227242,8.049003221,0.000546326,0.005624703,-0.222372366
8751,ENSG00000143537,ADAM15,ADAM metallopeptidase domain 15,0.819180076,7.493693936,8.044360355,0.000547769,0.005634454,-0.56177323
58491,ENSG00000197951,ZNF71,zinc finger protein 71,0.494947254,2.646294685,7.792205632,0.000547872,0.005634454,-0.069114599
102724105,ENSG00000269834,ZNF528-AS1,ZNF528 antisense RNA 1,-1.887658037,1.229676368,-8.043610158,0.000548002,0.005634454,0.32410128
26511,ENSG00000109220,CHIC2,cysteine rich hydrophobic domain 2,0.925816678,3.303134871,8.043402084,0.000548067,0.005634454,-0.145555761
81628,ENSG00000166925,TSC22D4,TSC22 domain family member 4,0.980552589,6.46573196,8.039326777,0.000549338,0.005644927,-0.526817227
905,ENSG00000082258,CCNT2,cyclin T2,-1.533610982,4.909330182,-8.038860554,0.000549483,0.005644927,-0.387923985
2902,ENSG00000176884,GRIN1,glutamate ionotropic receptor NMDA type subunit 1,1.19419849,3.680378358,8.032410236,0.000551502,0.005663621,-0.216248645
146691,ENSG00000175662,TOM1L2,target of myb1 like 2 membrane trafficking protein,0.625204699,6.29388533,8.031234938,0.000551871,0.00566536,-0.5257592
92305,ENSG00000168936,TMEM129,"transmembrane protein 129, E3 ubiquitin ligase",0.966736256,5.662557295,8.028226934,0.000552817,0.005671352,-0.482490358
5087,ENSG00000185630,PBX1,PBX homeobox 1,-1.025489771,5.13112244,-8.02810693,0.000552854,0.005671352,-0.432791103
10517,ENSG00000171931,FBXW10,F-box and WD repeat domain containing 10,-1.889768112,3.222044811,-8.023664194,0.000554254,0.00568366,-0.095583106
728448,ENSG00000291129,PPIEL,peptidylprolyl isomerase E like (pseudogene),-2.334255109,1.539575431,-8.022181314,0.000554723,0.005685885,0.2760168
56731,ENSG00000125520,SLC2A4RG,SLC2A4 regulator,0.91166057,7.296924916,8.021708773,0.000554872,0.005685885,-0.571755362
91942,ENSG00000164182,NDUFAF2,NADH:ubiquinone oxidoreductase complex assembly factor 2,1.021268029,3.969797505,8.019325986,0.000555625,0.005691553,-0.281808885
54830,ENSG00000198088,NUP62CL,nucleoporin 62 C-terminal like,-0.875414423,2.915015582,-8.014404774,0.000557186,0.005703605,-0.084853706
285172,ENSG00000155744,HYCC2,hyccin PI4KA lipid kinase complex subunit 2,-1.087557138,4.273380495,-8.014008642,0.000557312,0.005703605,-0.330949848
54531,ENSG00000105556,MIER2,MIER family member 2,0.743545668,5.325299621,8.013715798,0.000557405,0.005703605,-0.465966531
105369195,NA,NA,NA,-1.623084833,4.028961465,-8.011565108,0.000558088,0.005708545,-0.272655263
342979,ENSG00000187867,PALM3,paralemmin 3,0.995443051,4.472790002,8.010511212,0.000558424,0.005708723,-0.365995993
5983,ENSG00000133119,RFC3,replication factor C subunit 3,-0.680038921,3.76403888,-8.009932048,0.000558608,0.005708723,-0.260704271
440944,ENSG00000206573,THUMPD3-AS1,THUMPD3 antisense RNA 1,-1.297110691,4.462869818,-8.009616104,0.000558709,0.005708723,-0.355791991
26036,ENSG00000112200,ZNF451,zinc finger protein 451,-0.669407336,4.86314845,-8.007893995,0.000559258,0.005712277,-0.423154898
84125,ENSG00000133640,LRRIQ1,leucine rich repeats and IQ motif containing 1,-5.652154454,-0.620859387,-8.006621801,0.000559664,0.005714368,0.53599927
339500,ENSG00000181450,ZNF678,zinc finger protein 678,-2.289990949,3.091439328,-8.002471418,0.000560991,0.005723047,-0.056023827
81562,ENSG00000114988,LMAN2L,"lectin, mannose binding 2 like",0.379844943,4.872899109,7.900874175,0.000561203,0.005723047,-0.453268429
23317,ENSG00000138246,DNAJC13,DnaJ heat shock protein family (Hsp40) member C13,-1.364080312,6.641130543,-8.001495425,0.000561303,0.005723047,-0.55639925
10943,ENSG00000005302,MSL3,MSL complex subunit 3,-0.787869972,4.831774016,-8.00144344,0.00056132,0.005723047,-0.422081961
55771,ENSG00000068489,PRR11,proline rich 11,-0.712216345,6.12033057,-8.000097408,0.000561752,0.00572539,-0.535716621
3107,ENSG00000204525,HLA-C,"major histocompatibility complex, class I, C",1.944781242,6.792663148,7.997868915,0.000562467,0.005730047,-0.558089557
430,ENSG00000183734,ASCL2,achaete-scute family bHLH transcription factor 2,1.558660439,-1.526475561,7.875781342,0.000562612,0.005730047,0.527607609
80148,ENSG00000122490,SLC66A2,solute carrier family 66 member 2,1.383222102,4.135862018,7.995133286,0.000563346,0.005735067,-0.312942613
26220,ENSG00000273032,DGCR5,DiGeorge syndrome critical region gene 5,1.910883146,0.000387173,7.994627423,0.000563509,0.005735067,0.464856741
51263,ENSG00000185414,MRPL30,mitochondrial ribosomal protein L30,-0.445864341,6.7692634,-7.99218302,0.000564296,0.005738688,-0.576404196
134266,ENSG00000164284,GRPEL2,"GrpE like 2, mitochondrial",-0.695539662,6.05958449,-7.991697561,0.000564453,0.005738688,-0.537721707
5912,ENSG00000181467,RAP2B,"RAP2B, member of RAS oncogene family",0.274457623,5.654660575,7.668068744,0.000564777,0.005738688,-0.582854591
55316,ENSG00000136444,RSAD1,radical S-adenosyl methionine domain containing 1,0.679877115,4.277203357,7.99065351,0.00056479,0.005738688,-0.357920843
11199,ENSG00000109511,ANXA10,annexin A10,-1.939283622,-0.073014018,-7.990388951,0.000564875,0.005738688,0.46978528
23586,ENSG00000107201,RIGI,RNA sensor RIG-I,-0.188757085,4.384835324,-7.64134342,0.000566713,0.005754425,-0.457833
6745,ENSG00000124783,SSR1,signal sequence receptor subunit 1,-0.521939274,7.132189193,-7.983918359,0.000566969,0.005754425,-0.594458966
890,ENSG00000145386,CCNA2,cyclin A2,-0.535827646,4.858178778,-7.983722072,0.000567032,0.005754425,-0.440641226
100289098,ENSG00000237310,LINC03011,long intergenic non-protein coding RNA 3011,1.538827335,0.869306832,7.980596614,0.000568047,0.005762662,0.331903922
85865,ENSG00000105793,GTPBP10,GTP binding protein 10,-0.783811376,5.30237334,-7.97775873,0.00056897,0.005769966,-0.487287934
11165,ENSG00000272325,NUDT3,nudix hydrolase 3,2.278967515,3.029743863,7.976311832,0.000569441,0.005770637,-0.064814642
1733,ENSG00000211452,DIO1,iodothyronine deiodinase 1,-2.037083819,-1.720364738,-7.976307826,0.000569443,0.005770637,0.530756797
393,ENSG00000089820,ARHGAP4,Rho GTPase activating protein 4,1.030759603,2.980328379,7.974775634,0.000569942,0.005772717,-0.120808852
342892,ENSG00000267041,ZNF850,zinc finger protein 850,-1.348217706,2.527487834,-7.974183048,0.000570136,0.005772717,-0.010172462
28974,ENSG00000104979,C19orf53,chromosome 19 open reading frame 53,1.328940537,5.999982903,7.9738088,0.000570258,0.005772717,-0.539831347
9600,ENSG00000110697,PITPNM1,phosphatidylinositol transfer protein membrane associated 1,0.77029041,6.957659866,7.972867389,0.000570565,0.005773771,-0.595050834
10289,ENSG00000114784,EIF1B,eukaryotic translation initiation factor 1B,1.068244586,5.556051201,7.966470379,0.00057266,0.005792901,-0.514016634
29090,ENSG00000075336,TIMM21,translocase of inner mitochondrial membrane 21,-0.480390476,3.665357705,-7.898358706,0.000574787,0.005812344,-0.293052724
1654,ENSG00000215301,DDX3X,DEAD-box helicase 3 X-linked,-0.633940454,8.088936082,-7.959208631,0.000575048,0.005812923,-0.629740633
101927932,NA,LOC101927932,uncharacterized LOC101927932,-5.106509021,-2.655020841,-7.955662717,0.000576219,0.005822499,0.515975109
56906,ENSG00000129028,THAP10,THAP domain containing 10,-1.409185601,1.793132093,-7.95478335,0.00057651,0.005822499,0.137272118
100131017,ENSG00000205903,ZNF316,zinc finger protein 316,0.525138643,5.304520779,7.954477983,0.000576611,0.005822499,-0.506243721
6526,ENSG00000198743,SLC5A3,solute carrier family 5 member 3,-1.678598752,3.752477726,-7.951789573,0.000577501,0.005829415,-0.260630178
54851,ENSG00000168876,ANKRD49,ankyrin repeat domain 49,-1.204242442,2.452027552,-7.950783703,0.000577835,0.005830708,-0.015230614
692063,ENSG00000206799,SNORA32,"small nucleolar RNA, H/ACA box 32",-3.532728883,-1.610363788,-7.948515011,0.000578588,0.005834209,0.514097923
1436,ENSG00000182578,CSF1R,colony stimulating factor 1 receptor,0.890382284,3.604696269,7.947575417,0.0005789,0.005834209,-0.269050861
3576,ENSG00000169429,CXCL8,C-X-C motif chemokine ligand 8,0.753280031,7.281980135,7.947502289,0.000578924,0.005834209,-0.622421923
148362,ENSG00000162819,BROX,BRO1 domain and CAAX motif containing,-0.997318485,6.694299649,-7.947263878,0.000579003,0.005834209,-0.599637242
54732,ENSG00000184840,TMED9,transmembrane p24 trafficking protein 9,1.633389367,7.421759846,7.946627183,0.000579215,0.005834272,-0.620461225
283459,ENSG00000257218,GATC,glutamyl-tRNA amidotransferase subunit C,-0.658679763,5.138617343,-7.943905103,0.000580121,0.005841328,-0.495973945
647174,ENSG00000253309,SERPINE3,serpin family E member 3,-4.039841932,-1.888364198,-7.942100305,0.000580723,0.00584247,0.512883075
27044,ENSG00000197157,SND1,staphylococcal nuclease and tudor domain containing 1,0.493907767,8.234323388,7.941563074,0.000580902,0.00584247,-0.643611251
9304,ENSG00000277194,SNORD22,"small nucleolar RNA, C/D box 22",-2.974709229,0.558591274,-7.940736126,0.000581178,0.00584247,0.39860942
4738,ENSG00000129559,NEDD8,NEDD8 ubiquitin like modifier,1.316923874,5.59127256,7.940309339,0.000581321,0.00584247,-0.531006662
64744,ENSG00000084070,SMAP2,small ArfGAP2,0.469312594,5.091364671,7.940281271,0.00058133,0.00584247,-0.495894798
115286,ENSG00000144741,SLC25A26,solute carrier family 25 member 26,0.872137917,3.891122254,7.939586386,0.000581563,0.00584247,-0.326253228
10197,ENSG00000131467,PSME3,proteasome activator subunit 3,0.336897882,6.738133168,7.86740099,0.000581675,0.00584247,-0.627078876
5152,ENSG00000160191,PDE9A,phosphodiesterase 9A,0.656293698,4.510010205,7.937893101,0.000582129,0.005844961,-0.427054406
55051,ENSG00000119720,NRDE2,"NRDE-2, necessary for RNA interference, domain containing",-0.415406256,3.471314072,-7.718412994,0.000582899,0.005850621,-0.307611707
9777,ENSG00000101337,TM9SF4,transmembrane 9 superfamily member 4,0.55730236,6.811078633,7.93450337,0.000583264,0.005852223,-0.616760044
3229,ENSG00000123364,HOXC13,homeobox C13,-0.782523713,4.153897501,-7.925134146,0.000586417,0.005881775,-0.380671498
526,ENSG00000147416,ATP6V1B2,ATPase H+ transporting V1 subunit B2,0.416628549,5.686060945,7.920344461,0.000588036,0.005895935,-0.561632592
730051,ENSG00000204514,ZNF814,zinc finger protein 814,-1.337703148,3.635687708,-7.917527024,0.000588991,0.005903426,-0.278020665
29940,ENSG00000111817,DSE,dermatan sulfate epimerase,0.730574342,5.472314877,7.915481622,0.000589686,0.005907682,-0.54560161
4750,ENSG00000137601,NEK1,NIMA related kinase 1,-0.683529332,3.925499317,-7.915051431,0.000589832,0.005907682,-0.352398115
57761,ENSG00000101255,TRIB3,tribbles pseudokinase 3,0.456002935,9.215912369,7.912246746,0.000590786,0.005915153,-0.672250801
9182,ENSG00000198774,RASSF9,Ras association domain family member 9,-2.132691758,0.92559361,-7.909777585,0.000591628,0.005921491,0.298314207
8930,ENSG00000129071,MBD4,"methyl-CpG binding domain 4, DNA glycosylase",-0.829015485,6.232413275,-7.903906041,0.000593635,0.005939485,-0.60688166
64282,ENSG00000121274,TENT4B,terminal nucleotidyltransferase 4B,-0.640683823,4.840826336,-7.902884537,0.000593985,0.005940893,-0.492069084
10615,ENSG00000076382,SPAG5,sperm associated antigen 5,-0.728458061,4.557700529,-7.90111849,0.00059459,0.005944857,-0.456793859
51335,ENSG00000182768,NGRN,"neugrin, neurite outgrowth associated",0.71108784,7.53997535,7.898800014,0.000595387,0.005949369,-0.661843606
51585,ENSG00000165494,PCF11,PCF11 cleavage and polyadenylation factor subunit,-1.064705782,5.483910749,-7.898186525,0.000595598,0.005949369,-0.553820442
8228,ENSG00000006757,PNPLA4,patatin like phospholipase domain containing 4,1.014931438,4.902152673,7.897368047,0.000595879,0.005949369,-0.497011643
57794,ENSG00000105705,SUGP1,SURP and G-patch domain containing 1,0.430527082,4.304964157,7.848350799,0.00059588,0.005949369,-0.439431047
285464,NA,NA,NA,-0.672333445,3.28290277,-7.895274434,0.0005966,0.005953213,-0.246790045
27000,ENSG00000105821,DNAJC2,DnaJ heat shock protein family (Hsp40) member C2,-1.022413909,4.44845091,-7.895029986,0.000596684,0.005953213,-0.439234192
28988,ENSG00000136279,DBNL,drebrin like,0.845106608,6.096243478,7.891724802,0.000597824,0.005960254,-0.60706885
84437,ENSG00000170903,MSANTD4,Myb/SANT DNA binding domain containing 4 with coiled-coils,-0.613216734,3.968942396,-7.891362818,0.000597949,0.005960254,-0.377180679
9929,ENSG00000100221,JOSD1,Josephin domain containing 1,0.635973028,7.849165481,7.891160126,0.000598019,0.005960254,-0.672786722
79974,ENSG00000106034,CPED1,cadherin like and PC-esterase domain containing 1,-0.866331355,-1.326163929,-7.554171861,0.000598317,0.005961129,0.434917656
84532,ENSG00000154930,ACSS1,acyl-CoA synthetase short chain family member 1,-0.577226851,3.058176703,-7.875650671,0.000598583,0.00596168,-0.209742013
1456,ENSG00000151292,CSNK1G3,casein kinase 1 gamma 3,-0.698157049,5.711276319,-7.887780323,0.000599189,0.005965624,-0.583848186
65258,ENSG00000154889,MPPE1,metallophosphoesterase 1,0.393780971,3.291783004,7.594499122,0.000599782,0.005969438,-0.323370287
80008,ENSG00000121895,TMEM156,transmembrane protein 156,-0.427125917,6.716531496,-7.884154928,0.000600446,0.005973002,-0.647701092
55789,ENSG00000035499,DEPDC1B,DEP domain containing 1B,-1.131478017,3.321093042,-7.883823846,0.000600561,0.005973002,-0.248279643
6248,ENSG00000215695,RSC1A1,regulator of solute carriers 1,-1.423929788,2.662420983,-7.882650169,0.000600968,0.005974965,-0.096145182
91612,ENSG00000258289,CHURC1,churchill domain containing 1,-1.004192027,4.940203266,-7.879371854,0.000602109,0.005982028,-0.51331171
29985,ENSG00000141873,SLC39A3,solute carrier family 39 member 3,1.252803414,5.131895911,7.878992449,0.000602241,0.005982028,-0.529686061
326624,ENSG00000172794,RAB37,"RAB37, member RAS oncogene family",-3.178216601,-1.008193361,-7.878792899,0.000602311,0.005982028,0.458625129
79109,ENSG00000119487,MAPKAP1,MAPK associated protein 1,0.334964805,6.83396679,7.807355857,0.000604296,0.005999641,-0.674887404
79892,ENSG00000197771,MCMBP,minichromosome maintenance complex binding protein,0.218955179,5.623223501,7.532807823,0.000606378,0.006018211,-0.668760231
26499,ENSG00000100558,PLEK2,pleckstrin 2,1.015703308,5.618610272,7.864935093,0.000607163,0.0060239,-0.589098692
7572,ENSG00000172466,ZNF24,zinc finger protein 24,-0.966842662,6.103696664,-7.863583413,0.000607639,0.006026514,-0.625512204
55658,ENSG00000070423,RNF126,ring finger protein 126,0.709024667,6.055686403,7.862410239,0.000608052,0.006028508,-0.625490592
23466,ENSG00000183741,CBX6,chromobox 6,0.611628596,7.376849481,7.859314849,0.000609144,0.006037228,-0.685605814
528,ENSG00000155097,ATP6V1C1,ATPase H+ transporting V1 subunit C1,-0.528170373,6.569607714,-7.858042845,0.000609594,0.006037891,-0.658333713
5018,ENSG00000155463,OXA1L,OXA1L mitochondrial inner membrane protein,0.368326609,6.98201235,7.857922028,0.000609637,0.006037891,-0.676171647
23762,ENSG00000184792,OSBP2,oxysterol binding protein 2,-0.676538635,3.828418113,-7.856338944,0.000610197,0.006041052,-0.375860083
2004,ENSG00000111145,ELK3,ETS transcription factor ELK3,-0.376622107,6.424700328,-7.855817141,0.000610381,0.006041052,-0.653260325
5151,ENSG00000073417,PDE8A,phosphodiesterase 8A,-1.442247031,6.207246639,-7.851008355,0.000612087,0.00605582,-0.634825976
6916,ENSG00000059377,TBXAS1,thromboxane A synthase 1,-3.40265433,-2.98306672,-7.849447284,0.000612642,0.006059199,0.450458197
10342,ENSG00000114354,TFG,trafficking from ER to golgi regulator,-0.352691478,8.509045349,-7.848207967,0.000613083,0.006061115,-0.710335007
10147,ENSG00000064607,SUGP2,SURP and G-patch domain containing 2,-1.037883243,5.533274265,-7.84702642,0.000613503,0.006061115,-0.593539363
5291,ENSG00000051382,PIK3CB,"phosphatidylinositol-4,5-bisphosphate 3-kinase catalytic subunit beta",-0.597687377,6.136067071,-7.847009375,0.000613509,0.006061115,-0.641585042
51182,ENSG00000187522,HSPA14,heat shock protein family A (Hsp70) member 14,-0.446362684,5.232127525,-7.84639687,0.000613728,0.006061115,-0.573672554
64359,ENSG00000167693,NXN,nucleoredoxin,0.45299068,5.476262508,7.845905515,0.000613903,0.006061115,-0.595723316
5229,ENSG00000164219,PGGT1B,protein geranylgeranyltransferase type I subunit beta,-0.618659201,4.561274372,-7.839738023,0.000616106,0.006080755,-0.500991792
23313,ENSG00000100364,KIAA0930,KIAA0930,0.579825439,5.522456951,7.834502558,0.000617984,0.006097144,-0.606432616
105369190,NA,NA,NA,-2.099643986,0.187322539,-7.833576881,0.000618317,0.006097144,0.349144191
79689,ENSG00000127954,STEAP4,STEAP4 metalloreductase,0.913698003,6.00080683,7.833314834,0.000618411,0.006097144,-0.640376708
5589,ENSG00000130175,PRKCSH,protein kinase C substrate 80K-H,0.809997502,8.201376452,7.831000233,0.000619244,0.006098365,-0.71852291
221150,ENSG00000165480,SKA3,spindle and kinetochore associated complex subunit 3,-1.111696624,2.697873531,-7.830124259,0.000619559,0.006098365,-0.153408277
55092,ENSG00000171729,TMEM51,transmembrane protein 51,0.747427104,4.091844946,7.829369822,0.000619831,0.006098365,-0.437251933
9807,ENSG00000176095,IP6K1,inositol hexakisphosphate kinase 1,0.25361699,5.568059047,7.497445423,0.000620004,0.006098365,-0.690426052
100527964,ENSG00000230124,LHX4-AS1,LHX4 antisense RNA 1,-2.537066127,1.935283509,-7.828616858,0.000620103,0.006098365,0.086664797
84303,ENSG00000159685,CHCHD6,coiled-coil-helix-coiled-coil-helix domain containing 6,1.71022049,4.681760929,7.828579933,0.000620116,0.006098365,-0.495517711
57156,ENSG00000165548,TMEM63C,transmembrane protein 63C,1.701589744,3.132955205,7.828416676,0.000620175,0.006098365,-0.221495666
22822,ENSG00000139289,PHLDA1,pleckstrin homology like domain family A member 1,-0.274510417,7.434774073,-7.615903353,0.000620253,0.006098365,-0.7566876
95,ENSG00000243989,ACY1,aminoacylase 1,1.365601261,0.620513558,7.820575977,0.000623012,0.006122476,0.264181205
55565,ENSG00000102984,ZNF821,zinc finger protein 821,0.710122687,3.404465783,7.820233965,0.000623136,0.006122476,-0.32147399
64374,ENSG00000120725,SIL1,SIL1 nucleotide exchange factor,1.621424843,5.087201501,7.819343772,0.000623459,0.006122606,-0.556162549
147463,ENSG00000154065,ANKRD29,ankyrin repeat domain 29,-1.565357565,1.189297962,-7.819009536,0.000623581,0.006122606,0.17406635
7699,ENSG00000196387,ZNF140,zinc finger protein 140,-1.001163108,3.976402702,-7.816967706,0.000624323,0.00612687,-0.419617419
25996,ENSG00000076043,REXO2,RNA exonuclease 2,0.862882169,5.567870535,7.815890883,0.000624715,0.00612687,-0.620361797
29915,ENSG00000111727,HCFC2,host cell factor C2,-1.275138457,2.57364988,-7.815542491,0.000624842,0.00612687,-0.128991583
55335,ENSG00000165028,NIPSNAP3B,nipsnap homolog 3B,-1.847497386,0.741311077,-7.815442162,0.000624878,0.00612687,0.255864145
8936,ENSG00000112290,WASF1,WASP family member 1,-0.485489426,3.68472312,-7.779691917,0.000625783,0.006133623,-0.39039841
9590,ENSG00000131016,AKAP12,A-kinase anchoring protein 12,1.057813618,6.117910738,7.809939727,0.000626885,0.006142309,-0.662632841
3006,ENSG00000187837,H1-2,"H1.2 linker histone, cluster member",2.09784995,4.590932685,7.809232809,0.000627144,0.006142722,-0.47881988
57731,ENSG00000160460,SPTBN4,"spectrin beta, non-erythrocytic 4",1.74999887,2.564316665,7.80808364,0.000627564,0.006143667,-0.110276614
5933,ENSG00000080839,RBL1,RB transcriptional corepressor like 1,-0.763183014,3.784377052,-7.807786214,0.000627673,0.006143667,-0.399236947
27018,ENSG00000166681,BEX3,brain expressed X-linked 3,1.764709647,6.099052752,7.806479736,0.000628152,0.006146231,-0.653589593
26472,ENSG00000173457,PPP1R14B,protein phosphatase 1 regulatory inhibitor subunit 14B,1.460883164,7.902214644,7.805441794,0.000628532,0.006147835,-0.729737646
1244,ENSG00000023839,ABCC2,ATP binding cassette subfamily C member 2,-2.146085782,7.375236236,-7.804482159,0.000628884,0.00614916,-0.710160708
5347,ENSG00000166851,PLK1,polo like kinase 1,-0.46695527,5.792489133,-7.801100508,0.000630126,0.00615707,-0.650797453
79987,ENSG00000165124,SVEP1,"sushi, von Willebrand factor type A, EGF and pentraxin domain containing 1",2.572035628,3.962365491,7.801098992,0.000630127,0.00615707,-0.350362728
55884,ENSG00000176871,WSB2,WD repeat and SOCS box containing 2,-0.385831136,5.844211209,-7.795467021,0.000632202,0.006175223,-0.658687362
975,ENSG00000110651,CD81,CD81 molecule,1.280554362,7.457056651,7.792971158,0.000633124,0.006182105,-0.729635805
84545,ENSG00000055950,MRPL43,mitochondrial ribosomal protein L43,0.793842283,5.600786644,7.790326992,0.000634103,0.006187783,-0.641358087
91137,ENSG00000164209,SLC25A46,solute carrier family 25 member 46,-0.796081953,5.074220855,-7.790222914,0.000634142,0.006187783,-0.592603501
84950,ENSG00000134748,PRPF38A,pre-mRNA processing factor 38A,-0.610685017,5.683426555,-7.788579848,0.000634751,0.0061916,-0.650467757
112479,ENSG00000196678,ERI2,ERI1 exoribonuclease family member 2,-0.77549848,3.494939076,-7.787036458,0.000635324,0.006195059,-0.359391246
79838,ENSG00000103534,TMC5,transmembrane channel like 5,-0.698150145,4.479919611,-7.785151261,0.000636024,0.006199762,-0.526048126
7031,ENSG00000160182,TFF1,trefoil factor 1,-2.624540674,-1.829617321,-7.784543486,0.00063625,0.006199837,0.422164688
4714,ENSG00000166136,NDUFB8,NADH:ubiquinone oxidoreductase subunit B8,1.548005676,5.890589107,7.780728394,0.000637671,0.006211553,-0.660571111
79989,ENSG00000105948,IFT56,intraflagellar transport 56,-0.840245771,4.2379597,-7.774564617,0.000639975,0.006230005,-0.495064905
10524,ENSG00000172977,KAT5,lysine acetyltransferase 5,0.338525964,4.755623429,7.594825252,0.000640004,0.006230005,-0.61351228
54361,ENSG00000162552,WNT4,Wnt family member 4,1.801607576,3.526413302,7.771961317,0.000640952,0.006237087,-0.334022447
339324,ENSG00000254004,ZNF260,zinc finger protein 260,-1.195056005,4.602012901,-7.770714709,0.00064142,0.006239165,-0.540999269
92659,ENSG00000265688,MILIP,MYC inducible lncRNA inactivating p53,0.966903188,2.613036956,7.770222348,0.000641605,0.006239165,-0.181720906
3796,ENSG00000068796,KIF2A,kinesin family member 2A,-0.692167791,6.105868927,-7.768294601,0.000642329,0.006244075,-0.693407769
126433,ENSG00000161243,FBXO27,F-box protein 27,0.815636292,5.735914461,7.767139563,0.000642764,0.006246163,-0.667863864
147923,ENSG00000197050,ZNF420,zinc finger protein 420,-0.960003851,2.181137584,-7.765696248,0.000643308,0.006249309,-0.088881143
317762,ENSG00000205476,CCDC85C,coiled-coil domain containing 85C,0.645168798,5.446596608,7.7625473,0.000644496,0.006258711,-0.649165612
100507501,NA,LINC01569,long intergenic non-protein coding RNA 1569,0.563654415,1.509940547,7.432916425,0.000645814,0.006268392,-0.023946738
3297,ENSG00000185122,HSF1,heat shock transcription factor 1,0.987398999,7.376937844,7.758744707,0.000645935,0.006268392,-0.753173191
1992,ENSG00000021355,SERPINB1,serpin family B member 1,0.933259203,7.551610698,7.756998326,0.000646597,0.006269719,-0.758775539
64429,ENSG00000023041,ZDHHC6,zinc finger DHHC-type palmitoyltransferase 6,-0.958068291,4.483062252,-7.756743752,0.000646693,0.006269719,-0.540606974
441733,NA,PRKXP1,PRKX pseudogene 1,-3.212896145,0.414574068,-7.75663634,0.000646734,0.006269719,0.303698085
5190,ENSG00000124587,PEX6,peroxisomal biogenesis factor 6,0.63405327,5.148304898,7.755363742,0.000647217,0.00627226,-0.626650204
5441,ENSG00000177700,POLR2L,"RNA polymerase II, I and III subunit L",1.798940989,4.555371764,7.754544917,0.000647528,0.006273132,-0.524892456
10959,ENSG00000086598,TMED2,transmembrane p24 trafficking protein 2,-0.574689767,7.442883845,-7.751214966,0.000648794,0.006283258,-0.761799904
79745,ENSG00000115295,CLIP4,CAP-Gly domain containing linker protein family member 4,-0.652359741,6.711721936,-7.748788311,0.000649719,0.006290069,-0.739493355
284309,ENSG00000152443,ZNF776,zinc finger protein 776,-1.14087397,5.064264447,-7.747175418,0.000650335,0.006292127,-0.614952687
847,ENSG00000121691,CAT,catalase,-0.399549815,5.578816258,-7.746976802,0.00065041,0.006292127,-0.672419452
83959,ENSG00000088836,SLC4A11,solute carrier family 4 member 11,-0.563172259,7.4221431,-7.746489961,0.000650596,0.006292127,-0.764653009
929,ENSG00000170458,CD14,CD14 molecule,2.082950308,3.064715598,7.744892272,0.000651207,0.006295889,-0.239715665
51084,ENSG00000165475,CRYL1,crystallin lambda 1,1.544395745,3.984328083,7.742925528,0.00065196,0.006298045,-0.452627649
8532,ENSG00000109625,CPZ,carboxypeptidase Z,-1.350550131,2.839787068,-7.742652896,0.000652064,0.006298045,-0.233208629
26011,ENSG00000149256,TENM4,teneurin transmembrane protein 4,2.088471954,-4.184966993,7.650546405,0.000652443,0.006298045,0.362368253
284835,ENSG00000226496,LINC00323,long intergenic non-protein coding RNA 323,2.088471954,-4.184966993,7.650546405,0.000652443,0.006298045,0.362368253
6558,ENSG00000064651,SLC12A2,solute carrier family 12 member 2,-0.731610669,4.858729585,-7.74141391,0.000652539,0.006298045,-0.603699972
56478,ENSG00000184708,EIF4ENIF1,eukaryotic translation initiation factor 4E nuclear import factor 1,-1.313814387,3.366723216,-7.740265956,0.000652979,0.006300153,-0.347588407
728411,ENSG00000291102,GUSBP1,GUSB pseudogene 1,-1.529054577,2.489249353,-7.738591665,0.000653622,0.006301676,-0.151015714
29978,ENSG00000188021,UBQLN2,ubiquilin 2,0.586166786,6.743200339,7.738463994,0.000653671,0.006301676,-0.748615004
55621,ENSG00000104907,TRMT1,tRNA methyltransferase 1,0.579270913,5.45969568,7.738121002,0.000653803,0.006301676,-0.667761563
29843,ENSG00000079387,SENP1,SUMO specific peptidase 1,-1.185072754,4.640708401,-7.734749908,0.0006551,0.006312034,-0.57130206
27122,ENSG00000050165,DKK3,dickkopf WNT signaling pathway inhibitor 3,1.858892697,3.213478499,7.733501834,0.000655581,0.006314526,-0.294403782
28231,ENSG00000101187,SLCO4A1,solute carrier organic anion transporter family member 4A1,-0.737562389,5.214679837,-7.730598686,0.000656701,0.006323172,-0.648769623
80774,ENSG00000136490,LIMD2,LIM domain containing 2,2.343943982,0.99137456,7.729390827,0.000657168,0.006323476,0.178971964
200810,ENSG00000291096,ALG1L1P,"ALG1 like 1, pseudogene",1.756762334,-0.364380088,7.729364707,0.000657178,0.006323476,0.330547257
83667,ENSG00000130766,SESN2,sestrin 2,0.728318318,5.625131839,7.727434796,0.000657925,0.006328516,-0.687528052
55726,ENSG00000064102,INTS13,integrator complex subunit 13,-0.458471509,5.63124089,-7.726267296,0.000658377,0.006330721,-0.690596003
53616,ENSG00000008277,ADAM22,ADAM metallopeptidase domain 22,-1.316843574,3.602506617,-7.725248385,0.000658772,0.006332121,-0.403832843
1508,ENSG00000164733,CTSB,cathepsin B,0.658967121,7.767686294,7.724741349,0.000658969,0.006332121,-0.786255267
90507,ENSG00000141295,SCRN2,secernin 2,1.321939823,5.596542331,7.721376652,0.000660276,0.006341649,-0.68178876
143098,ENSG00000150054,MPP7,MAGUK p55 scaffold protein 7,-1.668149424,-0.632117459,-7.721038549,0.000660407,0.006341649,0.342462496
2689,ENSG00000136487,GH2,growth hormone 2,-3.366151544,-3.527490585,-7.719288014,0.000661088,0.006346044,0.371860227
4609,ENSG00000136997,MYC,"MYC proto-oncogene, bHLH transcription factor",0.603730364,7.071834018,7.717751607,0.000661687,0.006347893,-0.775124791
56005,ENSG00000074842,MYDGF,myeloid derived growth factor,1.568484404,5.789206966,7.717646094,0.000661728,0.006347893,-0.695983593
1513,ENSG00000143387,CTSK,cathepsin K,-0.65324141,1.445850415,-7.475064347,0.000662506,0.006353211,-0.020026761
10150,ENSG00000139793,MBNL2,muscleblind like splicing regulator 2,-1.07386792,6.62986447,-7.712154248,0.000663873,0.00636252,-0.757649987
84818,ENSG00000163702,IL17RC,interleukin 17 receptor C,0.702767753,5.879306752,7.71202158,0.000663925,0.00636252,-0.717535187
10018,ENSG00000153094,BCL2L11,BCL2 like 11,-1.290943661,5.190968012,-7.711021368,0.000664317,0.006364125,-0.650217693
6760,ENSG00000141380,SS18,SS18 subunit of BAF chromatin remodeling complex,-0.444892823,5.997327291,-7.709967573,0.000664729,0.006365933,-0.72818942
55213,ENSG00000136144,RCBTB1,RCC1 and BTB domain containing protein 1,-0.656956271,4.844510169,-7.708654862,0.000665244,0.006365964,-0.625864925
7403,ENSG00000147050,KDM6A,lysine demethylase 6A,-0.861096837,4.132973218,-7.706500905,0.00066609,0.006365964,-0.525257168
3552,ENSG00000115008,IL1A,interleukin 1 alpha,0.680371498,2.925693338,7.706292274,0.000666172,0.006365964,-0.301951048
10526,ENSG00000133704,IPO8,importin 8,-0.675604669,6.614091063,-7.706234739,0.000666194,0.006365964,-0.764525261
101927612,ENSG00000245149,RNF139-DT,RNF139 divergent transcript,-2.882035227,-0.056744645,-7.706091828,0.000666251,0.006365964,0.301704602
203523,ENSG00000173275,ZNF449,zinc finger protein 449,-1.077813916,3.755523202,-7.705823665,0.000666356,0.006365964,-0.454840838
57231,ENSG00000135317,SNX14,sorting nexin 14,-0.500981665,6.522329083,-7.705431022,0.00066651,0.006365964,-0.761730456
7355,ENSG00000102100,SLC35A2,solute carrier family 35 member A2,0.794377711,5.54439267,7.705390785,0.000666526,0.006365964,-0.695649597
1054,ENSG00000153879,CEBPG,CCAAT enhancer binding protein gamma,-0.469926603,6.160937387,-7.704811622,0.000666754,0.006365998,-0.742112899
11222,ENSG00000114686,MRPL3,mitochondrial ribosomal protein L3,-0.432326685,6.768348476,-7.702782371,0.000667553,0.006371482,-0.775179252
9498,ENSG00000050438,SLC4A8,solute carrier family 4 member 8,-1.525745866,1.636023108,-7.700988203,0.00066826,0.006375958,0.006778274
84071,ENSG00000118690,ARMC2,armadillo repeat containing 2,-1.640465987,1.343922496,-7.700453995,0.000668471,0.006375958,0.069331519
53344,ENSG00000204116,CHIC1,cysteine rich hydrophobic domain 1,-0.956505985,3.989154967,-7.695882289,0.000670278,0.006391044,-0.506469903
116496,ENSG00000135842,NIBAN1,niban apoptosis regulator 1,-3.089732859,0.782818475,-7.695264149,0.000670522,0.006391232,0.217745682
64969,ENSG00000144029,MRPS5,mitochondrial ribosomal protein S5,0.574966076,6.186550941,7.694450536,0.000670845,0.006392158,-0.750549408
9702,ENSG00000166037,CEP57,centrosomal protein 57,-0.738960893,5.226913575,-7.693349229,0.000671281,0.006392376,-0.675863207
10024,ENSG00000135451,TROAP,trophinin associated protein,-1.403103622,3.928604493,-7.693087515,0.000671385,0.006392376,-0.482629491
219,ENSG00000137124,ALDH1B1,aldehyde dehydrogenase 1 family member B1,0.566802848,4.083941231,7.692689627,0.000671543,0.006392376,-0.533830907
339105,ENSG00000151006,PRSS53,serine protease 53,-0.721611221,1.590472492,-7.568992942,0.000672667,0.006400935,-0.042316482
8790,ENSG00000254685,FPGT,fucose-1-phosphate guanylyltransferase,-1.145463403,3.112391488,-7.687903197,0.000673445,0.006404169,-0.338034777
146227,ENSG00000166546,BEAN1,brain expressed associated with NEDD4 1,1.264849858,3.057874319,7.687869703,0.000673458,0.006404169,-0.323185186
30813,ENSG00000100987,VSX1,visual system homeobox 1,-1.846152165,1.059930548,-7.686975762,0.000673814,0.006405409,0.120483205
51496,ENSG00000137770,CTDSPL2,CTD small phosphatase like 2,-0.853333081,4.691266221,-7.684470684,0.000674813,0.006412756,-0.620906243
6748,ENSG00000180879,SSR4,signal sequence receptor subunit 4,1.4163946,7.589732504,7.683643274,0.000675143,0.006413748,-0.807965779
8192,ENSG00000125656,CLPP,caseinolytic mitochondrial matrix peptidase proteolytic subunit,1.291996844,5.391323076,7.682113446,0.000675754,0.006417407,-0.690919652
54454,ENSG00000119778,ATAD2B,ATPase family AAA domain containing 2B,-1.341802531,4.057314319,-7.681252544,0.000676099,0.006418529,-0.514830293
221756,NA,SERPINB9P1,serpin family B member 9 pseudogene 1,0.830152816,0.901083731,7.515781825,0.000677946,0.006433915,0.081472909
8892,ENSG00000119718,EIF2B2,eukaryotic translation initiation factor 2B subunit beta,0.750763882,7.254322101,7.675496287,0.000678406,0.006436126,-0.809269392
100505536,NA,ISM1-AS1,ISM1 antisense RNA 1,-2.053073054,-0.788415151,-7.674146763,0.000678948,0.006438399,0.322352169
2744,ENSG00000115419,GLS,glutaminase,-0.70975587,6.236021457,-7.672941319,0.000679432,0.006438399,-0.767567052
25758,ENSG00000110427,KIAA1549L,KIAA1549 like,2.329658703,1.552011523,7.672846483,0.000679471,0.006438399,0.041321693
114881,ENSG00000006025,OSBPL7,oxysterol binding protein like 7,-0.801430935,5.027591164,-7.672643892,0.000679552,0.006438399,-0.669222887
253017,ENSG00000205678,TECRL,"trans-2,3-enoyl-CoA reductase like",-3.345671717,-3.009810832,-7.671364978,0.000680067,0.006441128,0.352586144
5599,ENSG00000107643,MAPK8,mitogen-activated protein kinase 8,-0.537336458,5.527037364,-7.670610837,0.000680371,0.006441857,-0.720557239
651302,ENSG00000226314,ZKSCAN8P1,ZKSCAN8 pseudogene 1,-1.637975757,1.350552129,-7.668038057,0.000681408,0.006449531,0.046381103
8703,ENSG00000158850,B4GALT3,"beta-1,4-galactosyltransferase 3",1.035036968,5.654192991,7.665525605,0.000682424,0.006456987,-0.729813721
11342,ENSG00000082996,RNF13,ring finger protein 13,-0.672257495,5.377452912,-7.664823238,0.000682708,0.006457173,-0.710597003
646450,NA,ARIH2OS,ARIH2 opposite strand lncRNA,1.265075251,1.329085257,7.664352907,0.000682898,0.006457173,0.032779004
406985,ENSG00000207713,MIR200C,microRNA 200c,-2.697301605,-3.872555473,-7.661534756,0.00068404,0.006462472,0.33304038
4109,ENSG00000124260,MAGEA10,MAGE family member A10,-2.697301605,-3.872555473,-7.661534756,0.00068404,0.006462472,0.33304038
153222,ENSG00000164463,CREBRF,CREB3 regulatory factor,-1.387554404,4.52323367,-7.661284686,0.000684141,0.006462472,-0.59966875
6249,ENSG00000130779,CLIP1,CAP-Gly domain containing linker protein 1,-1.054692013,6.850276782,-7.660299342,0.000684541,0.006463844,-0.803792911
79672,ENSG00000141560,FN3KRP,fructosamine 3 kinase related protein,0.916947794,4.191319666,7.659804939,0.000684742,0.006463844,-0.566115431
8882,ENSG00000109917,ZPR1,ZPR1 zinc finger,0.675608866,4.688387469,7.656015133,0.000686283,0.006476237,-0.643973659
4820,ENSG00000114857,NKTR,natural killer cell triggering receptor,-2.596569644,6.00892616,-7.654871987,0.000686748,0.006478478,-0.730676376
9156,ENSG00000174371,EXO1,exonuclease 1,-0.864456733,3.31671743,-7.651698134,0.000688043,0.006488046,-0.41547116
10939,ENSG00000141385,AFG3L2,AFG3 like matrix AAA peptidase subunit 2,0.500677731,5.269519255,7.651222699,0.000688237,0.006488046,-0.712153109
202018,ENSG00000169762,TAPT1,transmembrane anterior posterior transformation 1,-0.56980091,3.182449353,-7.650706768,0.000688448,0.006488046,-0.396301707
2957,ENSG00000165417,GTF2A1,general transcription factor IIA subunit 1,-0.664258306,5.544219799,-7.649662846,0.000688875,0.006489443,-0.735587638
105371697,NA,NA,NA,-2.604305364,0.244038021,-7.649226246,0.000689053,0.006489443,0.238095055
83985,ENSG00000169682,SPNS1,"SPNS lysolipid transporter 1, lysophospholipid",0.887234752,6.040455016,7.647248795,0.000689863,0.006494867,-0.77237656
28955,ENSG00000182108,DEXI,Dexi homolog,1.226885685,4.473178491,7.646702569,0.000690087,0.006494867,-0.609015412
9143,ENSG00000127561,SYNGR3,synaptogyrin 3,1.441364219,4.425146872,7.643861879,0.000691252,0.006503679,-0.596582942
115548,ENSG00000157107,FCHO2,FCH and mu domain containing endocytic adaptor 2,-1.038267036,4.276374918,-7.643244914,0.000691506,0.006503908,-0.586926107
8082,ENSG00000123096,SSPN,sarcospan,-1.495446594,4.330830139,-7.64118114,0.000692354,0.006509732,-0.581099176
4987,ENSG00000125510,OPRL1,opioid related nociceptin receptor 1,2.554529834,-0.561048032,7.639436916,0.000693072,0.006514327,0.289395604
105378192,NA,NA,NA,-2.467262614,-1.90906384,-7.638578173,0.000693426,0.006515189,0.33792401
646719,ENSG00000285967,NIPBL-DT,NIPBL divergent transcript,-1.398561438,3.275271949,-7.638100923,0.000693623,0.006515189,-0.395730129
22820,ENSG00000181789,COPG1,COPI coat complex subunit gamma 1,0.561982482,8.026969,7.636465595,0.000694297,0.00651937,-0.85204611
467,ENSG00000162772,ATF3,activating transcription factor 3,1.631866202,2.891361971,7.631938504,0.000696169,0.006534785,-0.309026489
23421,ENSG00000142856,ITGB3BP,integrin subunit beta 3 binding protein,-1.112868201,3.90356905,-7.629764804,0.00069707,0.006540271,-0.533324241
65008,ENSG00000169288,MRPL1,mitochondrial ribosomal protein L1,-0.588530865,3.700327839,-7.628515887,0.000697588,0.006540271,-0.511974138
160335,ENSG00000179104,TMTC2,transmembrane O-mannosyltransferase targeting cadherins 2,-1.039348422,2.989185491,-7.628422468,0.000697627,0.006540271,-0.35709599
100287932,ENSG00000265354,TIMM23,translocase of inner mitochondrial membrane 23,0.671326636,6.830523571,7.628307258,0.000697675,0.006540271,-0.82872128
51601,ENSG00000144182,LIPT1,lipoyltransferase 1,-0.803742032,2.752076117,-7.627003401,0.000698217,0.006543188,-0.314707105
22936,ENSG00000118985,ELL2,elongation factor for RNA polymerase II 2,-0.527360415,6.895962431,-7.624702575,0.000699174,0.006549995,-0.834481057
10423,ENSG00000103502,CDIPT,CDP-diacylglycerol--inositol 3-phosphatidyltransferase,0.963165575,6.241828729,7.617767933,0.000702067,0.006574935,-0.804808833
57085,ENSG00000177674,AGTRAP,angiotensin II receptor associated protein,0.969579109,5.978729588,7.616763586,0.000702488,0.006576702,-0.78903821
10396,ENSG00000124406,ATP8A1,ATPase phospholipid transporting 8A1,-2.778805676,-0.961945994,-7.614100553,0.000703603,0.006582349,0.295429763
125950,ENSG00000161847,RAVER1,"ribonucleoprotein, PTB binding 1",0.490398332,6.118886605,7.61384812,0.000703709,0.006582349,-0.803302286
285051,ENSG00000239605,STPG4,sperm-tail PG-rich repeat containing 4,-2.448596059,-2.165738853,-7.613420859,0.000703889,0.006582349,0.325604869
112936,ENSG00000151502,VPS26B,VPS26 retromer complex component B,0.574544772,4.902796788,7.613112357,0.000704018,0.006582349,-0.700727962
771,ENSG00000074410,CA12,carbonic anhydrase 12,-3.804114433,0.81798367,-7.610833045,0.000704976,0.006589131,0.189053089
54407,ENSG00000134294,SLC38A2,solute carrier family 38 member 2,-0.672616192,9.331454872,-7.605651433,0.000707158,0.006607353,-0.885647227
84085,ENSG00000118496,FBXO30,F-box protein 30,-0.782184679,4.657525847,-7.601204813,0.000709037,0.006622732,-0.676229492
80078,ENSG00000286042,LCAL1,lung cancer associated lncRNA 1,-3.599770749,-0.680969866,-7.59873352,0.000710084,0.00663033,0.276703931
26232,ENSG00000116661,FBXO2,F-box protein 2,1.66050685,6.968388285,7.59331533,0.000712386,0.006649636,-0.848998835
378,ENSG00000168374,ARF4,ADP ribosylation factor 4,0.852963529,7.592846594,7.590138201,0.00071374,0.006660085,-0.876877146
102723356,NA,ZFPM2-AS1,ZFPM2 antisense RNA 1,-0.698255104,3.316569925,-7.588869625,0.000714281,0.006662639,-0.463746917
329,ENSG00000110330,BIRC2,baculoviral IAP repeat containing 2,-0.848783749,5.86902191,-7.588397621,0.000714483,0.006662639,-0.802212317
11211,ENSG00000111432,FZD10,frizzled class receptor 10,-1.527989757,1.360636327,-7.587236509,0.000714979,0.006663858,-0.014378584
9991,ENSG00000119314,PTBP3,polypyrimidine tract binding protein 3,-0.934132117,7.926541944,-7.586458046,0.000715312,0.006663858,-0.885091418
89953,ENSG00000137171,KLC4,kinesin light chain 4,0.664174938,5.125018642,7.586444761,0.000715317,0.006663858,-0.742080824
84548,ENSG00000269556,TMEM185A,transmembrane protein 185A,0.594635021,4.187844587,7.585266154,0.000715822,0.006666369,-0.624858718
254048,ENSG00000157741,UBN2,ubinuclein 2,-1.771876479,5.504184242,-7.580505356,0.000717863,0.006680174,-0.761851931
286006,ENSG00000181016,LSMEM1,leucine rich single-pass membrane protein 1,-1.91628166,1.016045528,-7.580242499,0.000717976,0.006680174,0.059879216
1760,ENSG00000104936,DMPK,DM1 protein kinase,0.517433387,6.621955346,7.580164274,0.00071801,0.006680174,-0.854572422
5834,ENSG00000100994,PYGB,glycogen phosphorylase B,0.429543677,7.813859212,7.576846881,0.000719437,0.006691258,-0.891289371
100422944,ENSG00000266189,MIR3186,microRNA 3186,-3.291446978,-3.044219311,-7.574890158,0.00072028,0.006696908,0.298243623
5260,ENSG00000164776,PHKG1,phosphorylase kinase catalytic subunit gamma 1,-1.841935079,1.906237284,-7.573767126,0.000720765,0.006699219,-0.121363081
10230,ENSG00000198496,NBR2,neighbor of BRCA1 lncRNA 2,-1.387575007,2.89795995,-7.5723052,0.000721396,0.006701365,-0.361462788
81544,ENSG00000158555,GDPD5,glycerophosphodiester phosphodiesterase domain containing 5,0.881184134,4.83753779,7.571580677,0.000721709,0.006701365,-0.717970153
55684,ENSG00000196642,RABL6,"RAB, member RAS oncogene family like 6",0.606729379,7.055055901,7.571444974,0.000721768,0.006701365,-0.87735528
4701,ENSG00000267855,NDUFA7,NADH:ubiquinone oxidoreductase subunit A7,1.596525133,4.221043799,7.571047765,0.00072194,0.006701365,-0.610042624
100128653,NA,LOC100128653,uncharacterized LOC100128653,-3.13338808,0.241039729,-7.567263553,0.000723578,0.006714382,0.194686028
10573,ENSG00000086504,MRPL28,mitochondrial ribosomal protein L28,1.258592102,6.380065411,7.564582691,0.000724742,0.006722982,-0.847042965
23770,ENSG00000105701,FKBP8,FKBP prolyl isomerase 8,1.383009493,7.816150827,7.560370721,0.000726575,0.006737782,-0.899955486
56652,ENSG00000107815,TWNK,twinkle mtDNA helicase,0.490140506,4.840147413,7.558802041,0.000727259,0.006741923,-0.732827227
79158,ENSG00000111670,GNPTAB,N-acetylglucosamine-1-phosphate transferase subunits alpha and beta,-1.107305237,4.808437747,-7.557883513,0.00072766,0.006743438,-0.718767773
4111,ENSG00000213401,MAGEA12,MAGE family member A12,0.888936549,5.087656457,7.556348253,0.00072833,0.00674745,-0.756301998
9985,ENSG00000100918,REC8,REC8 meiotic recombination protein,-1.32861025,1.789379837,-7.555148238,0.000728855,0.006750108,-0.133153597
127495,ENSG00000122477,LRRC39,leucine rich repeat containing 39,-2.759018331,0.382547741,-7.552739553,0.000729909,0.006753135,0.164722358
113178,ENSG00000227500,SCAMP4,secretory carrier membrane protein 4,0.606498032,6.372668106,7.552730584,0.000729913,0.006753135,-0.860833495
100506271,ENSG00000237862,LOC100506271,uncharacterized LOC100506271,-4.289262068,-2.296375082,-7.552637214,0.000729954,0.006753135,0.29065792
64063,ENSG00000005001,PRSS22,serine protease 22,1.444540043,6.490043504,7.552229186,0.000730133,0.006753135,-0.859261704
84922,ENSG00000179943,FIZ1,FLT3 interacting zinc finger 1,0.654875184,5.545928471,7.55052872,0.000730879,0.006757287,-0.805915329
5097,ENSG00000156453,PCDH1,protocadherin 1,0.659651011,7.582127605,7.549847886,0.000731178,0.006757287,-0.905894814
10549,ENSG00000123131,PRDX4,peroxiredoxin 4,0.924148606,5.806321521,7.549578754,0.000731296,0.006757287,-0.824631476
55362,ENSG00000137216,TMEM63B,transmembrane protein 63B,0.396863713,5.857303444,7.548154029,0.000731922,0.006758941,-0.832697964
10682,ENSG00000147155,EBP,EBP cholestenol delta-isomerase,1.529826649,5.293384753,7.547757973,0.000732096,0.006758941,-0.77050535
5236,ENSG00000079739,PGM1,phosphoglucomutase 1,1.103106057,7.033319019,7.547546426,0.000732189,0.006758941,-0.890139719
311,ENSG00000122359,ANXA11,annexin A11,0.54857631,8.563474819,7.546797145,0.000732519,0.006759787,-0.92136871
66004,ENSG00000180155,LYNX1,Ly6/neurotoxin 1,1.003369554,3.43696722,7.544177551,0.000733672,0.006768234,-0.511028727
529,ENSG00000131100,ATP6V1E1,ATPase H+ transporting V1 subunit E1,1.209103668,7.003823267,7.543077682,0.000734157,0.006770419,-0.891278468
4567,NA,TRNL1,tRNA-Leu,-2.261130482,2.082970313,-7.541916708,0.00073467,0.006770419,-0.155069743
3029,ENSG00000063854,HAGH,hydroxyacylglutathione hydrolase,1.342098166,4.917149315,7.541497761,0.000734855,0.006770419,-0.738117265
25824,ENSG00000126432,PRDX5,peroxiredoxin 5,1.731985592,7.997784587,7.541479406,0.000734863,0.006770419,-0.915023835
197021,ENSG00000188501,LCTL,lactase like,-3.29644746,-3.039906206,-7.538596685,0.000736138,0.006779963,0.27779862
30836,ENSG00000067334,DNTTIP2,deoxynucleotidyltransferase terminal interacting protein 2,-0.775749116,6.570731559,-7.536807206,0.00073693,0.006785061,-0.88100249
6683,ENSG00000021574,SPAST,spastin,-0.686473252,4.834059572,-7.535613734,0.000737459,0.006786581,-0.745763977
51112,ENSG00000171853,TRAPPC12,trafficking protein particle complex subunit 12,0.628249203,4.052117968,7.535356966,0.000737573,0.006786581,-0.637909146
8099,ENSG00000111328,CDK2AP1,cyclin dependent kinase 2 associated protein 1,-0.437080772,5.673164549,-7.533356736,0.000738461,0.006792551,-0.829522797
8497,ENSG00000143847,PPFIA4,PTPRF interacting protein alpha 4,-2.280432161,2.363299508,-7.532434947,0.000738871,0.006794118,-0.220282807
55805,ENSG00000109771,LRP2BP,LRP2 binding protein,-2.413573685,0.963486122,-7.531743599,0.000739178,0.006794745,0.05530861
79882,ENSG00000100722,ZC3H14,zinc finger CCCH-type containing 14,-0.948192587,5.006159978,-7.527628719,0.000741011,0.006805561,-0.766520078
23116,ENSG00000198718,TOGARAM1,TOG array regulator of axonemal microtubules 1,-1.029388776,4.68803492,-7.527101003,0.000741247,0.006805561,-0.72720794
6881,ENSG00000166337,TAF10,TATA-box binding protein associated factor 10,1.491090177,5.629262028,7.526893052,0.000741339,0.006805561,-0.818244753
79885,ENSG00000163517,HDAC11,histone deacetylase 11,0.752226975,4.94567876,7.52652608,0.000741503,0.006805561,-0.764377323
101927682,ENSG00000238184,CD81-AS1,CD81 antisense RNA 1,2.726600416,-0.636398161,7.526414194,0.000741553,0.006805561,0.223451914
6319,ENSG00000099194,SCD,stearoyl-CoA desaturase,0.891385623,11.38044431,7.525077474,0.00074215,0.00680884,-0.94513142
51167,ENSG00000065615,CYB5R4,cytochrome b5 reductase 4,-0.841942758,4.21367073,-7.52446932,0.000742422,0.006809134,-0.666164403
140467,ENSG00000198816,ZNF358,zinc finger protein 358,1.194874696,6.292235411,7.523485806,0.000742862,0.006810969,-0.872120235
54875,ENSG00000044459,CNTLN,centlein,-1.203427398,1.848488367,-7.521202205,0.000743885,0.006818143,-0.174414711
5604,ENSG00000169032,MAP2K1,mitogen-activated protein kinase kinase 1,0.788407443,6.187678619,7.519893685,0.000744471,0.006819933,-0.872356139
54958,ENSG00000130748,TMEM160,transmembrane protein 160,1.876762183,4.053037691,7.519695373,0.00074456,0.006819933,-0.604403218
819,ENSG00000164615,CAMLG,calcium modulating ligand,0.639347031,5.701685549,7.518070218,0.00074529,0.006824414,-0.84142886
23012,ENSG00000211455,STK38L,serine/threonine kinase 38 like,-0.60525652,5.496566723,-7.514412762,0.000746935,0.006837009,-0.827704565
100874278,ENSG00000233602,ERI3-IT1,ERI3 intronic transcript 1,-2.099427866,0.004604874,-7.513567712,0.000747316,0.006837009,0.165105892
3187,ENSG00000169045,HNRNPH1,heterogeneous nuclear ribonucleoprotein H1,-0.743006287,7.665453771,-7.513407674,0.000747388,0.006837009,-0.933104683
80095,ENSG00000166704,ZNF606,zinc finger protein 606,-0.900893618,4.528050671,-7.511460712,0.000748266,0.006842837,-0.720063608
102724708,NA,ARFGEF1-DT,ARFGEF1 divergent transcript,-2.864172011,-3.779473758,-7.507383424,0.000750109,0.006855311,0.250681983
4881,ENSG00000169418,NPR1,natriuretic peptide receptor 1,2.043010882,0.561142074,7.507374603,0.000750113,0.006855311,0.085912655
92999,ENSG00000114853,ZBTB47,zinc finger and BTB domain containing 47,0.814467854,3.760631248,7.502210109,0.000752455,0.006874502,-0.607443425
1744,NA,DLSTP1,dihydrolipoamide S-succinyltransferase pseudogene 1,-2.40601934,0.061209161,-7.501187492,0.000752919,0.006876535,0.156329379
100131726,ENSG00000204949,FAM83A-AS1,FAM83A antisense RNA 1,-1.132976076,0.084968193,-7.432416401,0.000754683,0.006890426,0.115570352
79590,ENSG00000143314,MRPL24,mitochondrial ribosomal protein L24,1.609039228,4.813332415,7.494827876,0.000755818,0.006898147,-0.750032479
120071,ENSG00000165905,LARGE2,LARGE xylosyl- and glucuronyltransferase 2,0.943433885,3.791751454,7.493731056,0.000756319,0.006898147,-0.615343363
5664,ENSG00000143801,PSEN2,presenilin 2,0.552270015,4.633016152,7.493474279,0.000756436,0.006898147,-0.753391589
14,ENSG00000127837,AAMP,angio associated migratory cell protein,1.063400171,7.280230159,7.493333551,0.0007565,0.006898147,-0.936975139
23173,ENSG00000164024,METAP1,methionyl aminopeptidase 1,-0.316627792,5.825150528,-7.38306134,0.000756776,0.006898441,-0.895670639
369,ENSG00000078061,ARAF,"A-Raf proto-oncogene, serine/threonine kinase",0.417242526,5.149826851,7.491930022,0.000757143,0.006899571,-0.814020088
4436,ENSG00000095002,MSH2,mutS homolog 2,-0.692703096,5.24266252,-7.49130861,0.000757427,0.006899949,-0.820493723
9446,ENSG00000148834,GSTO1,glutathione S-transferase omega 1,1.5604425,6.479471858,7.489807638,0.000758115,0.006903998,-0.901607043
79073,ENSG00000110108,TMEM109,transmembrane protein 109,0.767399667,6.329320342,7.488099406,0.000758898,0.006908918,-0.903357508
5315,ENSG00000067225,PKM,pyruvate kinase M1/2,0.623718811,10.28141812,7.487327186,0.000759253,0.006909264,-0.973732089
253461,ENSG00000177311,ZBTB38,zinc finger and BTB domain containing 38,-1.188099789,5.465401397,-7.486956762,0.000759423,0.006909264,-0.837008634
51031,ENSG00000167699,GLOD4,glyoxalase domain containing 4,0.689955493,5.863429589,7.485763925,0.000759971,0.006912036,-0.876129798
4756,ENSG00000067141,NEO1,neogenin 1,-1.03275135,3.431580733,-7.484075112,0.000760748,0.006916886,-0.550460146
4810,ENSG00000188158,NHS,NHS actin remodeling regulator,-1.562818694,3.511581712,-7.483146306,0.000761176,0.006918559,-0.543758554
7627,ENSG00000162086,ZNF75A,zinc finger protein 75A,-1.222624648,4.410968889,-7.481734329,0.000761826,0.006922258,-0.715612193
472,ENSG00000149311,ATM,ATM serine/threonine kinase,-1.543807726,4.592922066,-7.480264802,0.000762504,0.006925794,-0.731595614
10011,ENSG00000213523,SRA1,steroid receptor RNA activator 1,1.094155729,5.272945094,7.479833678,0.000762703,0.006925794,-0.825974649
646074,NA,POM121L10P,"POM121 transmembrane nucleoporin like 10, pseudogene",3.801263149,-3.324115662,7.478691454,0.000763231,0.006928369,0.241510004
5885,ENSG00000164754,RAD21,RAD21 cohesin complex component,-0.648956095,7.737480543,-7.476487789,0.00076425,0.006935402,-0.961058035
55090,ENSG00000141026,MED9,mediator complex subunit 9,0.888612117,4.031727792,7.474817746,0.000765023,0.006937927,-0.671846598
84364,ENSG00000149182,ARFGAP2,ADP ribosylation factor GTPase activating protein 2,0.482812457,6.497619705,7.474373904,0.000765229,0.006937927,-0.923984223
29094,ENSG00000119862,LGALSL,galectin like,0.677326752,3.769413952,7.474304621,0.000765261,0.006937927,-0.631896556
257062,ENSG00000174898,CATSPERD,cation channel sperm associated auxiliary subunit delta,2.611693901,-3.920806576,7.472971357,0.000765879,0.006939251,0.228709309
5480,ENSG00000168938,PPIC,peptidylprolyl isomerase C,1.229682211,5.341275147,7.472935875,0.000765896,0.006939251,-0.835053714
10818,ENSG00000166225,FRS2,fibroblast growth factor receptor substrate 2,-1.319785219,4.138581372,-7.471745824,0.000766448,0.006942041,-0.676615277
2355,ENSG00000075426,FOSL2,"FOS like 2, AP-1 transcription factor subunit",1.022876068,7.109006395,7.470368276,0.000767088,0.006945623,-0.948499345
54799,ENSG00000011258,MBTD1,mbt domain containing 1,-1.112066913,5.1383626,-7.469803061,0.000767351,0.006945787,-0.818697284
11216,ENSG00000108599,AKAP10,A-kinase anchoring protein 10,-0.506667392,5.296741563,-7.468521468,0.000767947,0.006947352,-0.8437637
220,ENSG00000184254,ALDH1A3,aldehyde dehydrogenase 1 family member A3,0.149875602,7.112657587,7.163990315,0.000768013,0.006947352,-1.026903149
55432,ENSG00000180667,YOD1,YOD1 deubiquitinase,-1.630023786,4.547993983,-7.466480416,0.000768898,0.006953141,-0.731621349
55663,ENSG00000083838,ZNF446,zinc finger protein 446,0.548638337,5.415352739,7.465148858,0.000769519,0.006956542,-0.856656619
155066,ENSG00000171130,ATP6V0E2,ATPase H+ transporting V0 subunit e2,0.900410247,5.019889832,7.464119287,0.00077,0.006958671,-0.814602772
81029,ENSG00000111186,WNT5B,Wnt family member 5B,1.213368685,3.21782135,7.462350672,0.000770826,0.006962321,-0.516352818
5818,ENSG00000110400,NECTIN1,nectin cell adhesion molecule 1,1.273670003,3.734036375,7.461765049,0.0007711,0.006962321,-0.616055992
23286,ENSG00000113645,WWC1,WW and C2 domain containing 1,0.918649479,7.226477064,7.461681374,0.000771139,0.006962321,-0.959084552
64421,ENSG00000152457,DCLRE1C,DNA cross-link repair 1C,-1.072524428,4.051506533,-7.45963798,0.000772096,0.006968608,-0.679614286
7737,ENSG00000125352,RNF113A,ring finger protein 113A,1.26145975,5.281099835,7.459074937,0.00077236,0.006968608,-0.838425882
10933,ENSG00000185787,MORF4L1,mortality factor 4 like 1,0.579393986,7.705502623,7.45862236,0.000772572,0.006968608,-0.973523473
80724,ENSG00000111271,ACAD10,acyl-CoA dehydrogenase family member 10,-1.049163371,3.78075594,-7.45648235,0.000773576,0.006974156,-0.635667185
404217,ENSG00000178531,CTXN1,cortexin 1,1.421684396,5.353580311,7.45562802,0.000773977,0.006974156,-0.844758305
23230,ENSG00000197969,VPS13A,vacuolar protein sorting 13 homolog A,-1.404324469,5.416661622,-7.455554928,0.000774012,0.006974156,-0.850762593
10781,ENSG00000174652,ZNF266,zinc finger protein 266,-0.616434898,3.321957692,-7.455205969,0.000774175,0.006974156,-0.560870414
22913,ENSG00000125970,RALY,RALY heterogeneous nuclear ribonucleoprotein,0.920360911,7.185607365,7.454696476,0.000774415,0.006974156,-0.962855772
6692,ENSG00000166145,SPINT1,"serine peptidase inhibitor, Kunitz type 1",0.933199815,8.419176153,7.452629788,0.000775387,0.006980699,-0.986847464
170394,ENSG00000171813,PWWP2B,PWWP domain containing 2B,1.019855614,5.080039339,7.451908559,0.000775727,0.006981544,-0.827685831
9564,ENSG00000050820,BCAR1,"BCAR1 scaffold protein, Cas family member",0.616885895,6.448873433,7.451017904,0.000776147,0.006983108,-0.937418834
9588,ENSG00000117592,PRDX6,peroxiredoxin 6,1.117453764,7.70448636,7.450268563,0.0007765,0.006984074,-0.977645083
9297,NA,SNORD29,"small nucleolar RNA, C/D box 29",-2.234572375,-2.017743289,-7.449118859,0.000777043,0.006985182,0.226616602
50640,ENSG00000135241,PNPLA8,patatin like phospholipase domain containing 8,-0.754613809,5.460083459,-7.448964894,0.000777115,0.006985182,-0.869917272
221078,ENSG00000241058,NSUN6,NOP2/Sun RNA methyltransferase 6,-1.579228124,2.554167206,-7.447124866,0.000777985,0.006990783,-0.364129138
9668,ENSG00000256087,ZNF432,zinc finger protein 432,-0.950246402,4.243295487,-7.446204405,0.00077842,0.006992481,-0.723529668
121260,ENSG00000139370,SLC15A4,solute carrier family 15 member 4,-0.482170385,4.597446811,-7.442955139,0.000779959,0.007002143,-0.785402502
831,ENSG00000153113,CAST,calpastatin,-0.322630384,8.065512606,-7.418151417,0.000780103,0.007002143,-0.996328391
101927132,ENSG00000261231,LINC02133,long intergenic non-protein coding RNA 2133,-2.992447146,-3.189059198,-7.442349399,0.000780246,0.007002143,0.221429112
26586,ENSG00000136108,CKAP2,cytoskeleton associated protein 2,-1.180002092,5.585657039,-7.44185246,0.000780482,0.007002143,-0.880258108
221496,ENSG00000161904,LEMD2,LEM domain nuclear envelope protein 2,0.736287318,6.370719297,7.438983846,0.000781845,0.007011091,-0.941100597
55255,ENSG00000164253,WDR41,WD repeat domain 41,0.556269348,4.795641702,7.438713656,0.000781973,0.007011091,-0.812492253
6136,ENSG00000197958,RPL12,ribosomal protein L12,0.672119573,10.03279095,7.435606936,0.000783452,0.007022137,-1.010208902
64121,ENSG00000116954,RRAGC,Ras related GTP binding C,0.576041347,5.027647902,7.434126998,0.000784158,0.007026246,-0.841495326
59335,ENSG00000130711,PRDM12,PR/SET domain 12,2.198795862,-1.51951783,7.430746175,0.000785774,0.007038499,0.203296137
152756,ENSG00000250486,FAM218A,family with sequence similarity 218 member A,-3.648534095,-3.386157767,-7.430159596,0.000786054,0.007038792,0.213172619
57624,ENSG00000144460,NYAP2,neuronal tyrosine-phosphorylated phosphoinositide-3-kinase adaptor 2,-2.329455406,0.201262867,-7.428463775,0.000786866,0.007043843,0.092257017
9131,ENSG00000156709,AIFM1,apoptosis inducing factor mitochondria associated 1,0.617234972,6.76074767,7.427185639,0.000787479,0.007047106,-0.969357895
80303,ENSG00000115468,EFHD1,EF-hand domain family member D1,0.488944333,4.806045923,7.42515947,0.000788452,0.007051313,-0.824143802
83884,ENSG00000120329,SLC25A2,solute carrier family 25 member 2,-2.938205022,-3.751482985,-7.424976752,0.000788539,0.007051313,0.205060978
388743,ENSG00000203697,CAPN8,calpain 8,-1.745501157,6.855271387,-7.424396125,0.000788818,0.007051313,-0.963226175
26154,ENSG00000144452,ABCA12,ATP binding cassette subfamily A member 12,-1.447154306,5.005119831,-7.424137733,0.000788943,0.007051313,-0.828543602
167691,ENSG00000135338,LCA5,lebercilin LCA5,-1.204659563,3.036856032,-7.420036209,0.000790917,0.007063293,-0.507402035
11129,ENSG00000104859,CLASRP,CLK4 associating serine/arginine rich protein,0.420605785,5.48453245,7.419938142,0.000790964,0.007063293,-0.895869367
5432,ENSG00000102978,POLR2C,RNA polymerase II subunit C,0.536683698,6.3823628,7.419536881,0.000791158,0.007063293,-0.956980631
80336,ENSG00000101104,PABPC1L,poly(A) binding protein cytoplasmic 1 like,-1.979123152,5.663398433,-7.419287866,0.000791278,0.007063293,-0.886283677
400986,ENSG00000174501,ANKRD36C,ankyrin repeat domain 36C,-2.992482411,2.581659484,-7.418213701,0.000791796,0.007065699,-0.293534474
56262,ENSG00000136802,LRRC8A,leucine rich repeat containing 8 VRAC subunit A,0.578310499,6.663979454,7.417140964,0.000792314,0.0070681,-0.972597599
7169,ENSG00000198467,TPM2,tropomyosin 2,1.672575645,6.259110098,7.416410053,0.000792667,0.00706903,-0.940266044
10592,ENSG00000136824,SMC2,structural maintenance of chromosomes 2,-0.954429691,5.427011419,-7.4157619,0.000792981,0.007069236,-0.888310161
101928279,NA,LOC101928279,uncharacterized LOC101928279,-1.380055543,-1.601820266,-7.262451498,0.000793188,0.007069236,0.177358179
100130691,ENSG00000213963,LOC100130691,Putative uncharacterized protein FLJ44553,-0.913382373,2.514623121,-7.414372983,0.000793653,0.007071156,-0.407835445
55630,ENSG00000147804,SLC39A4,solute carrier family 39 member 4,1.486683673,5.774043884,7.409770775,0.000795885,0.007088236,-0.91429598
440104,ENSG00000182796,TMEM198B,transmembrane protein 198B (pseudogene),-2.208254317,4.081750636,-7.409390556,0.000796069,0.007088236,-0.667807984
8722,ENSG00000174080,CTSF,cathepsin F,1.318669798,5.824512433,7.407796866,0.000796844,0.007091915,-0.922526519
11001,ENSG00000140284,SLC27A2,solute carrier family 27 member 2,-0.596667807,4.501404522,-7.407217211,0.000797126,0.007091915,-0.796813327
1033,ENSG00000100526,CDKN3,cyclin dependent kinase inhibitor 3,-0.728020455,4.976060473,-7.407000045,0.000797232,0.007091915,-0.853221125
79575,ENSG00000127220,ABHD8,abhydrolase domain containing 8,0.893570582,5.903936289,7.405354467,0.000798033,0.007096821,-0.935153439
116138,ENSG00000124702,KLHDC3,kelch domain containing 3,0.816292413,6.475382171,7.403827998,0.000798777,0.007101215,-0.971341488
57707,ENSG00000140950,MEAK7,"MTOR associated protein, eak-7 homolog",0.481460338,6.237075654,7.400234723,0.000800532,0.007113653,-0.962887096
256364,ENSG00000149499,EML3,EMAP like 3,0.608944538,5.915645573,7.399938446,0.000800677,0.007113653,-0.941868881
139231,ENSG00000123575,FAM199X,"family with sequence similarity 199, X-linked",-1.046839104,6.605197362,-7.398379417,0.000801441,0.007118206,-0.979364142
10787,ENSG00000061676,NCKAP1,NCK associated protein 1,-0.539478984,8.689929337,-7.392211924,0.000804468,0.00714286,-1.033345952
84100,ENSG00000113966,ARL6,ADP ribosylation factor like GTPase 6,-1.396268601,3.722343766,-7.390495862,0.000805313,0.007148125,-0.658835193
8847,ENSG00000231607,DLEU2,deleted in lymphocytic leukemia 2,-1.989881934,0.577952169,-7.389392715,0.000805856,0.007150715,0.003376602
7171,ENSG00000167460,TPM4,tropomyosin 4,0.345225191,9.306813937,7.388198537,0.000806445,0.007153706,-1.04109767
5881,ENSG00000169750,RAC3,Rac family small GTPase 3,1.612594515,4.630101019,7.387400124,0.000806839,0.007153874,-0.802008767
253264,ENSG00000226051,ZNF503-AS1,ZNF503 antisense RNA 1,-1.644485077,0.956128986,-7.387139158,0.000806968,0.007153874,-0.071131491
9601,ENSG00000155660,PDIA4,protein disulfide isomerase family A member 4,0.46995181,7.972121166,7.383639308,0.000808698,0.007166977,-1.031838957
122953,ENSG00000140044,JDP2,Jun dimerization protein 2,0.553187312,6.516505743,7.382965704,0.000809032,0.007167185,-0.99035943
574432,ENSG00000203684,IBA57-DT,IBA57 divergent transcript,-2.26614773,-2.255883839,-7.382572441,0.000809227,0.007167185,0.18934001
382,ENSG00000165527,ARF6,ADP ribosylation factor 6,0.295597588,7.664919402,7.294271816,0.000810428,0.007175585,-1.050411771
538,ENSG00000165240,ATP7A,ATPase copper transporting alpha,-1.167201719,4.426674902,-7.378502903,0.000811246,0.007179685,-0.79354438
11313,ENSG00000011009,LYPLA2,lysophospholipase 2,0.897269491,6.091367695,7.377779571,0.000811606,0.007179685,-0.967602388
23469,ENSG00000118482,PHF3,PHD finger protein 3,-0.927583957,6.482616499,-7.37752695,0.000811731,0.007179685,-0.989531781
54898,ENSG00000197977,ELOVL2,ELOVL fatty acid elongase 2,-0.928029703,1.178218031,-7.377182585,0.000811902,0.007179685,-0.141616277
84312,ENSG00000100916,BRMS1L,BRMS1 like transcriptional repressor,-0.845725796,3.697828308,-7.373206411,0.000813883,0.007192738,-0.686371603
333926,ENSG00000155367,PPM1J,"protein phosphatase, Mg2+/Mn2+ dependent 1J",2.580816465,1.778694743,7.373202002,0.000813885,0.007192738,-0.192965653
204962,ENSG00000137968,SLC44A5,solute carrier family 44 member 5,-3.469122818,-2.952971346,-7.37261173,0.00081418,0.007193102,0.183139486
10112,ENSG00000112984,KIF20A,kinesin family member 20A,-1.054521799,5.308885744,-7.371468403,0.00081475,0.007195906,-0.907665526
54801,ENSG00000147874,HAUS6,HAUS augmin like complex subunit 6,-1.057124135,5.023925626,-7.368139969,0.000816415,0.007208364,-0.88065083
2745,ENSG00000173221,GLRX,glutaredoxin,0.847819192,5.272229751,7.367049548,0.000816961,0.007210944,-0.910912138
348094,ENSG00000166839,ANKDD1A,ankyrin repeat and death domain containing 1A,-1.237672902,2.376042893,-7.365908572,0.000817533,0.00721375,-0.398663337
1522,ENSG00000101160,CTSZ,cathepsin Z,0.936324449,7.015092968,7.363168246,0.000818909,0.007223644,-1.02323532
56204,ENSG00000047346,ATOSA,atos homolog A,-1.291979883,3.979198877,-7.361584066,0.000819705,0.007228424,-0.729796813
9786,ENSG00000100578,KIAA0586,KIAA0586,-1.095179977,4.351262018,-7.360172836,0.000820415,0.007232442,-0.79783029
55783,ENSG00000180917,CMTR2,cap methyltransferase 2,-0.523057026,6.623464622,-7.356834808,0.000822098,0.00724503,-1.014492139
79090,ENSG00000007255,TRAPPC6A,trafficking protein particle complex subunit 6A,1.880723164,5.270432228,7.354631416,0.000823212,0.007250924,-0.896900504
162,ENSG00000100280,AP1B1,adaptor related protein complex 1 subunit beta 1,0.243191465,7.735869245,7.122181325,0.000823278,0.007250924,-1.106225087
6787,ENSG00000114904,NEK4,NIMA related kinase 4,-0.884900741,5.057689316,-7.35291777,0.000824079,0.007255726,-0.898567037
2872,ENSG00000099875,MKNK2,MAPK interacting serine/threonine kinase 2,0.398246149,7.264785356,7.3496522,0.000825734,0.007265905,-1.043308781
4105,ENSG00000197172,MAGEA6,MAGE family member A6,0.646789099,5.592264468,7.349627235,0.000825747,0.007265905,-0.953869529
196527,ENSG00000177119,ANO6,anoctamin 6,-1.017558313,6.838012226,-7.348267496,0.000826437,0.00726812,-1.026353578
114659,ENSG00000185158,LRRC37B,leucine rich repeat containing 37B,-1.044113241,2.052668635,-7.347987492,0.000826579,0.00726812,-0.346456748
9522,ENSG00000085365,SCAMP1,secretory carrier membrane protein 1,-0.462973225,5.746148027,-7.34761947,0.000826766,0.00726812,-0.968256793
25825,ENSG00000182240,BACE2,beta-secretase 2,0.588711349,5.170007029,7.347095441,0.000827033,0.007268212,-0.918612407
128218,ENSG00000179178,TMEM125,transmembrane protein 125,0.805976393,5.594545216,7.345302326,0.000827945,0.007271651,-0.955725927
30833,ENSG00000125458,NT5C,"5', 3'-nucleotidase, cytosolic",1.073722737,4.424271021,7.345252391,0.00082797,0.007271651,-0.820772982
84458,ENSG00000196233,LCOR,ligand dependent nuclear receptor corepressor,-1.377521243,5.814754024,-7.34447559,0.000828366,0.007271651,-0.966207522
100506380,ENSG00000182648,RNF32-DT,RNF32 divergent transcript,1.517396697,1.331093995,7.344128567,0.000828543,0.007271651,-0.177538341
8565,ENSG00000134684,YARS1,tyrosyl-tRNA synthetase 1,0.609721869,8.332920023,7.343458109,0.000828884,0.007271651,-1.065180032
10897,ENSG00000174851,YIF1A,"Yip1 interacting factor homolog A, membrane trafficking protein",1.111516601,6.647084371,7.343308852,0.000828961,0.007271651,-1.020860973
285512,ENSG00000248019,FAM13A-AS1,FAM13A antisense RNA 1,-2.409793496,-0.432912016,-7.340248542,0.000830523,0.007283104,0.089121249
9463,ENSG00000100151,PICK1,protein interacting with PRKCA 1,-0.379172979,4.551055182,-7.283729795,0.000830863,0.007283841,-0.868229285
100130197,ENSG00000228237,EFCAB14-AS1,EFCAB14 antisense RNA 1,-4.492239955,-2.453666669,-7.338897127,0.000831214,0.007284663,0.164494865
253714,ENSG00000146263,MMS22L,"MMS22 like, DNA repair protein",-1.12041472,4.08672583,-7.336590661,0.000832394,0.00729276,-0.772308938
23443,ENSG00000117620,SLC35A3,solute carrier family 35 member A3,-1.036670776,5.383602815,-7.33396164,0.000833743,0.00730232,-0.942185294
346389,ENSG00000183742,MACC1,MET transcriptional regulator MACC1,-1.057836494,4.791369818,-7.332417,0.000834536,0.007307015,-0.879462304
5673,ENSG00000204941,PSG5,pregnancy specific beta-1-glycoprotein 5,3.092571671,-3.682971552,7.331122842,0.000835201,0.0073093,0.152695335
25797,ENSG00000115828,QPCT,glutaminyl-peptide cyclotransferase,0.889491311,3.508424423,7.330545065,0.000835499,0.0073093,-0.681035452
643988,ENSG00000228594,FNDC10,fibronectin type III domain containing 10,1.92387128,2.952551298,7.329997098,0.000835781,0.0073093,-0.516854653
1040,ENSG00000163624,CDS1,CDP-diacylglycerol synthase 1,-0.623835433,6.18322582,-7.329907819,0.000835827,0.0073093,-1.009727352
1396,ENSG00000213145,CRIP1,cysteine rich protein 1,1.726596925,5.678200471,7.328704028,0.000836447,0.007312471,-0.960080937
231,ENSG00000085662,AKR1B1,aldo-keto reductase family 1 member B,1.056551073,11.66439768,7.327076803,0.000837286,0.007317553,-1.086189266
8912,ENSG00000196557,CACNA1H,calcium voltage-gated channel subunit alpha1 H,1.372324811,4.137538557,7.324728324,0.000838499,0.007325897,-0.781798137
9728,ENSG00000138593,SECISBP2L,SECIS binding protein 2 like,-0.930643945,5.132732288,-7.322843953,0.000839473,0.007329929,-0.92738897
642587,ENSG00000230937,MIR205HG,MIR205 host gene,-0.435748889,7.403527122,-7.3228378,0.000839476,0.007329929,-1.066060008
8242,ENSG00000126012,KDM5C,lysine demethylase 5C,0.461790861,6.614259536,7.322163487,0.000839825,0.007330723,-1.039760908
79858,ENSG00000114670,NEK11,NIMA related kinase 11,-0.938418863,3.556870464,-7.31898685,0.000841472,0.00734284,-0.696109836
23593,ENSG00000051620,HEBP2,heme binding protein 2,0.664701596,6.24659742,7.317340412,0.000842327,0.007348044,-1.022595162
55766,ENSG00000246705,H2AJ,H2A.J histone,1.984770759,5.888285944,7.314690179,0.000843706,0.007357809,-0.981824251
51321,ENSG00000196704,AMZ2,archaelysin family metallopeptidase 2,0.369940574,5.797456569,7.311393753,0.000845424,0.007368366,-0.998801074
54867,ENSG00000119777,TMEM214,transmembrane protein 214,0.651565592,6.358983596,7.311372349,0.000845435,0.007368366,-1.033430222
26039,ENSG00000184402,SS18L1,SS18L1 subunit of BAF chromatin remodeling complex,-1.462911363,4.559160991,-7.310575043,0.000845852,0.007369732,-0.852027163
338557,ENSG00000186188,FFAR4,free fatty acid receptor 4,-1.059819296,1.223083544,-7.308184577,0.000847101,0.007378354,-0.195242441
24147,ENSG00000179431,FJX1,four-jointed box kinase 1,1.268100265,3.993511192,7.307018833,0.000847711,0.007380116,-0.774012645
84851,ENSG00000183718,TRIM52,tripartite motif containing 52,-1.573189568,3.10266736,-7.306804977,0.000847823,0.007380116,-0.584580093
2120,ENSG00000139083,ETV6,ETS variant transcription factor 6,-0.896207248,5.301087085,-7.305628137,0.00084844,0.00738322,-0.957175379
4150,ENSG00000103495,MAZ,MYC associated zinc finger protein,0.769050624,7.672373944,7.304849873,0.000848848,0.007384507,-1.083738166
146880,NA,ARHGAP27P1,Rho GTPase activating protein 27 pseudogene 1,-0.943338929,4.452965519,-7.302323834,0.000850174,0.007393777,-0.85882664
51061,ENSG00000153066,TXNDC11,thioredoxin domain containing 11,0.440648444,5.441617174,7.301103852,0.000850815,0.007395657,-0.978197619
5606,ENSG00000034152,MAP2K3,mitogen-activated protein kinase kinase 3,0.666211761,6.835836127,7.30092166,0.000850911,0.007395657,-1.063693451
23467,ENSG00000221890,NPTXR,neuronal pentraxin receptor,0.747204827,4.175379047,7.298608622,0.000852128,0.007403974,-0.825138091
374739,ENSG00000159648,SPMIP8,sperm microtubule inner protein 8,2.004118865,-1.339065988,7.298067103,0.000852414,0.007404187,0.113075158
55711,ENSG00000064763,FAR2,fatty acyl-CoA reductase 2,-0.911563104,3.442709011,-7.296545324,0.000853216,0.007407306,-0.691079644
401337,ENSG00000205628,LINC01446,long intergenic non-protein coding RNA 1446,-1.839152912,2.738136443,-7.296397042,0.000853295,0.007407306,-0.497078517
84285,ENSG00000175376,EIF1AD,eukaryotic translation initiation factor 1A domain containing,0.588171699,5.301222659,7.293848641,0.000854641,0.007416724,-0.969891352
51175,ENSG00000074935,TUBE1,tubulin epsilon 1,-0.498925627,4.739953068,-7.290658584,0.000856329,0.007429107,-0.913160225
2824,ENSG00000046653,GPM6B,glycoprotein M6B,-3.717790591,-0.286586582,-7.2869206,0.000858313,0.007444042,0.055835676
128229,ENSG00000163467,TSACC,TSSK6 activating cochaperone,-1.345993245,0.294670009,-7.285891014,0.00085886,0.007446514,-0.040423502
23659,ENSG00000103066,PLA2G15,phospholipase A2 group XV,0.667602905,4.030247076,7.285232425,0.00085921,0.007447277,-0.813054128
111,ENSG00000173175,ADCY5,adenylate cyclase 5,-3.728733312,1.004995721,-7.284463768,0.00085962,0.00744855,-0.055803072
134553,ENSG00000181904,C5orf24,chromosome 5 open reading frame 24,-0.861325674,5.60285595,-7.283202649,0.000860291,0.007450619,-1.000855046
9519,ENSG00000028839,TBPL1,TATA-box binding protein like 1,-0.452600429,3.962180781,-7.283030105,0.000860383,0.007450619,-0.806597271
79819,ENSG00000152763,DNAI4,dynein axonemal intermediate chain 4,-1.078235186,2.382159814,-7.282180763,0.000860836,0.007452231,-0.467043673
389677,ENSG00000183808,RBM12B,RNA binding motif protein 12B,-0.872529733,5.366446974,-7.281696539,0.000861094,0.007452231,-0.98112601
85478,ENSG00000139537,CCDC65,coiled-coil domain containing 65,-2.935362161,0.617868682,-7.280443638,0.000861763,0.007455387,-0.040675747
57158,ENSG00000149596,JPH2,junctophilin 2,0.929677949,5.139070839,7.279736226,0.000862141,0.007455387,-0.95998103
57537,ENSG00000184985,SORCS2,sortilin related VPS10 domain containing receptor 2,0.853006698,5.366456255,7.279538246,0.000862247,0.007455387,-0.983371644
221184,ENSG00000140848,CPNE2,copine 2,0.35728327,6.370233033,7.276622952,0.000863806,0.007466596,-1.060942034
10713,ENSG00000168883,USP39,ubiquitin specific peptidase 39,0.372777733,6.217803419,7.274735481,0.000864817,0.007472421,-1.053411827
23683,ENSG00000115825,PRKD3,protein kinase D3,-0.821600856,5.470329021,-7.274383159,0.000865006,0.007472421,-0.996483868
23474,ENSG00000105755,ETHE1,ETHE1 persulfide dioxygenase,1.28256334,5.826867268,7.272636535,0.000865944,0.007478244,-1.021427864
90799,ENSG00000258890,CEP95,centrosomal protein 95,-1.150584673,4.378781352,-7.271607038,0.000866497,0.007480745,-0.864567677
85395,ENSG00000160256,SLX9,SLX9 ribosome biogenesis factor,1.401664119,3.725540133,7.270040983,0.000867339,0.00748574,-0.747181963
79004,ENSG00000107874,CUEDC2,CUE domain containing 2,1.255693212,5.789116601,7.264940466,0.000870088,0.007506494,-1.024536026
29896,ENSG00000164548,TRA2A,transformer 2 alpha homolog,-1.053250058,5.236030892,-7.26424801,0.000870462,0.007506494,-0.978540655
55968,ENSG00000088833,NSFL1C,NSFL1 cofactor,0.627151782,6.688101706,7.264110779,0.000870537,0.007506494,-1.084674002
6741,ENSG00000138385,SSB,small RNA binding exonuclease protection factor La,-0.778710334,5.942494162,-7.261813647,0.000871779,0.007512484,-1.042974825
55128,ENSG00000167333,TRIM68,tripartite motif containing 68,0.316628645,3.246084311,6.971930297,0.000872163,0.007512484,-0.760222514
1777,ENSG00000105612,DNASE2,"deoxyribonuclease 2, lysosomal",1.133986405,6.472011288,7.261077708,0.000872178,0.007512484,-1.072085901
339894,ENSG00000243629,LINC00880,long intergenic non-protein coding RNA 880,1.429466615,-1.345190521,7.185426592,0.000872289,0.007512484,0.079419992
80328,ENSG00000131015,ULBP2,UL16 binding protein 2,1.105649963,4.006192829,7.260277016,0.000872611,0.007512977,-0.816002321
114984,ENSG00000162076,FLYWCH2,FLYWCH family member 2,1.26163844,4.658908348,7.259784447,0.000872878,0.007512998,-0.910472561
896,ENSG00000112576,CCND3,cyclin D3,0.923480186,6.136090711,7.25847358,0.000873589,0.007516839,-1.057124319
9572,ENSG00000126368,NR1D1,nuclear receptor subfamily 1 group D member 1,0.588536479,3.522932978,7.257975351,0.00087386,0.007516888,-0.743529357
10443,ENSG00000244754,N4BP2L2,NEDD4 binding protein 2 like 2,-0.861865696,5.979840415,-7.25742923,0.000874156,0.007517162,-1.048109799
148808,ENSG00000174514,MFSD4A,major facilitator superfamily domain containing 4A,-1.050966649,4.003501873,-7.256794753,0.000874501,0.007517849,-0.818669677
81856,ENSG00000213020,ZNF611,zinc finger protein 611,-1.140055616,4.195531804,-7.255451889,0.000875231,0.007521847,-0.848244117
64122,ENSG00000167363,FN3K,fructosamine 3 kinase,1.043362385,4.331882317,7.253721264,0.000876173,0.007527664,-0.874570033
51161,ENSG00000088543,C3orf18,chromosome 3 open reading frame 18,0.653171967,3.465543285,7.251308765,0.000877488,0.007536681,-0.736030618
285521,ENSG00000163626,COX18,cytochrome c oxidase assembly factor COX18,0.838560396,3.664801661,7.248240417,0.000879164,0.007548765,-0.771989503
84962,ENSG00000129474,AJUBA,ajuba LIM protein,0.598818091,6.970272713,7.247678522,0.000879471,0.007548765,-1.108129626
7134,ENSG00000114854,TNNC1,"troponin C1, slow skeletal and cardiac type",1.93602489,0.330664085,7.247274006,0.000879692,0.007548765,-0.058828575
9988,ENSG00000135164,DMTF1,cyclin D binding myb like transcription factor 1,-1.466778727,5.748646952,-7.243125553,0.000881966,0.007564446,-1.033375641
80304,ENSG00000163026,WDCP,WD repeat and coiled coil containing,-0.932908706,3.330775566,-7.24296771,0.000882052,0.007564446,-0.706896424
284071,ENSG00000180336,MEIOC,meiosis specific with coiled-coil domain,-2.413522528,-1.128736601,-7.238492246,0.000884513,0.007580751,0.065069178
9775,ENSG00000141543,EIF4A3,eukaryotic translation initiation factor 4A3,0.620772959,6.746433863,7.238190398,0.00088468,0.007580751,-1.106295314
23015,ENSG00000175265,GOLGA8A,golgin A8 family member A,-2.4374412,3.123940423,-7.238054044,0.000884755,0.007580751,-0.582728532
55031,ENSG00000170242,USP47,ubiquitin specific peptidase 47,-0.538306023,5.569941175,-7.237036289,0.000885316,0.007581505,-1.03494735
334,ENSG00000084234,APLP2,amyloid beta precursor like protein 2,0.245671035,9.158976433,7.043253688,0.000885377,0.007581505,-1.198448481
147991,ENSG00000178904,DPY19L3,dpy-19 like C-mannosyltransferase 3,-0.930294026,4.264751501,-7.235902531,0.000885941,0.007582623,-0.879596415
254065,ENSG00000165288,BRWD3,bromodomain and WD repeat domain containing 3,-1.556641736,5.856499678,-7.235343657,0.000886249,0.007582623,-1.046060093
79669,ENSG00000114529,C3orf52,chromosome 3 open reading frame 52,-0.772638069,4.332227368,-7.235236952,0.000886308,0.007582623,-0.894259813
25822,ENSG00000137094,DNAJB5,DnaJ heat shock protein family (Hsp40) member B5,1.855916664,1.345958636,7.233799121,0.000887103,0.007586163,-0.244918401
6813,ENSG00000076944,STXBP2,syntaxin binding protein 2,0.863930608,6.591118532,7.233520765,0.000887256,0.007586163,-1.100855959
57530,ENSG00000143375,CGN,cingulin,0.578739726,5.912268879,7.232811733,0.000887649,0.007587231,-1.063600967
10490,ENSG00000100568,VTI1B,vesicle transport through interaction with t-SNAREs 1B,0.421133508,6.279295967,7.230596129,0.000888875,0.007595427,-1.089297987
4351,ENSG00000178802,MPI,mannose phosphate isomerase,0.666593191,4.338074504,7.228637432,0.000889961,0.007602418,-0.902554992
27429,ENSG00000115317,HTRA2,HtrA serine peptidase 2,1.066990799,3.626773853,7.227507379,0.000890588,0.007605488,-0.772841392
51308,ENSG00000132563,REEP2,receptor accessory protein 2,2.891534041,-0.184457121,7.225002724,0.00089198,0.007615086,-0.001857666
100507589,NA,NAGPA-AS1,NAGPA antisense RNA 1,-2.817865344,-1.966593069,-7.224468673,0.000892277,0.007615333,0.087403749
129080,ENSG00000186998,EMID1,EMI domain containing 1,2.295267463,2.382348672,7.223781006,0.00089266,0.007616311,-0.444277648
51706,ENSG00000159348,CYB5R1,cytochrome b5 reductase 1,0.5419348,4.854627675,7.222172628,0.000893556,0.007621666,-0.97677139
51693,ENSG00000167515,TRAPPC2L,trafficking protein particle complex subunit 2L,1.237894965,4.785127121,7.22066962,0.000894394,0.007626526,-0.956377593
57531,ENSG00000085382,HACE1,HECT domain and ankyrin repeat containing E3 ubiquitin protein ligase 1,-0.568891831,4.016231339,-7.220156456,0.000894681,0.007626678,-0.859600687
158511,ENSG00000198930,CSAG1,chondrosarcoma associated gene 1,1.260622576,3.830259931,7.218980702,0.000895338,0.007629986,-0.809619713
83605,ENSG00000136280,CCM2,CCM2 scaffold protein,1.037748713,4.787717722,7.215932129,0.000897043,0.007642226,-0.965108411
103352539,ENSG00000238113,LINC01410,long intergenic non-protein coding RNA 1410,-1.954603342,1.251251816,-7.214473596,0.00089786,0.007644294,-0.232854139
100506810,ENSG00000227630,LINC01132,long intergenic non-protein coding RNA 1132,-2.887170019,-1.785076211,-7.213771743,0.000898254,0.007644294,0.075948676
170463,ENSG00000130511,SSBP4,single stranded DNA binding protein 4,1.004603363,6.06143669,7.213596889,0.000898352,0.007644294,-1.084639499
54812,ENSG00000119844,AFTPH,aftiphilin,-0.620901314,5.953635412,-7.213126286,0.000898616,0.007644294,-1.080581766
57493,ENSG00000173706,HEG1,heart development protein with EGF like domains 1,2.080005269,4.992272306,7.213098338,0.000898632,0.007644294,-0.959629417
834,ENSG00000137752,CASP1,caspase 1,4.595277043,-2.402144866,7.210724648,0.000899965,0.0076512,0.086431393
101928841,NA,NA,NA,1.71369303,-0.249309586,7.210693631,0.000899983,0.0076512,-0.015287414
100132074,ENSG00000204060,FOXO6,forkhead box O6,1.01457071,4.161473042,7.209779816,0.000900497,0.00765268,-0.881093207
115703,ENSG00000004777,ARHGAP33,Rho GTPase activating protein 33,1.093863142,2.973992416,7.2094259,0.000900696,0.00765268,-0.650859388
29780,ENSG00000188677,PARVB,parvin beta,1.231089159,4.177218394,7.207263562,0.000901914,0.007656954,-0.878667066
27072,ENSG00000006715,VPS41,VPS41 subunit of HOPS complex,-0.459416603,5.425847488,-7.206571205,0.000902304,0.007656954,-1.045930448
286827,ENSG00000213186,TRIM59,tripartite motif containing 59,-0.607577225,3.934967644,-7.206513612,0.000902337,0.007656954,-0.855312414
5707,ENSG00000173692,PSMD1,"proteasome 26S subunit, non-ATPase 1",0.296003628,6.597756955,7.118124799,0.000902446,0.007656954,-1.14625212
149428,ENSG00000163141,BNIPL,BCL2 interacting protein like,1.383248699,2.40045792,7.205382146,0.000902975,0.007656954,-0.514606008
125170,ENSG00000177427,MIEF2,mitochondrial elongation factor 2,0.85994035,4.793508693,7.20537838,0.000902977,0.007656954,-0.977193337
152518,ENSG00000170448,NFXL1,"nuclear transcription factor, X-box binding like 1",-0.753221463,4.935272433,-7.205184693,0.000903086,0.007656954,-0.995271152
79961,ENSG00000162777,DENND2D,DENN domain containing 2D,-0.445516059,5.151828037,-7.203356516,0.000904119,0.007663422,-1.023046089
389114,ENSG00000182983,ZNF662,zinc finger protein 662,-0.838730386,3.012587472,-7.20116401,0.00090536,0.007671647,-0.673473021
90809,ENSG00000165782,PIP4P1,"phosphatidylinositol-4,5-bisphosphate 4-phosphatase 1",0.872210801,4.997632599,7.199641632,0.000906222,0.007674456,-1.004793835
3052,ENSG00000004961,HCCS,holocytochrome c synthase,0.906095369,5.281622956,7.199624852,0.000906232,0.007674456,-1.033351201
145567,ENSG00000165914,TTC7B,tetratricopeptide repeat domain 7B,1.045070355,4.31481378,7.199036446,0.000906565,0.007674992,-0.912293028
80097,ENSG00000152082,MZT2B,mitotic spindle organizing protein 2B,1.557705648,5.084672129,7.198372063,0.000906942,0.007675894,-0.999677655
9470,ENSG00000135930,EIF4E2,eukaryotic translation initiation factor 4E family member 2,0.777838201,5.826533208,7.195240845,0.000908721,0.00768517,-1.083924673
9973,ENSG00000173992,CCS,copper chaperone for superoxide dismutase,1.242955577,4.464096371,7.194952243,0.000908885,0.00768517,-0.931315655
25915,ENSG00000178057,NDUFAF3,NADH:ubiquinone oxidoreductase complex assembly factor 3,0.812681355,5.606086313,7.194608994,0.00090908,0.00768517,-1.066938439
4599,ENSG00000157601,MX1,MX dynamin like GTPase 1,1.178058331,3.514494809,7.194538128,0.000909121,0.00768517,-0.771386582
56163,ENSG00000132972,RNF17,ring finger protein 17,-4.585795821,-1.201469608,-7.193423753,0.000909755,0.007688244,0.048628843
112,ENSG00000174233,ADCY6,adenylate cyclase 6,-0.426582984,6.246404546,-7.192298459,0.000910396,0.007691373,-1.115465742
90378,ENSG00000141858,SAMD1,sterile alpha motif domain containing 1,0.60264849,5.050901064,7.19083663,0.00091123,0.007696126,-1.020777746
51054,ENSG00000134297,PLEKHA8P1,pleckstrin homology domain containing A8 pseudogene 1,-0.990022667,1.757051854,-7.190163048,0.000911614,0.007697084,-0.395289163
388564,ENSG00000233493,TMEM238,transmembrane protein 238,2.109358775,6.58796668,7.189407359,0.000912046,0.007698438,-1.116801077
9380,ENSG00000137106,GRHPR,glyoxylate and hydroxypyruvate reductase,1.039138105,5.924751248,7.1878316,0.000912947,0.00770193,-1.094082638
5288,ENSG00000139144,PIK3C2G,phosphatidylinositol-4-phosphate 3-kinase catalytic subunit type 2 gamma,-1.637790419,0.317200581,-7.187734561,0.000913002,0.00770193,-0.104522609
9500,ENSG00000179222,MAGED1,MAGE family member D1,1.183680711,6.236893444,7.185044623,0.000914542,0.00771263,-1.114714426
392617,ENSG00000225968,ELFN1,extracellular leucine rich repeat and fibronectin type III domain containing 1,1.357995322,0.242213066,7.182727193,0.000915871,0.007721546,-0.10383012
55120,ENSG00000115392,FANCL,FA complementation group L,-0.866626023,4.190179633,-7.182006884,0.000916285,0.00772274,-0.90934791
10799,ENSG00000124787,RPP40,ribonuclease P/MRP subunit p40,-0.445575302,3.631956528,-7.144389767,0.000917031,0.007726736,-0.83156096
2021,ENSG00000167136,ENDOG,endonuclease G,2.067084189,2.634800754,7.179019404,0.000918003,0.007732628,-0.546936154
441094,ENSG00000237187,NR2F1-AS1,NR2F1 antisense RNA 1,0.64996695,2.963710258,7.178362876,0.000918381,0.007733519,-0.685794999
59342,ENSG00000121064,SCPEP1,serine carboxypeptidase 1,0.666274503,4.936103208,7.174582297,0.000920561,0.007748476,-1.019540754
29767,ENSG00000128872,TMOD2,tropomodulin 2,-1.624094603,2.630555736,-7.173935928,0.000920935,0.007748476,-0.57446645
27151,ENSG00000160111,CPAMD8,C3 and PZP like alpha-2-macroglobulin domain containing 8,1.017867169,6.315480223,7.173864896,0.000920976,0.007748476,-1.129209444
8797,ENSG00000104689,TNFRSF10A,TNF receptor superfamily member 10a,0.509649939,3.887882648,7.172797842,0.000921593,0.00775137,-0.874297182
641,ENSG00000197299,BLM,BLM RecQ like helicase,-1.032111841,3.443235581,-7.172179988,0.00092195,0.00775208,-0.778415578
54880,ENSG00000183337,BCOR,BCL6 corepressor,1.347921145,2.332022632,7.170597675,0.000922866,0.007757485,-0.525986919
738,ENSG00000149823,VPS51,VPS51 subunit of GARP complex,0.785024142,7.541704477,7.168563926,0.000924045,0.007765097,-1.181443234
977,ENSG00000177697,CD151,CD151 molecule (Raph blood group),1.112860463,7.790824145,7.166428124,0.000925285,0.007773218,-1.186565629
27013,ENSG00000115649,CNPPD1,cyclin Pas1/PHO80 domain containing 1,0.838485548,5.539923113,7.164742407,0.000926266,0.007779151,-1.08334726
23376,ENSG00000014123,UFL1,UFM1 specific ligase 1,-0.757939431,5.713806626,-7.163953038,0.000926725,0.007780708,-1.098564639
8939,ENSG00000107164,FUBP3,far upstream element binding protein 3,0.35537925,6.260685903,7.161415318,0.000928204,0.00779082,-1.139594878
79807,ENSG00000138780,GSTCD,glutathione S-transferase C-terminal domain containing,-1.127523725,3.784684857,-7.15947858,0.000929334,0.007798004,-0.849165674
90231,ENSG00000116685,KIAA2013,KIAA2013,0.631637772,5.932856301,7.156234012,0.000931232,0.007809978,-1.121339278
10257,ENSG00000125257,ABCC4,ATP binding cassette subfamily C member 4,-0.806750403,5.841124816,-7.156098087,0.000931311,0.007809978,-1.113561395
105370941,ENSG00000261136,LOC105370941,uncharacterized LOC105370941,-3.882393957,-1.964725494,-7.154949869,0.000931984,0.007812184,0.044480427
4216,ENSG00000085511,MAP3K4,mitogen-activated protein kinase kinase kinase 4,-0.905280994,4.168864895,-7.154463445,0.000932269,0.007812184,-0.925228386
27090,ENSG00000136840,ST6GALNAC4,"ST6 N-acetylgalactosaminide alpha-2,6-sialyltransferase 4",0.994858692,5.387052746,7.154240701,0.0009324,0.007812184,-1.075498455
57418,ENSG00000065268,WDR18,WD repeat domain 18,0.974315099,5.799556288,7.152268736,0.000933557,0.007819573,-1.11197494
51574,ENSG00000174720,LARP7,"La ribonucleoprotein 7, transcriptional regulator",-0.739916125,4.764316756,-7.15162331,0.000933936,0.007820441,-1.015204116
57136,ENSG00000101474,APMAP,adipocyte plasma membrane associated protein,0.630626887,7.308064064,7.150126578,0.000934816,0.007824974,-1.190335242
172,ENSG00000223959,AFG3L1P,"AFG3 like matrix AAA peptidase subunit 1, pseudogene",-1.198999092,3.621269563,-7.149765347,0.000935029,0.007824974,-0.822995459
57716,ENSG00000105227,PRX,periaxin,1.111367975,4.449607189,7.148955087,0.000935505,0.007826658,-0.967083191
55625,ENSG00000153786,ZDHHC7,zinc finger DHHC-type palmitoyltransferase 7,0.2684673,6.627499372,6.99610054,0.000936987,0.00783271,-1.207965441
9477,ENSG00000124641,MED20,mediator complex subunit 20,-0.403251963,5.118604306,-7.146356359,0.000937037,0.00783271,-1.062286072
1650,ENSG00000244038,DDOST,dolichyl-diphosphooligosaccharide--protein glycosyltransferase non-catalytic subunit,0.434032692,7.825683676,7.14615169,0.000937158,0.00783271,-1.204084399
49854,ENSG00000173276,ZBTB21,zinc finger and BTB domain containing 21,-0.989195347,4.745910524,-7.145516537,0.000937533,0.00783271,-1.01241061
221178,ENSG00000182957,SPATA13,spermatogenesis associated 13,-1.948499658,4.178180675,-7.144967912,0.000937856,0.00783271,-0.891792105
9747,ENSG00000198420,TCAF1,TRPM8 channel associated factor 1,-0.4974425,4.534017975,-7.144921378,0.000937884,0.00783271,-0.994120009
4774,ENSG00000162599,NFIA,nuclear factor I A,-0.955849121,4.355318183,-7.144026903,0.000938412,0.007834818,-0.96043769
8226,ENSG00000130021,PUDP,pseudouridine 5'-phosphatase,0.668108705,4.7969,7.14186429,0.000939691,0.00784319,-1.027731023
3315,ENSG00000106211,HSPB1,heat shock protein family B (small) member 1,1.435112776,9.468469082,7.140190018,0.000940683,0.007849159,-1.223106977
3434,ENSG00000185745,IFIT1,interferon induced protein with tetratricopeptide repeats 1,-0.684953631,0.500864717,-6.858069855,0.000941771,0.007855934,-0.244818599
84304,ENSG00000149761,NUDT22,nudix hydrolase 22,1.101022463,6.1414376,7.13772449,0.000942145,0.007856745,-1.144933284
360132,ENSG00000291029,FKBP9P1,FKBP prolyl isomerase 9 pseudogene 1,-2.208221925,-0.663049543,-7.136250636,0.000943021,0.007859778,-0.030812066
11253,ENSG00000177239,MAN1B1,mannosidase alpha class 1B member 1,0.847209437,6.470815182,7.136129724,0.000943093,0.007859778,-1.167094928
57460,ENSG00000111110,PPM1H,"protein phosphatase, Mg2+/Mn2+ dependent 1H",0.917478188,3.69245736,7.135606808,0.000943404,0.007859778,-0.857784517
79692,ENSG00000181315,ZNF322,zinc finger protein 322,-1.015818002,3.743675012,-7.135249162,0.000943616,0.007859778,-0.863157539
745,ENSG00000124920,MYRF,myelin regulatory factor,0.817553749,4.493801163,7.131882764,0.000945621,0.007871778,-0.993338298
84874,ENSG00000144026,ZNF514,zinc finger protein 514,-1.292484536,4.563096481,-7.13155725,0.000945815,0.007871778,-0.989957624
80270,ENSG00000099377,HSD3B7,"hydroxy-delta-5-steroid dehydrogenase, 3 beta- and steroid delta-isomerase 7",0.809000384,4.618087842,7.13133526,0.000945948,0.007871778,-1.010830301
29994,ENSG00000123636,BAZ2B,bromodomain adjacent to zinc finger domain 2B,-1.011351202,4.923836381,-7.130681198,0.000946338,0.007871778,-1.044432512
51719,ENSG00000135932,CAB39,calcium binding protein 39,0.39559992,8.099628428,7.130189596,0.000946632,0.007871778,-1.219730171
162979,ENSG00000170684,ZNF296,zinc finger protein 296,1.256979874,0.979911719,7.129550387,0.000947013,0.007871778,-0.269085677
1998,ENSG00000109381,ELF2,E74 like ETS transcription factor 2,-0.564232997,4.20002907,-7.128843765,0.000947435,0.007871778,-0.956592125
7068,ENSG00000151090,THRB,thyroid hormone receptor beta,-0.945174853,4.601622025,-7.128665904,0.000947542,0.007871778,-1.007116278
9764,ENSG00000135709,KIAA0513,KIAA0513,0.973680508,3.777569453,7.128649024,0.000947552,0.007871778,-0.876822491
1604,ENSG00000196352,CD55,CD55 molecule (Cromer blood group),0.886367033,5.557827242,7.126990256,0.000948544,0.007877715,-1.112371615
441454,NA,PTMAP11,prothymosin alpha pseudogene 11,-4.047155897,-0.493001708,-7.126290023,0.000948963,0.007878893,-0.034356351
81858,ENSG00000179526,SHARPIN,SHANK associated RH domain interactor,0.788494729,5.954038462,7.125176013,0.000949631,0.007880438,-1.144858169
221061,ENSG00000148468,FAM171A1,family with sequence similarity 171 member A1,1.126970141,2.582039042,7.12505287,0.000949704,0.007880438,-0.624676982
137392,ENSG00000188343,CIBAR1,CBY1 interacting BAR domain containing 1,-1.566094917,2.731948321,-7.124582496,0.000949986,0.007880475,-0.636393496
101929767,NA,LOC101929767,uncharacterized LOC101929767,-1.239279287,1.095072327,-7.123585439,0.000950585,0.007881089,-0.295004254
149420,ENSG00000175087,PDIK1L,PDLIM1 interacting kinase 1 like,-1.112854724,2.720623883,-7.123272974,0.000950772,0.007881089,-0.656726949
645166,ENSG00000288905,LSP1P5,LSP1 pseudogene 5,-3.310223533,-3.033578231,-7.123071219,0.000950893,0.007881089,0.034303917
387338,ENSG00000117481,NSUN4,NOP2/Sun RNA methyltransferase 4,0.232819203,5.869344746,6.841039287,0.000952737,0.007894069,-1.216122537
102465432,NA,NA,NA,-1.605246798,-1.071833986,-7.117472277,0.000954261,0.007902974,-0.017536712
85313,ENSG00000131013,PPIL4,peptidylprolyl isomerase like 4,-0.599953734,4.994943093,-7.11713262,0.000954466,0.007902974,-1.069203784
51257,ENSG00000099785,MARCHF2,membrane associated ring-CH-type finger 2,0.956079092,4.06742242,7.116832342,0.000954647,0.007902974,-0.936175991
51763,ENSG00000132376,INPP5K,inositol polyphosphate-5-phosphatase K,0.511537316,5.245975167,7.115229633,0.000955614,0.007907282,-1.097187356
55959,ENSG00000196562,SULF2,sulfatase 2,-0.781335279,7.891282809,-7.115047212,0.000955724,0.007907282,-1.227565602
171392,ENSG00000197372,ZNF675,zinc finger protein 675,-1.015805734,-1.021027557,-6.841809257,0.000956379,0.007910395,-0.066569779
150696,ENSG00000155066,PROM2,prominin 2,-0.499657175,7.756771108,-7.112178453,0.000957459,0.007917018,-1.228192052
25873,ENSG00000130255,RPL36,ribosomal protein L36,1.560019713,7.766779529,7.111676579,0.000957762,0.007917224,-1.224565721
125988,ENSG00000174917,MICOS13,mitochondrial contact site and cristae organizing system subunit 13,1.734966862,4.346373714,7.109918291,0.000958828,0.007923107,-0.957420439
1021,ENSG00000105810,CDK6,cyclin dependent kinase 6,-1.139920115,6.127069987,-7.109366367,0.000959162,0.007923107,-1.164467431
3241,ENSG00000115756,HPCAL1,hippocalcin like 1,0.788030434,7.728323108,7.109121006,0.000959311,0.007923107,-1.22932349
5531,ENSG00000149923,PPP4C,protein phosphatase 4 catalytic subunit,1.192970186,7.294568938,7.108441007,0.000959724,0.007924209,-1.217674847
79159,ENSG00000273899,NOL12,nucleolar protein 12,-0.596262669,3.760522787,-7.106895349,0.000960662,0.007927854,-0.898490318
1743,ENSG00000119689,DLST,dihydrolipoamide S-succinyltransferase,0.30544433,8.107631777,7.078935583,0.000960724,0.007927854,-1.244274887
4893,ENSG00000213281,NRAS,"NRAS proto-oncogene, GTPase",-0.439659764,7.96686966,-7.103797276,0.000962547,0.007940594,-1.23767737
728621,ENSG00000186409,CCDC30,coiled-coil domain containing 30,-1.526464686,1.756063613,-7.103037145,0.00096301,0.007941434,-0.436955832
493856,ENSG00000145354,CISD2,CDGSH iron sulfur domain 2,-0.37941413,3.897978984,-7.000300657,0.000963208,0.007941434,-0.954450841
8078,ENSG00000111667,USP5,ubiquitin specific peptidase 5,0.597886813,7.209864634,7.101598883,0.000963887,0.007943315,-1.224012586
402,ENSG00000213465,ARL2,ADP ribosylation factor like GTPase 2,1.781320295,4.988774708,7.101420423,0.000963996,0.007943315,-1.053146649
51735,ENSG00000158987,RAPGEF6,Rap guanine nucleotide exchange factor 6,-1.07174827,4.397278421,-7.100533858,0.000964537,0.007945468,-0.995790144
54505,ENSG00000067248,DHX29,DExH-box helicase 29,-0.503449832,5.142088304,-7.098318049,0.000965891,0.007952555,-1.099500489
1052,ENSG00000221869,CEBPD,CCAAT enhancer binding protein delta,1.324778235,4.714010469,7.097989493,0.000966092,0.007952555,-1.035504823
84232,ENSG00000179632,MAF1,"MAF1 homolog, negative regulator of RNA polymerase III",1.109050568,7.395471365,7.097015581,0.000966688,0.007952555,-1.229610211
8907,ENSG00000072958,AP1M1,adaptor related protein complex 1 subunit mu 1,0.657705641,5.428404981,7.096905446,0.000966755,0.007952555,-1.126097595
100506217,NA,NA,NA,-4.191001814,-2.348021319,-7.096836246,0.000966798,0.007952555,0.014980001
57162,ENSG00000197329,PELI1,pellino E3 ubiquitin protein ligase 1,-0.748059774,2.797212855,-7.09598329,0.00096732,0.00795451,-0.706457
7273,ENSG00000155657,TTN,titin,-2.353631686,5.056936261,-7.095048701,0.000967893,0.00795451,-1.042404057
5870,ENSG00000175582,RAB6A,"RAB6A, member RAS oncogene family",-0.533592935,7.927320333,-7.09500799,0.000967918,0.00795451,-1.243578784
7728,ENSG00000105497,ZNF175,zinc finger protein 175,-0.678352938,3.05222976,-7.09461971,0.000968156,0.00795451,-0.765111872
10493,ENSG00000108828,VAT1,vesicle amine transport 1,0.703127257,8.388878197,7.090309399,0.000970804,0.007972585,-1.252540863
7067,ENSG00000126351,THRA,thyroid hormone receptor alpha,0.737736157,2.91269065,7.090124419,0.000970917,0.007972585,-0.737295527
1962,ENSG00000113790,EHHADH,enoyl-CoA hydratase and 3-hydroxyacyl CoA dehydrogenase,-0.600889083,3.29161299,-7.088654049,0.000971823,0.007977214,-0.821367171
163882,ENSG00000162852,CNST,"consortin, connexin sorting protein",-0.500649354,5.232404781,-7.088296302,0.000972043,0.007977214,-1.115925782
10653,ENSG00000167642,SPINT2,"serine peptidase inhibitor, Kunitz type 2",1.166672876,9.817297051,7.086318149,0.000973263,0.007983619,-1.265419333
178,ENSG00000162688,AGL,"amylo-alpha-1, 6-glucosidase, 4-alpha-glucanotransferase",-0.990011206,5.029385441,-7.086118923,0.000973386,0.007983619,-1.089913332
7755,ENSG00000122386,ZNF205,zinc finger protein 205,0.910859874,3.916514206,7.08372879,0.000974862,0.007992166,-0.936507909
1072,ENSG00000172757,CFL1,cofilin 1,0.946998722,9.540876486,7.083521097,0.000974991,0.007992166,-1.266490714
25913,ENSG00000128513,POT1,protection of telomeres 1,-0.805549712,5.313064241,-7.079920531,0.00097722,0.008008131,-1.126371471
84876,ENSG00000276045,ORAI1,ORAI calcium release-activated calcium modulator 1,0.894564208,4.939753846,7.078325471,0.00097821,0.008013929,-1.088084485
254102,ENSG00000173442,EHBP1L1,EH domain binding protein 1 like 1,0.869658975,7.376817909,7.076563671,0.000979305,0.008018985,-1.245891607
642846,NA,LOC642846,DEAD/H (Asp-Glu-Ala-Asp/His) box polypeptide 11-like,-1.602974964,3.027892386,-7.076422931,0.000979392,0.008018985,-0.735443129
10576,ENSG00000166226,CCT2,chaperonin containing TCP1 subunit 2,-0.361202516,7.012686866,-7.073330134,0.000981317,0.008028261,-1.239968558
9025,ENSG00000112130,RNF8,ring finger protein 8,-0.491277185,3.817448729,-7.073253214,0.000981365,0.008028261,-0.935508679
9501,ENSG00000181031,RPH3AL,rabphilin 3A like (without C2 domains),-1.445078335,2.960081423,-7.073240343,0.000981373,0.008028261,-0.731555686
51018,ENSG00000067533,RRP15,ribosomal RNA processing 15 homolog,-0.834229447,3.956095861,-7.072456217,0.000981862,0.008029888,-0.953123047
155368,ENSG00000165171,METTL27,methyltransferase like 27,1.138314698,2.973861515,7.072014293,0.000982138,0.008029888,-0.750269035
1954,ENSG00000105429,MEGF8,multiple EGF like domains 8,0.99245913,7.130310674,7.070430677,0.000983126,0.008034274,-1.242701018
4641,ENSG00000197879,MYO1C,myosin IC,0.659992598,8.440998055,7.070001118,0.000983395,0.008034274,-1.268351749
5902,ENSG00000099901,RANBP1,RAN binding protein 1,1.122519579,6.596447865,7.069795514,0.000983523,0.008034274,-1.220335505
9024,ENSG00000174672,BRSK2,BR serine/threonine kinase 2,0.933065652,3.805778819,7.067219234,0.000985134,0.008045122,-0.928504721
64426,ENSG00000111707,SUDS3,"SDS3 homolog, SIN3A corepressor complex component",-0.982244436,6.386861409,-7.065985757,0.000985907,0.008049117,-1.21363687
6324,ENSG00000105711,SCN1B,sodium voltage-gated channel beta subunit 1,2.022556662,2.571890661,7.065269331,0.000986356,0.008050468,-0.619627354
26155,ENSG00000188976,NOC2L,NOC2 like nucleolar associated transcriptional repressor,0.620996366,6.014001783,7.063652766,0.00098737,0.00805643,-1.195993733
27349,ENSG00000100294,MCAT,malonyl-CoA-acyl carrier protein transacylase,0.437548483,4.019633219,7.060680556,0.000989238,0.008067155,-0.980891307
100506321,ENSG00000259118,LOC100506321,uncharacterized LOC100506321,-2.233278323,-4.104062522,-7.060205791,0.000989537,0.008067155,-0.011214162
284040,ENSG00000239704,CDRT4,CMT1A duplicated region transcript 4,-2.233278323,-4.104062522,-7.060205791,0.000989537,0.008067155,-0.011214162
90204,ENSG00000168612,ZSWIM1,zinc finger SWIM-type containing 1,-0.564145098,3.982608119,-7.058683185,0.000990496,0.008072655,-0.973723863
9787,ENSG00000126787,DLGAP5,DLG associated protein 5,-1.070132503,5.337649989,-7.056457666,0.000991899,0.008081774,-1.142344572
51458,ENSG00000140519,RHCG,Rh family C glycoprotein,1.097186724,3.516281735,7.055607798,0.000992436,0.008083826,-0.877288901
4502,ENSG00000125148,MT2A,metallothionein 2A,1.400074369,9.114345904,7.053820561,0.000993566,0.008090706,-1.285559599
54093,ENSG00000185917,SETD4,SET domain containing 4,-0.847706312,4.092153848,-7.052434089,0.000994443,0.008093434,-0.990416681
115817,ENSG00000157379,DHRS1,dehydrogenase/reductase 1,0.840117976,5.466989441,7.052390297,0.000994471,0.008093434,-1.160810555
22869,ENSG00000081386,ZNF510,zinc finger protein 510,-1.134744294,3.653759905,-7.049997407,0.000995987,0.008103453,-0.905683734
23595,ENSG00000135336,ORC3,origin recognition complex subunit 3,-0.993277879,4.507991515,-7.049291772,0.000996435,0.008104773,-1.052370967
283899,ENSG00000169592,INO80E,INO80 complex subunit E,0.763141746,5.314311752,7.047392533,0.000997641,0.00811226,-1.151775783
11041,ENSG00000174684,B4GAT1,"beta-1,4-glucuronyltransferase 1",1.060994671,4.852175025,7.045235493,0.000999013,0.00812109,-1.099299323
54822,ENSG00000092439,TRPM7,transient receptor potential cation channel subfamily M member 7,-1.292747609,5.371108126,-7.044446882,0.000999515,0.008122847,-1.150318499
23363,ENSG00000124006,OBSL1,obscurin like cytoskeletal adaptor 1,0.496283655,7.66192388,7.042559626,0.001000718,0.008129558,-1.278840627
11142,ENSG00000168734,PKIG,cAMP-dependent protein kinase inhibitor gamma,0.928908055,4.780859964,7.042253313,0.001000913,0.008129558,-1.095727958
341019,ENSG00000170959,DCDC1,doublecortin domain containing 1,-2.922802335,-0.521586277,-7.041308061,0.001001517,0.008132132,-0.101001648
93474,ENSG00000277462,ZNF670,zinc finger protein 670,-1.266029308,1.964526507,-7.040461248,0.001002057,0.008134197,-0.540619123
9567,ENSG00000100226,GTPBP1,GTP binding protein 1,0.549883305,7.621130924,7.039893282,0.00100242,0.008134818,-1.279994886
2295,ENSG00000137273,FOXF2,forkhead box F2,0.670150477,3.614005579,7.039341314,0.001002773,0.008135357,-0.92083644
6001,ENSG00000148908,RGS10,regulator of G protein signaling 10,0.92742459,5.009858363,7.038852722,0.001003086,0.008135567,-1.124907996
191,ENSG00000101444,AHCY,adenosylhomocysteinase,0.601751419,8.349899025,7.038082706,0.001003578,0.008137239,-1.291461552
84875,ENSG00000178685,PARP10,poly(ADP-ribose) polymerase family member 10,0.821970099,5.349436017,7.033927469,0.001006242,0.008151403,-1.164388643
11052,ENSG00000111605,CPSF6,cleavage and polyadenylation specific factor 6,-0.659095897,6.370817851,-7.033887019,0.001006268,0.008151403,-1.239547442
9469,ENSG00000122863,CHST3,carbohydrate sulfotransferase 3,1.161896908,5.658506821,7.033704762,0.001006385,0.008151403,-1.187167892
101060146,ENSG00000278530,CHMP1B2P,"charged multivesicular body protein 1B2, pseudogene",-2.038927644,1.722179439,-7.033566981,0.001006474,0.008151403,-0.452921998
90550,ENSG00000156026,MCU,mitochondrial calcium uniporter,-0.560852881,5.836896777,-7.032584992,0.001007105,0.008151908,-1.20729744
83719,ENSG00000090238,YPEL3,yippee like 3,1.0226359,5.014648069,7.032576191,0.00100711,0.008151908,-1.128337675
4669,ENSG00000108784,NAGLU,N-acetyl-alpha-glucosaminidase,0.898185839,4.508588044,7.031798333,0.00100761,0.008152076,-1.068432842
153657,ENSG00000205838,TTC23L,tetratricopeptide repeat domain 23 like,-1.46348122,0.98545251,-7.031582551,0.001007749,0.008152076,-0.332921864
1384,ENSG00000095321,CRAT,carnitine O-acetyltransferase,0.52362268,6.587508002,7.031204517,0.001007992,0.008152076,-1.253783826
9927,ENSG00000116688,MFN2,mitofusin 2,0.527826501,7.142166505,7.029949829,0.0010088,0.008156285,-1.276141517
80174,ENSG00000161692,DBF4B,DBF4 zinc finger B,-0.837359138,3.211155107,-7.025745654,0.001011512,0.008175882,-0.845606492
257144,ENSG00000174500,GCSAM,germinal center associated signaling and motility,-2.579729469,3.513308449,-7.023354064,0.001013058,0.008183996,-0.812569471
23643,ENSG00000154589,LY96,lymphocyte antigen 96,-1.031976381,0.690340829,-7.023267211,0.001013114,0.008183996,-0.295878892
11152,ENSG00000196998,WDR45,WD repeat domain 45,1.035063193,5.67652209,7.02229517,0.001013744,0.008183996,-1.198861731
115353,ENSG00000116212,LRRC42,leucine rich repeat containing 42,0.854718752,6.767400124,7.021977283,0.00101395,0.008183996,-1.266658113
29945,ENSG00000053900,ANAPC4,anaphase promoting complex subunit 4,-0.823843375,3.760284733,-7.021874977,0.001014016,0.008183996,-0.956648339
1839,ENSG00000113070,HBEGF,heparin binding EGF like growth factor,0.516412691,7.149343158,7.021521999,0.001014245,0.008183996,-1.282760537
352954,ENSG00000291122,CASTOR3P,"CASTOR family member 3, pseudogene",-0.941379209,5.434510944,-7.017393501,0.001016925,0.008203285,-1.182668976
81853,ENSG00000137210,TMEM14B,transmembrane protein 14B,0.579032786,6.381278622,7.016468035,0.001017527,0.008203285,-1.25395313
253769,ENSG00000184465,WDR27,WD repeat domain 27,-1.798130279,4.806953025,-7.016327821,0.001017618,0.008203285,-1.091540717
100506516,ENSG00000281404,LINC01176,long intergenic non-protein coding RNA 1176,-2.631144907,-0.318060804,-7.015908668,0.001017891,0.008203285,-0.135817151
7561,ENSG00000105708,ZNF14,zinc finger protein 14,-1.416112185,0.515339181,-7.015618113,0.00101808,0.008203285,-0.261925421
2771,ENSG00000114353,GNAI2,G protein subunit alpha i2,0.452161334,8.114965741,7.013085966,0.00101973,0.008212694,-1.307779931
57007,ENSG00000144476,ACKR3,atypical chemokine receptor 3,0.969993257,2.014306515,7.012938818,0.001019826,0.008212694,-0.584215034
79905,ENSG00000170537,TMC7,transmembrane channel like 7,-0.868871546,2.779271225,-7.010475427,0.001021435,0.008223316,-0.762165233
9534,ENSG00000213096,ZNF254,zinc finger protein 254,-1.935714138,0.437803293,-7.009139008,0.001022308,0.008227289,-0.23971018
23378,ENSG00000132275,RRP8,ribosomal RNA processing 8,0.70011246,3.517463366,7.008834717,0.001022508,0.008227289,-0.92428798
11315,ENSG00000116288,PARK7,Parkinsonism associated deglycase,0.988332436,6.741043763,7.005583675,0.001024638,0.008241834,-1.276732648
1060,ENSG00000145241,CENPC,centromere protein C,-0.734624305,3.192508606,-7.005190414,0.001024896,0.008241834,-0.859910936
55082,ENSG00000134884,ARGLU1,arginine and glutamate rich 1,-1.33680026,6.098508675,-7.004627041,0.001025266,0.008242473,-1.238878774
7716,ENSG00000136451,VEZF1,vascular endothelial zinc finger 1,-0.770860426,6.490835117,-7.001260602,0.001027478,0.008257926,-1.269725579
51160,ENSG00000160948,VPS28,VPS28 subunit of ESCRT-I,0.795528347,6.309080244,7.000524403,0.001027963,0.008259484,-1.260516858
5286,ENSG00000011405,PIK3C2A,phosphatidylinositol-4-phosphate 3-kinase catalytic subunit type 2 alpha,-0.992698702,7.012028307,-6.999333027,0.001028748,0.008263452,-1.29205684
51282,ENSG00000171222,SCAND1,SCAN domain containing 1,1.604418398,5.046759428,6.997516567,0.001029946,0.008268032,-1.143791393
93643,ENSG00000137221,TJAP1,tight junction associated protein 1,0.238117574,5.708656113,6.7368433,0.00103,0.008268032,-1.293284674
6041,ENSG00000135828,RNASEL,ribonuclease L,-0.24568135,3.134385062,-6.72697277,0.001030192,0.008268032,-0.930916665
101928295,ENSG00000268686,LOC101928295,uncharacterized LOC101928295,1.142679485,2.542079055,6.995696891,0.001031148,0.00827337,-0.711458388
4943,ENSG00000068354,TBC1D25,TBC1 domain family member 25,0.592598154,3.97748199,6.992470669,0.001033283,0.008288159,-1.022596773
23301,ENSG00000115504,EHBP1,EH domain binding protein 1,-0.603948588,5.55313025,-6.991063536,0.001034216,0.008291973,-1.216523697
153090,ENSG00000136848,DAB2IP,DAB2 interacting protein,0.568736242,6.87650549,6.990451242,0.001034623,0.008291973,-1.296849284
677803,ENSG00000207168,SNORA15,"small nucleolar RNA, H/ACA box 15",-2.93332785,-1.103170706,-6.990432581,0.001034635,0.008291973,-0.098530466
6905,ENSG00000284770,TBCE,tubulin folding cofactor E,-0.481598702,4.148956232,-6.987977797,0.001036266,0.008301544,-1.055486809
373509,ENSG00000170236,USP50,ubiquitin specific peptidase 50,-3.550242368,-2.137255499,-6.987754773,0.001036414,0.008301544,-0.058658904
2764,ENSG00000197045,GMFB,glia maturation factor beta,-0.608999514,6.466388821,-6.983899429,0.001038982,0.008319763,-1.282802585
8490,ENSG00000143248,RGS5,regulator of G protein signaling 5,-0.988388553,2.646685034,-6.983331943,0.00103936,0.008320448,-0.748745586
163126,ENSG00000176396,EID2,EP300 interacting inhibitor of differentiation 2,0.749099061,4.095539017,6.981835378,0.001040359,0.00832445,-1.046961219
3073,ENSG00000213614,HEXA,hexosaminidase subunit alpha,0.815084127,6.413827543,6.981535569,0.00104056,0.00832445,-1.280535276
26007,ENSG00000149476,TKFC,triokinase and FMN cyclase,0.615078864,6.132349111,6.981033463,0.001040895,0.00832445,-1.265974749
27434,ENSG00000122678,POLM,DNA polymerase mu,0.439177753,5.011325231,6.980484137,0.001041262,0.00832445,-1.175419203
11157,ENSG00000164167,LSM6,"LSM6 homolog, U6 small nuclear RNA and mRNA degradation associated",1.150786615,2.928784013,6.980389275,0.001041326,0.00832445,-0.808985683
4668,ENSG00000198951,NAGA,alpha-N-acetylgalactosaminidase,0.514123619,4.694310048,6.978673938,0.001042474,0.008331281,-1.139515983
90673,ENSG00000235194,PPP1R3E,protein phosphatase 1 regulatory subunit 3E,-1.595567919,1.830334862,-6.97607998,0.001044212,0.008342176,-0.542311505
1059,ENSG00000125817,CENPB,centromere protein B,0.874817494,7.084987671,6.975579886,0.001044548,0.008342176,-1.313650318
7328,ENSG00000186591,UBE2H,ubiquitin conjugating enzyme E2 H,0.388553703,8.822447492,6.975129864,0.00104485,0.008342176,-1.343675844
57403,ENSG00000124209,RAB22A,"RAB22A, member RAS oncogene family",-0.271689064,6.339740298,-6.845353377,0.001045012,0.008342176,-1.3175811
345778,ENSG00000177034,MTX3,metaxin 3,-0.988123373,5.722817692,-6.9737217,0.001045796,0.008346088,-1.239562149
83699,ENSG00000198478,SH3BGRL2,SH3 domain binding glutamate rich protein like 2,-0.540455825,5.608657876,-6.971600979,0.001047223,0.008353471,-1.236264564
25998,ENSG00000005700,IBTK,inhibitor of Bruton tyrosine kinase,-0.745353323,6.369357824,-6.971472041,0.00104731,0.008353471,-1.286071196
283659,ENSG00000166450,PRTG,protogenin,-1.283346145,3.825123671,-6.970100736,0.001048233,0.008356829,-0.991608678
131544,ENSG00000080200,CRYBG3,crystallin beta-gamma domain containing 3,-2.11595973,4.255263578,-6.96997344,0.001048319,0.008356829,-1.026557506
101410537,NA,MAGEA8-AS1,MAGEA8 antisense RNA 1,-3.150446996,-3.642803536,-6.964085809,0.001052297,0.008386184,-0.064573944
1173,ENSG00000161203,AP2M1,adaptor related protein complex 2 subunit mu 1,0.496975782,8.770476612,6.963475766,0.00105271,0.008387123,-1.352036824
8763,ENSG00000135535,CD164,CD164 molecule,-0.714335445,7.826561521,-6.962714217,0.001053226,0.008388881,-1.34150131
7039,ENSG00000163235,TGFA,transforming growth factor alpha,0.610280231,6.469717909,6.961870733,0.001053798,0.008391083,-1.299863425
604,ENSG00000113916,BCL6,BCL6 transcription repressor,-0.896734726,6.342710095,-6.960514237,0.001054719,0.008396058,-1.291705105
6340,ENSG00000166828,SCNN1G,sodium channel epithelial 1 subunit gamma,-2.719191943,-0.242455626,-6.959606993,0.001055335,0.008396596,-0.18014695
23224,ENSG00000054654,SYNE2,spectrin repeat containing nuclear envelope protein 2,-1.281506896,6.307700048,-6.959305581,0.00105554,0.008396596,-1.286617494
11218,ENSG00000064703,DDX20,DEAD-box helicase 20,-0.299530305,4.269928516,-6.753411129,0.001055673,0.008396596,-1.150980162
8787,ENSG00000108370,RGS9,regulator of G protein signaling 9,2.374623309,-0.458863659,6.95783601,0.001056539,0.008401128,-0.166602152
83862,ENSG00000189077,TMEM120A,transmembrane protein 120A,1.079748204,5.30585631,6.956080992,0.001057734,0.008408275,-1.215200044
10254,ENSG00000115145,STAM2,signal transducing adaptor molecule 2,-0.760199067,4.852347772,-6.955331767,0.001058245,0.008409979,-1.172484392
3551,ENSG00000104365,IKBKB,inhibitor of nuclear factor kappa B kinase subunit beta,-0.473855868,5.486131079,-6.954488239,0.00105882,0.008410821,-1.23968305
56929,ENSG00000145780,FEM1C,fem-1 homolog C,-0.545532224,5.275512214,-6.954061419,0.001059111,0.008410821,-1.220719388
692089,ENSG00000212493,SNORD19,"small nucleolar RNA, C/D box 19",-4.317828237,-2.28831369,-6.953873617,0.001059239,0.008410821,-0.076630462
9677,ENSG00000168781,PPIP5K1,diphosphoinositol pentakisphosphate kinase 1,-0.618979045,3.965684582,-6.953287664,0.001059639,0.008411645,-1.049269396
2974,ENSG00000123201,GUCY1B2,guanylate cyclase 1 soluble subunit beta 2 (pseudogene),-1.566432057,1.5006232,-6.9527413,0.001060012,0.008412255,-0.489964947
55957,ENSG00000267796,LIN37,lin-37 DREAM MuvB core complex component,0.847780622,3.631892029,6.949518971,0.001062216,0.008426519,-0.987278023
65010,ENSG00000225697,SLC26A6,solute carrier family 26 member 6,-0.222192523,4.70158105,-6.682475905,0.001062403,0.008426519,-1.234256965
4194,ENSG00000198625,MDM4,MDM4 regulator of p53,-1.622431414,5.757326135,-6.947823821,0.001063377,0.008431892,-1.251832717
8315,ENSG00000089234,BRAP,BRCA1 associated protein,-0.854810374,4.717102079,-6.946084181,0.001064571,0.008434543,-1.161389457
51714,ENSG00000198843,SELENOT,selenoprotein T,-0.4536647,6.456830129,-6.945509546,0.001064966,0.008434543,-1.312346501
80131,ENSG00000171017,LRRC8E,leucine rich repeat containing 8 VRAC subunit E,0.312496346,4.858562199,6.829652612,0.001065187,0.008434543,-1.215859917
642517,ENSG00000204172,AGAP9,"ArfGAP with GTPase domain, ankyrin repeat and PH domain 9",-1.874076855,3.451149335,-6.944739161,0.001065495,0.008434543,-0.907788999
353,ENSG00000198931,APRT,adenine phosphoribosyltransferase,1.409800358,6.508262622,6.944559038,0.001065619,0.008434543,-1.307304765
201595,ENSG00000163527,STT3B,STT3 oligosaccharyltransferase complex catalytic subunit B,-0.606183907,7.614580024,-6.944507885,0.001065654,0.008434543,-1.351930138
92749,ENSG00000157856,DRC1,dynein regulatory complex subunit 1,-1.648512367,-2.074732495,-6.925267902,0.001065791,0.008434543,-0.091074062
997,ENSG00000099804,CDC34,"cell division cycle 34, ubiqiutin conjugating enzyme",1.196552293,6.646126085,6.943827706,0.001066122,0.008434807,-1.317133435
93974,ENSG00000130770,ATP5IF1,ATP synthase inhibitory factor subunit 1,1.188335262,5.647828577,6.943105623,0.001066618,0.008436386,-1.254385607
26003,ENSG00000115806,GORASP2,golgi reassembly stacking protein 2,0.442379331,7.21887252,6.941343075,0.001067832,0.008441449,-1.345835131
578,ENSG00000030110,BAK1,BCL2 antagonist/killer 1,0.868936762,5.100153345,6.941033027,0.001068046,0.008441449,-1.209476389
57099,ENSG00000169857,AVEN,apoptosis and caspase activation inhibitor,0.891934812,3.084565237,6.940881214,0.00106815,0.008441449,-0.881475712
57380,ENSG00000124532,MRS2,magnesium transporter MRS2,-0.454260053,5.23464364,-6.940003856,0.001068755,0.008442497,-1.228375902
3053,ENSG00000099937,SERPIND1,serpin family D member 1,-2.484065345,1.401423918,-6.939672566,0.001068984,0.008442497,-0.432135127
91351,ENSG00000181381,DDX60L,DExD/H-box 60 like,-0.718339574,4.738046276,-6.939395501,0.001069175,0.008442497,-1.171588603
4836,ENSG00000136448,NMT1,N-myristoyltransferase 1,0.350079381,7.092938882,6.937607823,0.001070409,0.008449895,-1.345274141
100996301,ENSG00000230798,FOXD3-AS1,FOXD3 antisense RNA 1,1.664071873,1.838123992,6.93683023,0.001070947,0.008451788,-0.571012165
51150,ENSG00000078808,SDF4,stromal cell derived factor 4,0.954404628,6.959817892,6.935888265,0.001071598,0.008454581,-1.338842973
11007,ENSG00000175602,CCDC85B,coiled-coil domain containing 85B,1.89459245,6.419589076,6.934791969,0.001072357,0.008458218,-1.302765748
11033,ENSG00000105963,ADAP1,ArfGAP with dual PH domains 1,1.070111544,5.393300712,6.933226535,0.001073442,0.008464422,-1.241020196
5090,ENSG00000167081,PBX3,PBX homeobox 3,0.78994244,2.115803037,6.931450948,0.001074674,0.008467296,-0.673547194
79007,ENSG00000003249,DBNDD1,dysbindin domain containing 1,0.711248981,5.420852428,6.931089114,0.001074925,0.008467296,-1.249985412
1739,ENSG00000075711,DLG1,discs large MAGUK scaffold protein 1,-0.403409735,6.294256189,-6.930995818,0.00107499,0.008467296,-1.314619951
255394,ENSG00000166046,TCP11L2,t-complex 11 like 2,-1.544253823,4.062841623,-6.930617811,0.001075253,0.008467296,-1.052498784
345757,ENSG00000174132,FAM174A,family with sequence similarity 174 member A,1.057206754,3.976511179,6.930553263,0.001075297,0.008467296,-1.058003703
613038,ENSG00000290692,LOC613038,SAGA complex associated factor 29 pseudogene,2.133561574,0.917984833,6.92871516,0.001076575,0.00847387,-0.369833868
100505876,ENSG00000218739,CEBPZOS,CEBPZ opposite strand,-0.693839077,5.639086861,-6.928494202,0.001076729,0.00847387,-1.270267414
4209,ENSG00000116604,MEF2D,myocyte enhancer factor 2D,0.536574674,6.601496975,6.927101531,0.001077699,0.008479151,-1.333350668
80235,ENSG00000119227,PIGZ,phosphatidylinositol glycan anchor biosynthesis class Z,0.772868766,2.792257422,6.925652822,0.001078708,0.008484744,-0.832536956
64236,ENSG00000120913,PDLIM2,PDZ and LIM domain 2,1.143578473,4.461706428,6.924556353,0.001079473,0.00848841,-1.136428595
391,ENSG00000177105,RHOG,ras homolog family member G,0.57504924,5.334186537,6.923660808,0.001080099,0.008490975,-1.249231757
64755,ENSG00000140688,RUSF1,RUS family member 1,0.817992397,5.935440044,6.922835063,0.001080676,0.008493159,-1.295977121
55347,ENSG00000144827,ABHD10,"abhydrolase domain containing 10, depalmitoylase",-0.92483819,6.761328449,-6.920951049,0.001081993,0.008501162,-1.342296167
222194,ENSG00000187257,RSBN1L,round spermatid basic protein 1 like,-0.66537533,3.857098192,-6.920216924,0.001082507,0.008502848,-1.054618056
100996307,ENSG00000213904,LIPE-AS1,LIPE antisense RNA 1,1.319560155,0.717123959,6.917992286,0.001084067,0.008512741,-0.370190082
10049,ENSG00000105993,DNAJB6,DnaJ heat shock protein family (Hsp40) member B6,0.372371459,6.924200194,6.916838554,0.001084876,0.008516744,-1.35544196
996,ENSG00000004897,CDC27,cell division cycle 27,-0.570800205,6.54921443,-6.914970518,0.001086189,0.008521458,-1.339734791
7029,ENSG00000114126,TFDP2,transcription factor Dp-2,-0.556457421,6.151081297,-6.914330421,0.001086639,0.008521458,-1.318075139
274,ENSG00000136717,BIN1,bridging integrator 1,1.034076059,6.024339244,6.914026381,0.001086853,0.008521458,-1.306827985
8028,ENSG00000078403,MLLT10,MLLT10 histone lysine methyltransferase DOT1L cofactor,-0.958226956,5.353095595,-6.913874641,0.00108696,0.008521458,-1.253408656
51278,ENSG00000162783,IER5,immediate early response 5,1.172202673,6.330942231,6.913849597,0.001086977,0.008521458,-1.324153221
25842,ENSG00000111875,ASF1A,anti-silencing function 1A histone chaperone,-0.471414201,4.754413668,-6.912389269,0.001088006,0.008527165,-1.197412927
8605,ENSG00000105499,PLA2G4C,phospholipase A2 group IVC,2.702373111,1.393703168,6.911584563,0.001088573,0.008529256,-0.443186926
11309,ENSG00000137491,SLCO2B1,solute carrier organic anion transporter family member 2B1,1.510916269,4.368495856,6.910857248,0.001089086,0.00853092,-1.120410601
92565,ENSG00000203780,FANK1,fibronectin type III and ankyrin repeat domains 1,-0.682926048,4.037200033,-6.910375959,0.001089425,0.008531227,-1.092537299
55315,ENSG00000198246,SLC29A3,solute carrier family 29 member 3,-0.857372839,4.168583428,-6.909249053,0.001090221,0.008534168,-1.110555989
81926,ENSG00000129968,ABHD17A,"abhydrolase domain containing 17A, depalmitoylase",0.742156065,5.746786761,6.908992564,0.001090402,0.008534168,-1.29333838
201305,ENSG00000182557,SPNS3,"SPNS lysolipid transporter 3, sphingosine-1-phosphate (putative)",-1.070265639,0.981526862,-6.90833385,0.001090867,0.008535458,-0.433565074
80217,ENSG00000197748,CFAP43,cilia and flagella associated protein 43,-1.239843392,2.502320818,-6.907690866,0.001091322,0.008536662,-0.762246465
57617,ENSG00000104142,VPS18,VPS18 core subunit of CORVET and HOPS complexes,0.730387619,4.294495948,6.906724712,0.001092005,0.008539655,-1.13557918
55633,ENSG00000065491,TBC1D22B,TBC1 domain family member 22B,0.439375665,4.74522217,6.904800559,0.001093368,0.008542062,-1.202742171
3843,ENSG00000065150,IPO5,importin 5,-0.509987726,7.834509445,-6.904719948,0.001093425,0.008542062,-1.386323035
78987,ENSG00000163703,CRELD1,cysteine rich with EGF like domains 1,0.849546606,5.303870827,6.904717771,0.001093426,0.008542062,-1.257755809
84964,ENSG00000239382,ALKBH6,alkB homolog 6,0.958920038,5.202832854,6.904173843,0.001093812,0.008542062,-1.246657222
7984,ENSG00000050327,ARHGEF5,Rho guanine nucleotide exchange factor 5,0.579499142,4.715026005,6.904166644,0.001093817,0.008542062,-1.197952452
79144,ENSG00000125534,PPDPF,pancreatic progenitor cell differentiation and proliferation factor,1.299392234,7.480888244,6.903595776,0.001094222,0.008542874,-1.376924973
644285,NA,LOC644285,uncharacterized LOC644285,-4.428562626,-1.1636885,-6.901603925,0.001095636,0.008551562,-0.146692876
9882,ENSG00000136111,TBC1D4,TBC1 domain family member 4,-0.797472551,4.527268854,-6.900628875,0.001096329,0.008554619,-1.172041465
2786,ENSG00000168243,GNG4,G protein subunit gamma 4,0.491213424,5.318260926,6.894815524,0.001100471,0.008582327,-1.270571827
10267,ENSG00000132329,RAMP1,receptor activity modifying protein 1,2.033279991,3.432885083,6.894797069,0.001100484,0.008582327,-0.933447774
55930,ENSG00000128833,MYO5C,myosin VC,-1.320360655,4.856281733,-6.893692569,0.001101273,0.008586123,-1.207444551
26017,ENSG00000105058,FAM32A,family with sequence similarity 32 member A,0.497934582,6.034036208,6.89288087,0.001101854,0.00858829,-1.327391379
134145,ENSG00000150756,ATPSCKMT,ATP synthase c subunit lysine N-methyltransferase,-1.031582565,3.340579568,-6.889541189,0.001104245,0.008603881,-0.968777034
80308,ENSG00000160688,FLAD1,flavin adenine dinucleotide synthetase 1,0.438243308,5.914161343,6.889241745,0.00110446,0.008603881,-1.322328926
126208,ENSG00000142409,ZNF787,zinc finger protein 787,0.793003771,6.838142051,6.888720076,0.001104834,0.008604431,-1.371479924
54466,ENSG00000147059,SPIN2A,spindlin family member 2A,-3.593989002,-3.424712025,-6.888298618,0.001105137,0.008604431,-0.110714977
64863,ENSG00000101574,METTL4,"methyltransferase 4, N6-adenosine",-0.906431256,3.641030751,-6.886260983,0.001106601,0.008611887,-1.034601177
160760,ENSG00000196850,PPTC7,protein phosphatase targeting COQ7,-0.831958811,5.211916442,-6.885715644,0.001106993,0.008611887,-1.263255963
8718,ENSG00000215788,TNFRSF25,TNF receptor superfamily member 25,-0.43705293,3.139597245,-6.797810216,0.001107004,0.008611887,-0.967683281
100271927,ENSG00000170667,RASA4B,RAS p21 protein activator 4B,1.155815546,2.360175014,6.883211418,0.001108795,0.008623458,-0.753977274
10023,ENSG00000165879,FRAT1,FRAT regulator of WNT signaling pathway 1,1.04855578,2.008540027,6.882286239,0.001109462,0.008624117,-0.677079123
5333,ENSG00000187091,PLCD1,phospholipase C delta 1,0.770389955,2.880786769,6.882251015,0.001109488,0.008624117,-0.8850403
6715,ENSG00000145545,SRD5A1,steroid 5 alpha-reductase 1,0.338425212,4.870149272,6.826158437,0.001110825,0.008632146,-1.250826757
55717,ENSG00000120008,WDR11,WD repeat domain 11,-0.534922556,5.444142832,-6.879127162,0.001111743,0.00863692,-1.293214588
5925,ENSG00000139687,RB1,RB transcriptional corepressor 1,-0.622347247,5.264084853,-6.878307179,0.001112336,0.008639162,-1.276674652
374659,ENSG00000184508,HDDC3,HD domain containing 3,1.267647965,4.558331162,6.874857985,0.001114834,0.008656197,-1.184422872
79735,ENSG00000104946,TBC1D17,TBC1 domain family member 17,0.706320695,6.113988267,6.873899284,0.00111553,0.008659229,-1.346015466
150946,ENSG00000157833,GAREM2,GRB2 associated regulator of MAPK1 subtype 2,0.687902861,3.525663235,6.872886393,0.001116265,0.00866257,-1.029237375
9125,ENSG00000144580,CNOT9,CCR4-NOT transcription complex subunit 9,-0.381566988,5.906764769,-6.871351126,0.001117381,0.008668859,-1.335651657
7538,ENSG00000128016,ZFP36,ZFP36 ring finger protein,1.04691486,4.93574896,6.870313312,0.001118136,0.008672347,-1.242273513
56996,ENSG00000146828,SLC12A9,solute carrier family 12 member 9,0.862176686,5.535199908,6.869561486,0.001118683,0.008674223,-1.305329872
55796,ENSG00000076770,MBNL3,muscleblind like splicing regulator 3,-1.229707274,4.964153812,-6.867989407,0.001119829,0.008679658,-1.242396391
255520,ENSG00000179387,ELMOD2,ELMO domain containing 2,-1.148937836,4.35855407,-6.867375764,0.001120276,0.008679658,-1.163995474
11339,ENSG00000104147,OIP5,Opa interacting protein 5,-0.827160944,1.976277001,-6.867341561,0.001120301,0.008679658,-0.687576334
27293,ENSG00000130768,SMPDL3B,sphingomyelin phosphodiesterase acid like 3B,0.756772144,5.037121098,6.866848242,0.001120661,0.008680078,-1.261152697
64598,ENSG00000106330,MOSPD3,motile sperm domain containing 3,1.139048342,4.638461456,6.864393539,0.001122454,0.008691595,-1.207432793
126792,ENSG00000176022,B3GALT6,"beta-1,3-galactosyltransferase 6",0.874692328,4.629244244,6.861955737,0.001124238,0.008703036,-1.214427493
101929613,NA,NA,NA,-1.204730569,3.21278784,-6.860489645,0.001125312,0.00870898,-0.956975501
50853,ENSG00000136059,VILL,villin like,0.455043221,4.983813973,6.855606492,0.0011289,0.008734322,-1.26760396
1856,ENSG00000004975,DVL2,dishevelled segment polarity protein 2,0.566912727,5.748388835,6.854724885,0.001129549,0.008734322,-1.3363156
118812,ENSG00000171160,MORN4,MORN repeat containing 4,0.530378544,5.094419396,6.854676579,0.001129585,0.008734322,-1.279271138
28956,ENSG00000116586,LAMTOR2,"late endosomal/lysosomal adaptor, MAPK and MTOR activator 2",1.213698402,5.208537503,6.854361135,0.001129817,0.008734322,-1.280667269
79962,ENSG00000178401,DNAJC22,DnaJ heat shock protein family (Hsp40) member C22,-0.408680818,3.282134562,-6.746274789,0.001130975,0.00874089,-1.027846601
4000,ENSG00000160789,LMNA,lamin A/C,0.746322787,9.010563139,6.850580336,0.001132607,0.008749144,-1.440280749
56260,ENSG00000288596,C8orf44,chromosome 8 putative open reading frame 44,-0.737755481,1.269809468,-6.783346874,0.001132659,0.008749144,-0.559366636
201158,ENSG00000175106,TVP23C,trans-golgi network vesicle protein 23 homolog C,-0.96152803,2.328439111,-6.845743853,0.001136188,0.008774017,-0.78106731
2029,ENSG00000143420,ENSA,endosulfine alpha,0.77554286,7.471263804,6.84448574,0.001137122,0.00877884,-1.425082092
27152,ENSG00000164066,INTU,inturned planar cell polarity protein,-1.575004955,2.352853018,-6.843582557,0.001137793,0.008780393,-0.760177636
54957,ENSG00000140830,TXNL4B,thioredoxin like 4B,-0.7511358,4.312789406,-6.842952671,0.001138261,0.008780393,-1.186215046
26985,ENSG00000185009,AP3M1,adaptor related protein complex 3 subunit mu 1,-0.530081012,6.667367614,-6.84269101,0.001138455,0.008780393,-1.401097482
79844,ENSG00000188818,ZDHHC11,zinc finger DHHC-type containing 11,-1.413227488,0.414280137,-6.842550355,0.00113856,0.008780393,-0.369509302
57234,ENSG00000291158,LINC00869,long intergenic non-protein coding RNA 869,1.355208236,2.658321561,6.84134097,0.00113946,0.00878387,-0.844045802
2177,ENSG00000144554,FANCD2,FA complementation group D2,-1.297671511,4.799997767,-6.841112738,0.001139629,0.00878387,-1.241286301
6000,ENSG00000182901,RGS7,regulator of G protein signaling 7,0.95115463,2.065794914,6.839730837,0.001140659,0.008789418,-0.725791796
84083,ENSG00000121988,ZRANB3,zinc finger RANBP2-type containing 3,-0.91844191,2.976514309,-6.839065944,0.001141154,0.008790852,-0.933583067
57708,ENSG00000198160,MIER1,MIER1 transcriptional regulator,-0.686010318,5.003264841,-6.838076233,0.001141893,0.008794081,-1.280286498
828,ENSG00000105519,CAPS,calcyphosine,0.951456781,5.063758229,6.837673703,0.001142193,0.008794081,-1.283375591
23743,ENSG00000132840,BHMT2,betaine--homocysteine S-methyltransferase 2,-4.176946587,-2.35955056,-6.836196418,0.001143296,0.00880019,-0.151692173
2068,ENSG00000104884,ERCC2,"ERCC excision repair 2, TFIIH core complex helicase subunit",0.614009004,4.964743272,6.835343326,0.001143934,0.008802712,-1.27939444
10385,ENSG00000124508,BTN2A2,butyrophilin subfamily 2 member A2,0.790430518,3.700185241,6.832992502,0.001145694,0.008811284,-1.090605604
84002,ENSG00000176597,B3GNT5,"UDP-GlcNAc:betaGal beta-1,3-N-acetylglucosaminyltransferase 5",-0.840237898,6.392220891,-6.832863391,0.00114579,0.008811284,-1.392663027
553115,ENSG00000162517,PEF1,penta-EF-hand domain containing 1,0.699141219,6.677374869,6.832611615,0.001145979,0.008811284,-1.408404901
10613,ENSG00000107566,ERLIN1,ER lipid raft associated 1,0.448890779,6.200137695,6.831788129,0.001146596,0.008812836,-1.38509208
54726,ENSG00000164164,OTUD4,OTU deubiquitinase 4,-0.660928945,5.594908845,-6.831514338,0.001146802,0.008812836,-1.341352875
6049,ENSG00000127870,RNF6,ring finger protein 6,-0.370087314,5.95887533,-6.829631597,0.001148215,0.008821308,-1.371354097
64221,ENSG00000154134,ROBO3,roundabout guidance receptor 3,0.960996197,0.720800267,6.826796232,0.001150347,0.008835297,-0.445886006
27092,ENSG00000075461,CACNG4,calcium voltage-gated channel auxiliary subunit gamma 4,0.790550634,5.215469768,6.825700241,0.001151172,0.008839245,-1.310654436
4539,ENSG00000212907,ND4L,NADH dehydrogenase subunit 4L,-2.461449691,9.706941071,-6.824821742,0.001151834,0.008841938,-1.461169412
10458,ENSG00000175866,BAIAP2,BAR/IMD domain containing adaptor protein 2,0.571878164,6.050044031,6.821473868,0.001154361,0.008858944,-1.383025953
285855,ENSG00000146223,RPL7L1,ribosomal protein L7 like 1,0.257379167,7.828820713,6.70776546,0.001156022,0.008868084,-1.481808001
5887,ENSG00000119318,RAD23B,"RAD23 homolog B, nucleotide excision repair protein",0.186522427,7.993503245,6.561477085,0.001156177,0.008868084,-1.523971631
284406,ENSG00000181007,ZFP82,ZFP82 zinc finger protein,-1.417742905,0.375591653,-6.818257742,0.001156795,0.008870431,-0.380714814
51116,ENSG00000122140,MRPS2,mitochondrial ribosomal protein S2,0.41838923,5.648779166,6.817791069,0.001157149,0.008870748,-1.358007368
863,ENSG00000129993,CBFA2T3,CBFA2/RUNX1 partner transcriptional co-repressor 3,0.895504681,2.899610105,6.816971582,0.001157771,0.008873116,-0.935241018
100132101,ENSG00000290912,HERC2P7,HERC2 pseudogene 7,-1.409924202,-1.745361587,-6.739652749,0.001158307,0.008874224,-0.195654997
51809,ENSG00000109586,GALNT7,polypeptide N-acetylgalactosaminyltransferase 7,-0.481506888,6.425207215,-6.815957389,0.00115854,0.008874224,-1.409947952
3292,ENSG00000108786,HSD17B1,hydroxysteroid 17-beta dehydrogenase 1,0.74356573,3.988714263,6.814597399,0.001159573,0.008879741,-1.156879683
23539,ENSG00000100156,SLC16A8,solute carrier family 16 member 8,-3.376987005,1.426794269,-6.813100603,0.001160711,0.00888512,-0.476131611
51374,ENSG00000138085,ATRAID,all-trans retinoic acid induced differentiation factor,0.936750581,6.443858528,6.812112005,0.001161464,0.00888512,-1.410840654
376267,ENSG00000139998,RAB15,"RAB15, member RAS oncogene family",-0.304255984,7.142633847,-6.797888312,0.001161568,0.00888512,-1.447057912
85236,ENSG00000197903,H2BC12,H2B clustered histone 12,0.768100889,6.543152959,6.81185446,0.00116166,0.00888512,-1.417549961
5164,ENSG00000005882,PDK2,pyruvate dehydrogenase kinase 2,0.818996836,4.903565481,6.811617753,0.00116184,0.00888512,-1.287943273
439921,ENSG00000182534,MXRA7,matrix remodeling associated 7,1.420725865,2.636258944,6.810912235,0.001162378,0.008886837,-0.859001012
100306951,ENSG00000236618,PITPNA-AS1,PITPNA antisense RNA 1,0.941932934,3.293477132,6.809386032,0.001163542,0.008893341,-1.024177932
84142,ENSG00000163322,ABRAXAS1,"abraxas 1, BRCA1 A complex subunit",-0.828060603,2.817406088,-6.806797705,0.001165518,0.008906054,-0.925898161
105369647,NA,LOC105369647,uncharacterized LOC105369647,-4.393530389,-1.304163277,-6.804287828,0.001167439,0.008918332,-0.206684007
5911,ENSG00000125249,RAP2A,"RAP2A, member of RAS oncogene family",-0.474775827,4.215268376,-6.803369912,0.001168143,0.008920574,-1.206771544
221079,ENSG00000165997,ARL5B,ADP ribosylation factor like GTPase 5B,-1.069707489,5.394590122,-6.803085017,0.001168361,0.008920574,-1.340670364
24140,ENSG00000068438,FTSJ1,FtsJ RNA 2'-O-methyltransferase 1,0.753798553,5.233076238,6.802030453,0.00116917,0.008924351,-1.331167732
146279,ENSG00000153060,TEKT5,tektin 5,-3.527586484,-2.144110874,-6.800378561,0.001170439,0.008931633,-0.181035374
6794,ENSG00000118046,STK11,serine/threonine kinase 11,0.913762264,5.90326958,6.799018067,0.001171485,0.008937213,-1.388120682
29916,ENSG00000002919,SNX11,sorting nexin 11,0.525955526,4.079887316,6.797707115,0.001172494,0.008942507,-1.189285202
3223,ENSG00000197757,HOXC6,homeobox C6,-1.309865001,2.275799522,-6.7971968,0.001172887,0.008943103,-0.792053873
100130519,ENSG00000188051,TMEM221,transmembrane protein 221,0.847417497,2.392461589,6.796061712,0.001173761,0.00894737,-0.837751131
348174,ENSG00000157322,CLEC18A,C-type lectin domain family 18 member A,-2.568348245,-2.107415108,-6.793612862,0.001175651,0.008959371,-0.186817171
10936,ENSG00000119737,GPR75,G protein-coupled receptor 75,-3.500811129,-0.551382756,-6.792685079,0.001176368,0.008962429,-0.265640436
399664,ENSG00000181588,MEX3D,mex-3 RNA binding family member D,0.755258267,5.692973678,6.789597167,0.001178758,0.008978228,-1.381033531
29990,ENSG00000121716,PILRB,paired immunoglobin like type 2 receptor beta,-2.403063934,-1.00148093,-6.78771957,0.001180214,0.008985606,-0.245071063
51083,ENSG00000069482,GAL,galanin and GMAP prepropeptide,1.354906429,2.729880746,6.787198016,0.001180619,0.008985606,-0.901217726
57018,ENSG00000163660,CCNL1,cyclin L1,-1.674472798,6.403704368,-6.786951595,0.00118081,0.008985606,-1.418772284
100129534,ENSG00000269896,LOC100129534,small nuclear ribonucleoprotein polypeptide N pseudogene,-1.567324216,2.526006379,-6.786716902,0.001180992,0.008985606,-0.843928748
100507577,NA,NA,NA,-2.355330554,1.258323483,-6.785593693,0.001181865,0.008989837,-0.52563668
651,ENSG00000152785,BMP3,bone morphogenetic protein 3,-2.097999415,-0.284180196,-6.784481351,0.00118273,0.008994008,-0.303941599
10206,ENSG00000204977,TRIM13,tripartite motif containing 13,-0.290044135,4.090327963,-6.560427678,0.001184234,0.008996785,-1.26432298
85012,ENSG00000196507,TCEAL3,transcription elongation factor A like 3,1.559709886,4.065900423,6.782226503,0.001184486,0.008996785,-1.167618231
388759,ENSG00000221953,LINC02897,long intergenic non-protein coding RNA 2897,1.842313904,-4.307794592,6.707145579,0.00118468,0.008996785,-0.189103838
100189110,NA,TRK-CTT2-4,tRNA-Lys (anticodon CTT) 2-4,1.842313904,-4.307794592,6.707145579,0.00118468,0.008996785,-0.189103838
5973,ENSG00000102032,RENBP,renin binding protein,1.842313904,-4.307794592,6.707145579,0.00118468,0.008996785,-0.189103838
6173,ENSG00000241343,RPL36A,ribosomal protein L36a,-2.384425722,2.206825391,-6.781505117,0.001185048,0.008997179,-0.72364995
57507,ENSG00000168916,ZNF608,zinc finger protein 608,-3.574260505,-3.422818715,-6.779374938,0.001186711,0.009007393,-0.179358458
26266,ENSG00000164707,SLC13A4,solute carrier family 13 member 4,-1.564885872,1.186308506,-6.772986611,0.001191713,0.009042946,-0.558686213
4007,ENSG00000012211,PRICKLE3,prickle planar cell polarity protein 3,0.427965075,4.702786896,6.769734517,0.00119427,0.009059922,-1.301515789
378805,ENSG00000231721,LINC-PINT,"long intergenic non-protein coding RNA, p53 induced transcript",-0.825148368,3.379892458,-6.768017216,0.001195622,0.009067759,-1.076487452
101928621,NA,NA,NA,-2.855905486,-0.290719173,-6.767280306,0.001196203,0.009069742,-0.310042784
54149,ENSG00000154642,C21orf91,chromosome 21 open reading frame 91,-1.791325398,1.562489229,-6.76546563,0.001197635,0.009078175,-0.631463924
9144,ENSG00000108639,SYNGR2,synaptogyrin 2,1.070281419,7.49789803,6.764230485,0.001198611,0.009080771,-1.486433084
55233,ENSG00000114978,MOB1A,MOB kinase activator 1A,-0.792970154,6.983823252,-6.764177194,0.001198653,0.009080771,-1.473092501
94032,ENSG00000163888,CAMK2N2,calcium/calmodulin dependent protein kinase II inhibitor 2,1.721478096,1.928637382,6.763818057,0.001198937,0.009080771,-0.719005539
440799,NA,P2RX6P,purinergic receptor P2X 6 pseudogene,1.862260272,0.508181882,6.762280277,0.001200153,0.009087562,-0.43200728
10980,ENSG00000168090,COPS6,COP9 signalosome subunit 6,1.037030097,6.6062047,6.760706443,0.0012014,0.009094576,-1.457934466
283551,ENSG00000214900,LINC01588,long intergenic non-protein coding RNA 1588,-1.136453653,3.223778339,-6.758304909,0.001203305,0.009106572,-1.04063876
730092,NA,RRN3P1,RRN3 pseudogene 1,-0.963246087,2.185954455,-6.75741072,0.001204016,0.009109519,-0.814778914
54522,ENSG00000134461,ANKRD16,ankyrin repeat domain 16,0.620694924,2.700847565,6.756659526,0.001204613,0.009111609,-0.944716706
65992,ENSG00000198171,DDRGK1,DDRGK domain containing 1,1.135890652,5.876466969,6.755843554,0.001205262,0.00911282,-1.417340504
23191,ENSG00000273749,CYFIP1,cytoplasmic FMR1 interacting protein 1,0.419899882,6.039480905,6.755337253,0.001205665,0.00911282,-1.434302285
9181,ENSG00000116584,ARHGEF2,Rho/Rac guanine nucleotide exchange factor 2,-0.165013105,7.29882583,-6.502109238,0.001205736,0.00911282,-1.560629602
1209,ENSG00000104853,CLPTM1,CLPTM1 regulator of GABA type A receptor forward trafficking,0.423758879,6.902829321,6.754462901,0.001206361,0.009115119,-1.479793849
10162,ENSG00000111684,LPCAT3,lysophosphatidylcholine acyltransferase 3,-0.297331505,6.099892911,-6.699049837,0.001208102,0.009125848,-1.454987156
80055,ENSG00000197121,PGAP1,post-GPI attachment to proteins inositol deacylase 1,-1.461372063,3.282785568,-6.750429548,0.001209579,0.00913457,-1.044322799
105369214,NA,NA,NA,-2.960014891,-3.731222655,-6.748739252,0.00121093,0.009142121,-0.19894822
3257,ENSG00000107521,HPS1,HPS1 biogenesis of lysosomal organelles complex 3 subunit 1,0.548741562,5.749947796,6.748373863,0.001211222,0.009142121,-1.418890421
5119,ENSG00000131165,CHMP1A,charged multivesicular body protein 1A,0.405634537,6.358466737,6.747720194,0.001211746,0.00914364,-1.459764038
8733,ENSG00000197858,GPAA1,glycosylphosphatidylinositol anchor attachment 1,0.909207627,7.034878278,6.746260047,0.001212916,0.009150036,-1.488204621
54843,ENSG00000137501,SYTL2,synaptotagmin like 2,-0.946638559,4.995265542,-6.745263105,0.001213715,0.009152051,-1.34706776
80830,ENSG00000221963,APOL6,apolipoprotein L6,-1.026637445,5.423692574,-6.744891075,0.001214014,0.009152051,-1.389268644
284069,ENSG00000161682,FAM171A2,family with sequence similarity 171 member A2,1.859002991,2.606880399,6.744721645,0.00121415,0.009152051,-0.878328663
100130449,ENSG00000218416,GPC1-AS1,GPC1 antisense RNA 1,1.58534358,1.646342876,6.743607819,0.001215044,0.009156126,-0.678393103
100996573,NA,NA,NA,-4.589419489,-0.1624515,-6.742927296,0.001215591,0.009156126,-0.312197248
4066,ENSG00000104903,LYL1,LYL1 basic helix-loop-helix family member,2.084034022,-4.184966993,6.742844089,0.001215658,0.009156126,-0.204908741
5583,ENSG00000027075,PRKCH,protein kinase C eta,0.232163892,5.630604593,6.501252743,0.00121702,0.009157411,-1.481808551
23423,ENSG00000166557,TMED3,transmembrane p24 trafficking protein 3,1.245795407,6.455745068,6.741131942,0.001217035,0.009157411,-1.463423344
140680,ENSG00000196476,C20orf96,chromosome 20 open reading frame 96,-0.637400045,4.892862172,-6.741100218,0.00121706,0.009157411,-1.343825158
55216,ENSG00000150776,NKAPD1,NKAP domain containing 1,-0.470904124,4.555953801,-6.740806677,0.001217297,0.009157411,-1.304436699
81622,ENSG00000110057,UNC93B1,"unc-93 homolog B1, TLR signaling regulator",0.37006465,6.39019258,6.74062765,0.001217441,0.009157411,-1.467223748
84541,ENSG00000163376,KBTBD8,kelch repeat and BTB domain containing 8,-2.295185,-2.489004647,-6.738794029,0.001218918,0.009166097,-0.213794153
7461,ENSG00000106665,CLIP2,CAP-Gly domain containing linker protein 2,0.988865076,5.851999994,6.735666395,0.001221443,0.009182653,-1.432893204
56896,ENSG00000157851,DPYSL5,dihydropyrimidinase like 5,-0.688064198,0.565282814,-6.509183924,0.001221868,0.009183415,-0.540826885
5582,ENSG00000126583,PRKCG,protein kinase C gamma,-0.404208704,2.796428675,-6.558844659,0.0012227,0.009187236,-1.03298373
100507308,ENSG00000227954,TARID,TCF21 antisense RNA inducing promoter demethylation,-3.048397825,-1.291751753,-6.732740389,0.001223811,0.009193153,-0.263538733
90952,ENSG00000149564,ESAM,endothelial cell adhesion molecule,1.066555121,2.635523666,6.732263917,0.001224197,0.009193621,-0.934578561
144811,ENSG00000179630,LACC1,laccase domain containing 1,-0.616454963,3.869288098,-6.731855954,0.001224528,0.009193673,-1.202454316
6443,ENSG00000163069,SGCB,sarcoglycan beta,-2.138462315,-0.545862934,-6.730391476,0.001225716,0.00920016,-0.320077274
4573,NA,TRNR,tRNA-Arg,-0.987151238,-0.330990569,-6.594494752,0.001226312,0.009202203,-0.376269253
10220,ENSG00000135414,GDF11,growth differentiation factor 11,0.479921205,3.292419027,6.72909493,0.001226769,0.009202246,-1.097281615
26229,ENSG00000149541,B3GAT3,"beta-1,3-glucuronyltransferase 3",0.94079896,5.333411392,6.728852302,0.001226966,0.009202246,-1.395043698
23545,ENSG00000185344,ATP6V0A2,ATPase H+ transporting V0 subunit a2,-0.841413345,3.999478696,-6.728313022,0.001227404,0.009203102,-1.222415388
54442,ENSG00000167977,KCTD5,potassium channel tetramerization domain containing 5,0.6133112,6.781067097,6.727160662,0.001228342,0.009207699,-1.495411879
78997,ENSG00000124194,GDAP1L1,ganglioside induced differentiation associated protein 1 like 1,-3.061707662,-1.693656127,-6.725398484,0.001229777,0.009216023,-0.248456602
9784,ENSG00000115234,SNX17,sorting nexin 17,0.788735987,6.678837627,6.723832075,0.001231054,0.00922316,-1.492339156
54940,ENSG00000109180,OCIAD1,OCIA domain containing 1,-0.539473526,6.84306812,-6.722552313,0.001232099,0.009228552,-1.501837959
9230,ENSG00000185236,RAB11B,"RAB11B, member RAS oncogene family",1.068300748,6.133472383,6.721271467,0.001233145,0.009233956,-1.462508028
375743,ENSG00000188647,PTAR1,protein prenyltransferase alpha subunit repeat containing 1,-1.688734014,5.075372088,-6.719341052,0.001234725,0.009240058,-1.357375303
124583,ENSG00000171302,CANT1,calcium activated nucleotidase 1,0.353020655,7.961145581,6.719252369,0.001234797,0.009240058,-1.531956185
10522,ENSG00000177030,DEAF1,DEAF1 transcription factor,0.695127316,4.272777003,6.718772882,0.00123519,0.009240058,-1.277976695
56998,ENSG00000178585,CTNNBIP1,catenin beta interacting protein 1,0.665060159,5.378977739,6.71868508,0.001235262,0.009240058,-1.410685404
25782,ENSG00000118873,RAB3GAP2,RAB3 GTPase activating non-catalytic protein subunit 2,-0.520770891,6.195265835,-6.718056244,0.001235777,0.009241478,-1.472720457
79033,ENSG00000117419,ERI3,ERI1 exoribonuclease family member 3,0.62834239,6.264477576,6.716230067,0.001237275,0.009250243,-1.47784689
101927040,ENSG00000249328,LOC101927040,uncharacterized LOC101927040,-1.830697236,-1.438048593,-6.715801559,0.001237627,0.00925039,-0.268419314
57665,ENSG00000240857,RDH14,retinol dehydrogenase 14,0.983846064,2.475096115,6.715412658,0.001237946,0.00925039,-0.91428247
1984,ENSG00000132507,EIF5A,eukaryotic translation initiation factor 5A,0.799522924,9.187719382,6.713157602,0.0012398,0.009261805,-1.548344825
150759,NA,LINC00342,long intergenic non-protein coding RNA 342,-3.385578336,1.890719076,-6.71059902,0.001241907,0.009273365,-0.637431818
166378,ENSG00000145375,AFG2A,AFG2 AAA ATPase homolog A,-0.950641212,1.752810487,-6.710485681,0.001242001,0.009273365,-0.751148014
101926926,ENSG00000250295,RDH10-AS1,RDH10 antisense RNA 1,-3.584495302,-2.114929756,-6.70843409,0.001243694,0.009282637,-0.24334388
6416,ENSG00000065559,MAP2K4,mitogen-activated protein kinase kinase 4,-0.354081184,5.340846608,-6.708188666,0.001243896,0.009282637,-1.417875298
533,ENSG00000117410,ATP6V0B,ATPase H+ transporting V0 subunit b,1.044391309,6.448464093,6.707741611,0.001244266,0.009282954,-1.491328079
29934,ENSG00000147164,SNX12,sorting nexin 12,0.443008436,5.853144385,6.707212562,0.001244703,0.009283777,-1.459082976
100131561,NA,FKSG29,FKSG29,-2.813746313,-3.277478318,-6.705908307,0.001245782,0.009289382,-0.226542661
11232,ENSG00000256525,POLG2,"DNA polymerase gamma 2, accessory subunit",-0.725475076,2.639356642,-6.705053345,0.001246489,0.009292219,-0.967022073
167153,ENSG00000164329,TENT2,terminal nucleotidyltransferase 2,-0.578775255,5.882368725,-6.704526646,0.001246926,0.009293032,-1.462481539
5425,ENSG00000106628,POLD2,"DNA polymerase delta 2, accessory subunit",0.892165349,6.46748514,6.703619845,0.001247677,0.009296192,-1.496977151
80746,ENSG00000154743,TSEN2,tRNA splicing endonuclease subunit 2,-0.896598072,4.102176385,-6.701408541,0.001249512,0.0093069,-1.259239402
10446,ENSG00000170382,LRRN2,leucine rich repeat neuronal 2,0.573549327,4.437391294,6.70109798,0.00124977,0.0093069,-1.318129528
10412,ENSG00000164346,NSA2,NSA2 ribosome biogenesis factor,-0.430200912,6.25363957,-6.700475193,0.001250287,0.009308312,-1.490419065
3851,ENSG00000170477,KRT4,keratin 4,-3.544750636,-1.335994403,-6.699924441,0.001250745,0.00930928,-0.281969626
6434,ENSG00000136527,TRA2B,transformer 2 beta homolog,-0.992639569,6.398472447,-6.695996885,0.001254015,0.009331176,-1.498134707
8754,ENSG00000168615,ADAM9,ADAM metallopeptidase domain 9,-0.602551522,7.996393942,-6.695232911,0.001254653,0.009333473,-1.55094887
10621,ENSG00000132664,POLR3F,RNA polymerase III subunit F,-0.70795048,3.720271666,-6.694507684,0.001255258,0.00933553,-1.202658777
4519,ENSG00000198727,CYTB,cytochrome b,-1.588268389,11.12564818,-6.693062279,0.001256466,0.009342064,-1.567187044
53918,ENSG00000152684,PELO,pelota mRNA surveillance and ribosome rescue factor,0.740837875,5.963958696,6.691570856,0.001257713,0.009348892,-1.477478495
1259,ENSG00000198515,CNGA1,cyclic nucleotide gated channel subunit alpha 1,-0.810531256,2.850578711,-6.689567328,0.001259391,0.009358297,-1.024515424
23097,ENSG00000155111,CDK19,cyclin dependent kinase 19,-0.817492181,5.517673052,-6.689204041,0.001259696,0.009358297,-1.444042303
6542,ENSG00000003989,SLC7A2,solute carrier family 7 member 2,-1.188902389,1.803821869,-6.68837895,0.001260388,0.009358297,-0.771079583
140576,ENSG00000188643,S100A16,S100 calcium binding protein A16,0.895111148,8.045035952,6.688296614,0.001260457,0.009358297,-1.556557999
120227,ENSG00000186104,CYP2R1,cytochrome P450 family 2 subfamily R member 1,-0.568982688,2.754104838,-6.688094818,0.001260626,0.009358297,-1.010268191
26789,ENSG00000207031,SNORD59A,"small nucleolar RNA, C/D box 59A",-3.30819614,-3.56822704,-6.687526716,0.001261103,0.00935939,-0.237944948
55071,ENSG00000135045,C9orf40,chromosome 9 open reading frame 40,0.98021908,3.461831267,6.686635717,0.001261852,0.009362497,-1.152256314
1431,ENSG00000062485,CS,citrate synthase,-0.450320315,7.653411807,-6.685773788,0.001262576,0.009365424,-1.553293911
84967,ENSG00000181817,LSM10,"LSM10, U7 small nuclear RNA associated",1.166841233,4.337012059,6.684403953,0.001263728,0.009371524,-1.302574791
83850,ENSG00000158220,ESYT3,extended synaptotagmin 3,-0.767236039,2.759003325,-6.682977028,0.00126493,0.009376916,-1.009996747
10126,ENSG00000100246,DNAL4,dynein axonemal light chain 4,0.736923847,6.104488922,6.6825998,0.001265248,0.009376916,-1.493821519
7869,ENSG00000012171,SEMA3B,semaphorin 3B,0.267338394,6.006203904,6.565880003,0.001265446,0.009376916,-1.521097536
1890,ENSG00000025708,TYMP,thymidine phosphorylase,1.195182729,5.360889081,6.68179435,0.001265927,0.009378032,-1.430290461
2542,ENSG00000137700,SLC37A4,solute carrier family 37 member 4,0.616189646,4.441070581,6.679919379,0.00126751,0.009386694,-1.334503595
10942,ENSG00000007038,PRSS21,serine protease 21,0.760343937,6.963883363,6.679626041,0.001267757,0.009386694,-1.538930564
3070,ENSG00000119969,HELLS,"helicase, lymphoid specific",-1.309541586,3.398663836,-6.678268754,0.001268905,0.009392739,-1.132166199
285605,ENSG00000169570,DTWD2,DTW domain containing 2,-0.960712283,3.04670754,-6.674067894,0.001272464,0.009416628,-1.074962323
5787,ENSG00000127329,PTPRB,protein tyrosine phosphatase receptor type B,-1.249649459,2.051273508,-6.673566401,0.001272889,0.009417324,-0.836969527
151246,ENSG00000163535,SGO2,shugoshin 2,-1.492661908,3.871608751,-6.67213346,0.001274106,0.009423873,-1.220719606
10985,ENSG00000089154,GCN1,GCN1 activator of EIF2AK4,-0.669532301,7.797436871,-6.671681762,0.00127449,0.009424258,-1.566349183
51592,ENSG00000197323,TRIM33,tripartite motif containing 33,-1.234914668,7.461283256,-6.671091609,0.001274992,0.009425515,-1.557272137
4695,ENSG00000131495,NDUFA2,NADH:ubiquinone oxidoreductase subunit A2,1.4434825,4.895480775,6.669617353,0.001276247,0.009430035,-1.383108944
5141,ENSG00000065989,PDE4A,phosphodiesterase 4A,0.777855081,5.405063991,6.669592682,0.001276268,0.009430035,-1.450297168
123722,ENSG00000186628,FSD2,fibronectin type III and SPRY domain containing 2,-3.337048354,-1.027826897,-6.667408194,0.00127813,0.009439341,-0.323573107
374986,ENSG00000180488,MIGA1,mitoguardin 1,-0.586789979,4.846817878,-6.667335102,0.001278192,0.009439341,-1.39684381
96764,ENSG00000137574,TGS1,trimethylguanosine synthase 1,-0.493812363,4.479387995,-6.666211117,0.001279151,0.009443969,-1.352136426
835,ENSG00000106144,CASP2,caspase 2,-0.771404547,5.109928986,-6.664948391,0.00128023,0.009449477,-1.425179088
100131801,ENSG00000229833,PET100,PET100 cytochrome c oxidase chaperone,2.215149277,2.745637883,6.664220358,0.001280853,0.009451614,-0.948925281
81550,ENSG00000083544,TDRD3,tudor domain containing 3,-0.468195851,3.975042035,-6.663358486,0.00128159,0.009454598,-1.276927706
503639,ENSG00000244306,DUXAP10,double homeobox A pseudogene 10,-1.758482419,-0.16763542,-6.662852694,0.001282023,0.009455336,-0.406621269
284439,ENSG00000181035,SLC25A42,solute carrier family 25 member 42,0.543987091,3.132297679,6.662003043,0.001282751,0.009458246,-1.114965687
114825,ENSG00000170234,PWWP2A,PWWP domain containing 2A,-0.439534568,4.121726938,-6.661151663,0.00128348,0.009461169,-1.303296239
55160,ENSG00000074964,ARHGEF10L,Rho guanine nucleotide exchange factor 10 like,0.532531119,4.98872372,6.660408212,0.001284118,0.009463412,-1.419210016
92558,ENSG00000135127,BICDL1,BICD family like cargo adaptor 1,-0.882192646,5.553265532,-6.659953265,0.001284508,0.009463832,-1.469376001
5592,ENSG00000185532,PRKG1,protein kinase cGMP-dependent 1,-3.146088404,-3.642803536,-6.658346829,0.001285888,0.009464754,-0.256653314
3603,ENSG00000172349,IL16,interleukin 16,-3.146088404,-3.642803536,-6.658346829,0.001285888,0.009464754,-0.256653314
7392,ENSG00000105698,USF2,"upstream transcription factor 2, c-fos interacting",0.864422243,6.433301447,6.657822005,0.001286339,0.009464754,-1.531427677
4549,NA,RNR1,s-rRNA,0.899611011,10.74533147,6.65781888,0.001286341,0.009464754,-1.596861117
80067,ENSG00000115827,DCAF17,DDB1 and CUL4 associated factor 17,-0.764265486,4.712587284,-6.657162312,0.001286906,0.009464754,-1.38585601
5438,ENSG00000105258,POLR2I,RNA polymerase II subunit I,1.336222838,5.157034299,6.656770893,0.001287243,0.009464754,-1.426226704
26127,ENSG00000111790,FGFR1OP2,FGFR1 oncogene partner 2,-0.955461225,5.250862382,-6.656090226,0.001287828,0.009464754,-1.443608337
90806,ENSG00000174606,ANGEL2,angel homolog 2,-1.093430413,4.530636651,-6.655736523,0.001288133,0.009464754,-1.355041891
56983,ENSG00000163389,POGLUT1,protein O-glucosyltransferase 1,-0.719959961,3.539087521,-6.655555836,0.001288288,0.009464754,-1.198326487
26093,ENSG00000105321,CCDC9,coiled-coil domain containing 9,1.118352267,4.803638016,6.65551934,0.00128832,0.009464754,-1.391632055
2268,ENSG00000000938,FGR,"FGR proto-oncogene, Src family tyrosine kinase",3.308588666,-3.579330548,6.654877687,0.001288872,0.009464754,-0.258979603
54785,ENSG00000196544,BORCS6,BLOC-1 related complex subunit 6,1.599432824,3.641508653,6.654843411,0.001288902,0.009464754,-1.186499369
158219,ENSG00000155158,TTC39B,tetratricopeptide repeat domain 39B,-0.86578846,3.016822348,-6.654354331,0.001289323,0.009464754,-1.086728582
54529,ENSG00000138381,ASNSD1,asparagine synthetase domain containing 1,-0.291752313,4.189360684,-6.467862947,0.00128944,0.009464754,-1.371787545
6812,ENSG00000136854,STXBP1,syntaxin binding protein 1,0.541052722,5.113790834,6.653995156,0.001289633,0.009464754,-1.437310665
23216,ENSG00000065882,TBC1D1,TBC1 domain family member 1,0.578619186,7.152116183,6.652444966,0.00129097,0.009472121,-1.567480689
79149,ENSG00000131848,ZSCAN5A,zinc finger and SCAN domain containing 5A,-1.054128826,2.117380667,-6.65146467,0.001291817,0.009475884,-0.877501864
80254,ENSG00000182923,CEP63,centrosomal protein 63,-0.830231632,4.043727596,-6.646026238,0.001296526,0.009507966,-1.294784956
60681,ENSG00000141756,FKBP10,FKBP prolyl isomerase 10,0.747630021,7.106221573,6.645005872,0.001297411,0.009512005,-1.571117481
2053,ENSG00000120915,EPHX2,epoxide hydrolase 2,1.516724372,2.187612263,6.642587857,0.001299513,0.009522546,-0.8811539
57594,ENSG00000290292,HOMEZ,homeobox and leucine zipper encoding,0.277983356,4.275737437,6.434970378,0.00129952,0.009522546,-1.400579228
163183,ENSG00000181392,SYNE4,spectrin repeat containing nuclear envelope family member 4,1.060660512,5.127408816,6.641718964,0.001300269,0.009524035,-1.440825468
129530,ENSG00000144214,LYG1,lysozyme g1,-1.687924164,0.374494609,-6.641575834,0.001300394,0.009524035,-0.503683148
84769,ENSG00000254858,MPV17L2,MPV17 mitochondrial inner membrane protein like 2,1.233365549,4.09628329,6.637386478,0.001304048,0.009548334,-1.298682347
28970,ENSG00000182919,C11orf54,chromosome 11 open reading frame 54,-0.531439642,5.0644417,-6.636510248,0.001304814,0.009551478,-1.445863061
84904,ENSG00000137135,ARHGEF39,Rho guanine nucleotide exchange factor 39,-1.068611526,2.629639283,-6.633411836,0.001307526,0.009568864,-1.009004766
1397,ENSG00000182809,CRIP2,cysteine rich protein 2,0.921983813,5.587817606,6.632873143,0.001307998,0.009569854,-1.493484282
1520,ENSG00000163131,CTSS,cathepsin S,0.929113526,3.530017845,6.630892158,0.001309736,0.009580103,-1.211161893
170506,ENSG00000174953,DHX36,DEAH-box helicase 36,-0.369574735,5.285057129,-6.625480657,0.001314499,0.009612462,-1.47773923
54888,ENSG00000037474,NSUN2,NOP2/Sun RNA methyltransferase 2,-0.287866069,7.437374616,-6.600248038,0.00131502,0.009613801,-1.604065361
54583,ENSG00000135766,EGLN1,egl-9 family hypoxia inducible factor 1,-0.46507692,5.759245005,-6.623848236,0.001315939,0.009618044,-1.517706806
646762,NA,LOC646762,uncharacterized LOC646762,-0.693461315,4.220873672,-6.62319398,0.001316517,0.009619791,-1.344410129
4289,ENSG00000128585,MKLN1,muskelin 1,-0.687008739,6.506706835,-6.621343075,0.001318154,0.009629272,-1.565245755
129831,ENSG00000155636,RBM45,RNA binding motif protein 45,-0.741388949,3.225245146,-6.619850451,0.001319476,0.009636447,-1.162411862
246754,NA,MTVR2,mouse mammary tumor virus receptor homolog 2,-2.958280981,-3.731222655,-6.619344937,0.001319923,0.00963724,-0.281772378
475,ENSG00000177556,ATOX1,antioxidant 1 copper chaperone,1.298586124,6.060238809,6.618012911,0.001321105,0.009643385,-1.536324966
29774,ENSG00000290696,POM121L9P,"POM121 transmembrane nucleoporin like 9, pseudogene",4.116468424,-2.114666683,6.617167306,0.001321855,0.009646383,-0.304525514
113230,ENSG00000141854,MISP3,MISP family member 3,1.313336842,2.667104046,6.614375324,0.001324337,0.009660451,-1.022996628
51085,ENSG00000009950,MLXIPL,MLX interacting protein like,-0.643971209,3.568792484,-6.614083626,0.001324596,0.009660451,-1.238537038
729970,NA,CNN3-DT,CNN3 divergent transcript,0.557227879,3.098020563,6.613721457,0.001324919,0.009660451,-1.145083889
8535,ENSG00000141582,CBX4,chromobox 4,0.544847367,6.513075663,6.613468572,0.001325144,0.009660451,-1.572938613
64240,ENSG00000138075,ABCG5,ATP binding cassette subfamily G member 5,-3.628172662,-2.096395293,-6.612708701,0.001325821,0.009662905,-0.308952592
5813,ENSG00000185129,PURA,purine rich element binding protein A,-0.563715774,4.771547832,-6.612286441,0.001326197,0.009663167,-1.43157543
8669,ENSG00000104131,EIF3J,eukaryotic translation initiation factor 3 subunit J,-0.398157918,6.080685929,-6.611759951,0.001326666,0.009664107,-1.549771807
64582,ENSG00000181619,GPR135,G protein-coupled receptor 135,-1.719065694,3.932072767,-6.61010028,0.001328147,0.009672413,-1.268796064
144455,ENSG00000165891,E2F7,E2F transcription factor 7,-1.940030967,0.724105611,-6.609643147,0.001328555,0.009672905,-0.578825262
100862671,ENSG00000281991,TMEM265,transmembrane protein 265,1.395616082,5.532500767,6.608979019,0.001329149,0.009674744,-1.500209855
6776,ENSG00000126561,STAT5A,signal transducer and activator of transcription 5A,0.974390222,2.853046148,6.607695238,0.001330296,0.009679722,-1.084567431
3977,ENSG00000113594,LIFR,LIF receptor subunit alpha,-1.065795947,3.475515722,-6.607451668,0.001330514,0.009679722,-1.213078491
29086,ENSG00000105393,BABAM1,BRISC and BRCA1 A complex member 1,0.7402266,6.729650094,6.606529376,0.00133134,0.009681788,-1.58741043
51306,ENSG00000031003,FAM13B,family with sequence similarity 13 member B,-1.350122863,4.300688459,-6.60637258,0.00133148,0.009681788,-1.351019661
79660,ENSG00000173281,PPP1R3B,protein phosphatase 1 regulatory subunit 3B,-0.578681615,3.404352072,-6.604872948,0.001332824,0.009687342,-1.214693789
83935,NA,NA,NA,-1.498542129,2.271168252,-6.604445523,0.001333207,0.009687342,-0.930154748
128153,ENSG00000162814,SPATA17,spermatogenesis associated 17,-0.980443775,1.58532829,-6.604378286,0.001333268,0.009687342,-0.793662867
51073,ENSG00000105364,MRPL4,mitochondrial ribosomal protein L4,0.987604854,6.57856731,6.603874159,0.00133372,0.009688149,-1.580379624
23528,ENSG00000162702,ZNF281,zinc finger protein 281,-0.521419393,5.752841236,-6.602815078,0.001334671,0.009692576,-1.53359233
9577,ENSG00000158019,BABAM2,BRISC and BRCA1 A complex member 2,0.657041555,5.884408863,6.602109021,0.001335305,0.009694702,-1.54306637
6491,ENSG00000123473,STIL,STIL centriolar assembly protein,-0.779045059,4.99535812,-6.599968559,0.00133723,0.009706196,-1.464114765
9851,ENSG00000198920,KIAA0753,KIAA0753,-1.104727616,5.585474536,-6.598134792,0.001338882,0.009715702,-1.517996642
5695,ENSG00000136930,PSMB7,proteasome 20S subunit beta 7,0.79602233,6.627409547,6.596838065,0.001340051,0.009720861,-1.59003612
388650,ENSG00000154511,DIPK1A,divergent protein kinase domain 1A,0.631963621,4.265523752,6.596587575,0.001340277,0.009720861,-1.374128087
10056,ENSG00000116120,FARSB,phenylalanyl-tRNA synthetase subunit beta,0.26302138,6.413105591,6.496252017,0.001341202,0.009725085,-1.610341568
85457,ENSG00000198894,CIPC,CLOCK interacting pacemaker,-0.799675657,5.949066028,-6.59099779,0.001345333,0.009752551,-1.555283313
84267,ENSG00000165118,QNG1,Q-nucleotide N-glycosylase 1,0.437996129,4.546597921,6.590305052,0.001345962,0.009754614,-1.422176786
25837,ENSG00000167964,RAB26,"RAB26, member RAS oncogene family",-0.511701852,4.949090736,-6.588941716,0.001347199,0.00976109,-1.471279926
7110,ENSG00000144747,TMF1,TATA element modulatory factor 1,-0.947635168,5.488771495,-6.58765362,0.001348369,0.009767077,-1.520090477
10567,ENSG00000105404,RABAC1,Rab acceptor 1,1.698450345,6.824860485,6.586051193,0.001349827,0.009775141,-1.597355183
55857,ENSG00000088970,KIZ,kizuna centrosomal protein,-0.604033896,3.086768932,-6.585521809,0.001350309,0.009776138,-1.163345226
155060,ENSG00000290600,LOC155060,AI894139 pseudogene,-0.587860289,2.294468871,-6.578196755,0.00135106,0.009777716,-0.986164443
5027,ENSG00000089041,P2RX7,purinergic receptor P2X 7,-1.98762632,-2.634412972,-6.584484914,0.001351253,0.009777716,-0.314604501
7095,ENSG00000008952,SEC62,"SEC62 homolog, preprotein translocation factor",-0.549298431,6.503407395,-6.58397027,0.001351722,0.009777716,-1.595695804
55070,ENSG00000140543,DET1,DET1 partner of COP1 E3 ubiquitin ligase,-1.230346288,2.276619033,-6.583770895,0.001351904,0.009777716,-0.959589195
153830,ENSG00000145860,RNF145,ring finger protein 145,-0.310181409,7.008527119,-6.580933795,0.001354494,0.009793953,-1.620530291
7587,ENSG00000075407,ZNF37A,zinc finger protein 37A,-1.194873935,3.65201616,-6.577913643,0.001357257,0.009811437,-1.266033176
55096,ENSG00000255423,EBLN2,endogenous Bornavirus like nucleoprotein 2,-2.75544969,-1.384461367,-6.576629561,0.001358434,0.009817445,-0.368483282
1742,ENSG00000132535,DLG4,discs large MAGUK scaffold protein 4,0.702398884,6.007459568,6.573755091,0.001361073,0.009834015,-1.573840729
6282,ENSG00000163191,S100A11,S100 calcium binding protein A11,1.028887981,8.617591175,6.573319965,0.001361473,0.009834403,-1.653970916
100505547,NA,LINC01208,long intergenic non-protein coding RNA 1208,-2.015726664,1.447367895,-6.567923544,0.001366446,0.009867614,-0.747769811
11215,ENSG00000023516,AKAP11,A-kinase anchoring protein 11,-0.754968655,6.687108148,-6.567577005,0.001366766,0.009867614,-1.616174411
84061,ENSG00000102158,MAGT1,magnesium transporter 1,0.295552781,6.875637806,6.551951788,0.001368365,0.00987493,-1.631736876
57092,ENSG00000081154,PCNP,PEST proteolytic signal containing nuclear protein,-0.911229009,7.562139782,-6.565569062,0.001368623,0.00987493,-1.645166509
3860,ENSG00000171401,KRT13,keratin 13,-5.399146303,-0.644262116,-6.565352604,0.001368823,0.00987493,-0.396214625
1613,ENSG00000167657,DAPK3,death associated protein kinase 3,1.078868847,5.22558383,6.564764277,0.001369367,0.009876349,-1.511633069
10998,ENSG00000083807,SLC27A5,solute carrier family 27 member 5,1.334456644,3.748038906,6.563960991,0.001370111,0.009879205,-1.290742839
64220,ENSG00000137868,STRA6,signaling receptor and transporter of retinol STRA6,0.303795061,7.260863695,6.563539544,0.001370502,0.009879512,-1.641937375
151649,ENSG00000183977,PP2D1,protein phosphatase 2C like domain containing 1,-2.624462956,-0.830052738,-6.56280831,0.00137118,0.00988189,-0.415988209
4218,ENSG00000167461,RAB8A,"RAB8A, member RAS oncogene family",0.318817019,5.97579798,6.560621549,0.001373209,0.009893825,-1.583817918
1299,ENSG00000092758,COL9A3,collagen type IX alpha 3 chain,0.943740501,3.753625321,6.560273484,0.001373533,0.009893825,-1.308948419
9034,ENSG00000121797,CCRL2,C-C motif chemokine receptor like 2,-4.128989719,-2.613155216,-6.558292015,0.001375375,0.009904584,-0.331294786
101928891,ENSG00000237476,LINC01637,long intergenic non-protein coding RNA 1637,1.163423192,1.84682941,6.557541558,0.001376074,0.009907103,-0.884352149
54977,ENSG00000144659,SLC25A38,solute carrier family 25 member 38,0.847821323,5.332577889,6.555218498,0.001378239,0.009920176,-1.5333233
116984,ENSG00000047365,ARAP2,"ArfGAP with RhoGAP domain, ankyrin repeat and PH domain 2",-0.74388923,5.35621936,-6.552803798,0.001380494,0.009929741,-1.53848303
348793,ENSG00000185798,WDR53,WD repeat domain 53,0.571734991,4.210833252,6.552430773,0.001380843,0.009929741,-1.401651737
10721,ENSG00000051341,POLQ,DNA polymerase theta,-1.416334906,3.343058016,-6.552321839,0.001380945,0.009929741,-1.214235199
3268,ENSG00000106351,AGFG2,ArfGAP with FG repeats 2,0.679361768,4.835000629,6.552298179,0.001380967,0.009929741,-1.485594424
84622,ENSG00000180626,ZNF594,zinc finger protein 594,-1.869019953,3.212355572,-6.548327564,0.001384686,0.009953962,-1.164005791
221908,ENSG00000160813,PPP1R35,protein phosphatase 1 regulatory subunit 35,1.038195069,5.053458693,6.547689633,0.001385284,0.009955745,-1.507993305
64218,ENSG00000196189,SEMA4A,semaphorin 4A,0.555185615,5.347449854,6.545170848,0.001387651,0.009968421,-1.546038848
6494,ENSG00000213445,SIPA1,signal-induced proliferation-associated 1,0.864634038,5.490125676,6.54480246,0.001387997,0.009968421,-1.555702184
57684,ENSG00000171448,ZBTB26,zinc finger and BTB domain containing 26,-1.333560098,3.286640141,-6.544692032,0.001388101,0.009968421,-1.212467638
374618,ENSG00000151575,TEX9,testis expressed 9,-1.442020363,1.545317155,-6.543368825,0.001389347,0.009974843,-0.814591126
113201,ENSG00000166734,GOLM2,golgi membrane protein 2,-0.465275149,7.114140741,-6.542660594,0.001390014,0.009977111,-1.653946154
10623,ENSG00000186141,POLR3C,RNA polymerase III subunit C,-0.431197706,4.964005804,-6.541164161,0.001391425,0.009981636,-1.511741669
85461,ENSG00000115183,TANC1,"tetratricopeptide repeat, ankyrin repeat and coiled-coil containing 1",-0.971146914,5.247922935,-6.540688552,0.001391874,0.009981636,-1.53450983
10401,ENSG00000131788,PIAS3,protein inhibitor of activated STAT 3,0.182786045,5.802648541,6.302190614,0.001392027,0.009981636,-1.65524497
8545,ENSG00000163320,CGGBP1,CGG triplet repeat binding protein 1,-0.727900011,4.484930872,-6.540501487,0.001392051,0.009981636,-1.448472894
79919,ENSG00000172478,MAB21L4,mab-21 like 4,1.111134016,3.143829442,6.539027633,0.001393443,0.009989096,-1.197026352
100505767,ENSG00000205482,SPDYE18,speedy/RINGO cell cycle regulator family member E18,-2.639497857,-1.528030194,-6.536741769,0.001395605,0.010002073,-0.388720868
10840,ENSG00000144908,ALDH1L1,aldehyde dehydrogenase 1 family member L1,1.480388098,2.579355745,6.534634813,0.001397602,0.010012021,-1.057499465
1736,ENSG00000130826,DKC1,dyskerin pseudouridine synthase 1,0.50137186,6.983178862,6.534533137,0.001397699,0.010012021,-1.656124854
8554,ENSG00000033800,PIAS1,protein inhibitor of activated STAT 1,-0.644045153,4.860889994,-6.532788731,0.001399354,0.010021355,-1.504321975
26151,ENSG00000109065,NAT9,N-acetyltransferase 9 (putative),0.56319352,4.873334597,6.531469856,0.001400608,0.010027802,-1.508236436
348235,ENSG00000182628,SKA2,spindle and kinetochore associated complex subunit 2,-0.700410983,4.606916005,-6.529799184,0.001402198,0.01003051,-1.474379147
51079,ENSG00000186010,NDUFA13,NADH:ubiquinone oxidoreductase subunit A13,1.852198883,5.682820917,6.52973456,0.001402259,0.01003051,-1.567033418
51012,ENSG00000101166,PRELID3B,PRELI domain containing 3B,-1.101297406,6.434180732,-6.529498701,0.001402484,0.01003051,-1.630970847
100847013,ENSG00000264580,MIR5692B,microRNA 5692b,-3.216691969,-3.60607466,-6.529429066,0.00140255,0.01003051,-0.340843483
54899,ENSG00000168297,PXK,PX domain containing serine/threonine kinase like,-0.87330096,4.343976653,-6.529216823,0.001402752,0.01003051,-1.433792172
8479,ENSG00000149929,HIRIP3,HIRA interacting protein 3,0.988152763,3.376133786,6.528520428,0.001403416,0.010032729,-1.259059501
10527,ENSG00000205339,IPO7,importin 7,-0.635361213,8.029230068,-6.527423556,0.001404462,0.010037679,-1.684485769
25907,ENSG00000249992,TMEM158,transmembrane protein 158,1.211701765,2.682194676,6.526668071,0.001405183,0.010040305,-1.099703298
83461,ENSG00000111665,CDCA3,cell division cycle associated 3,-1.251017624,4.376579202,-6.525936664,0.001405881,0.010042374,-1.430753312
5781,ENSG00000179295,PTPN11,protein tyrosine phosphatase non-receptor type 11,-0.768666581,7.912679878,-6.525624243,0.00140618,0.010042374,-1.684004638
163732,ENSG00000179862,CITED4,Cbp/p300 interacting transactivator with Glu/Asp rich carboxy-terminal domain 4,1.931934841,4.303773665,6.524667301,0.001407095,0.010046379,-1.392244267
7871,ENSG00000163681,SLMAP,sarcolemma associated protein,-0.452670298,6.479801297,-6.523996351,0.001407736,0.010047895,-1.642878112
4677,ENSG00000134440,NARS1,asparaginyl-tRNA synthetase 1,-0.376223662,7.844496431,-6.523705427,0.001408015,0.010047895,-1.685230875
5046,ENSG00000140479,PCSK6,proprotein convertase subtilisin/kexin type 6,0.720776813,4.730850062,6.522526553,0.001409143,0.010053206,-1.496233275
389524,ENSG00000174428,GTF2IRD2B,GTF2I repeat domain containing 2B,0.810347699,3.526728963,6.522188606,0.001409467,0.010053206,-1.299760513
286101,ENSG00000291080,ZNF252P,"zinc finger protein 252, pseudogene",-1.174330704,4.504499439,-6.520671406,0.001410921,0.010061053,-1.456010841
10110,ENSG00000101049,SGK2,serum/glucocorticoid regulated kinase 2,-3.552720441,-0.549905127,-6.519857273,0.001411703,0.010064097,-0.460762896
83716,ENSG00000103196,CRISPLD2,cysteine rich secretory protein LCCL domain containing 2,1.065374017,4.285237541,6.518209812,0.001413285,0.010072849,-1.42912493
23598,ENSG00000100105,PATZ1,POZ/BTB and AT hook containing zinc finger 1,-0.607830336,5.075361967,-6.517523617,0.001413945,0.010075022,-1.540789554
64320,ENSG00000163481,RNF25,ring finger protein 25,0.725660959,4.716162095,6.516374309,0.001415051,0.010080372,-1.499179953
7283,ENSG00000131462,TUBG1,tubulin gamma 1,0.751125957,5.508656346,6.515928876,0.001415479,0.010080897,-1.581720908
414918,ENSG00000205593,DENND6B,DENN domain containing 6B,-0.789084507,2.903422511,-6.514884497,0.001416486,0.010081211,-1.174181469
79098,ENSG00000182795,C1orf116,chromosome 1 open reading frame 116,0.624179207,4.803320337,6.514845496,0.001416523,0.010081211,-1.512536929
102724877,NA,LOC102724877,uncharacterized LOC102724877,-3.432758843,-1.152578853,-6.514777543,0.001416589,0.010081211,-0.424101368
1138,ENSG00000169684,CHRNA5,cholinergic receptor nicotinic alpha 5 subunit,-1.098144505,1.281177564,-6.514150641,0.001417193,0.010082985,-0.792090461
4067,ENSG00000254087,LYN,"LYN proto-oncogene, Src family tyrosine kinase",0.654649277,6.362702543,6.512145549,0.001419128,0.010091916,-1.645080636
100302256,ENSG00000221540,MIR1180,microRNA 1180,2.712512928,-3.872555473,6.512113425,0.001419159,0.010091916,-0.351509105
57232,ENSG00000221994,ZNF630,zinc finger protein 630,-1.722859325,-0.579794492,-6.509670957,0.001421521,0.010106179,-0.477788368
261729,ENSG00000157214,STEAP2,STEAP2 metalloreductase,-0.990395001,4.866126327,-6.508388767,0.001422762,0.010112473,-1.518377071
65999,ENSG00000127399,LRRC61,leucine rich repeat containing 61,1.029599392,4.964583266,6.50733644,0.001423782,0.01011719,-1.530479578
285989,ENSG00000198556,ZNF789,zinc finger protein 789,-1.709950332,3.839616182,-6.504596498,0.001426442,0.010133554,-1.336556191
121512,ENSG00000139132,FGD4,"FYVE, RhoGEF and PH domain containing 4",-0.789392209,4.795744371,-6.504006928,0.001427015,0.010134017,-1.51738415
51162,ENSG00000172889,EGFL7,EGF like domain multiple 7,1.625252164,5.727276905,6.503795152,0.001427221,0.010134017,-1.596799144
122970,ENSG00000177465,ACOT4,acyl-CoA thioesterase 4,0.541812179,4.3338292,6.502794353,0.001428194,0.010137446,-1.46053736
2067,ENSG00000012061,ERCC1,"ERCC excision repair 1, endonuclease non-catalytic subunit",0.888548805,6.454229576,6.502564777,0.001428418,0.010137446,-1.655904031
10210,ENSG00000197579,TOPORS,"TOP1 binding arginine/serine rich protein, E3 ubiquitin ligase",-0.703967091,4.535424373,-6.502160284,0.001428812,0.010137707,-1.486692401
126299,ENSG00000131116,ZNF428,zinc finger protein 428,1.75446414,3.77366252,6.498138772,0.001432734,0.010160615,-1.32803508
113622,ENSG00000153531,ADPRHL1,ADP-ribosylhydrolase like 1,0.790390091,4.213068211,6.498116078,0.001432756,0.010160615,-1.441089915
80010,ENSG00000178966,RMI1,RecQ mediated genome instability 1,-0.945709562,3.296398914,-6.496669855,0.001434169,0.0101681,-1.268554919
105370579,NA,LOC105370579,uncharacterized LOC105370579,1.544848534,0.36626158,6.49602828,0.001434797,0.010170011,-0.616937163
5205,ENSG00000081923,ATP8B1,ATPase phospholipid transporting 8B1,-0.853435103,5.589554451,-6.492279609,0.001438471,0.010192149,-1.606196685
55181,ENSG00000167447,SMG8,SMG8 nonsense mediated mRNA decay factor,0.305081681,4.299263906,6.368850738,0.001438751,0.010192149,-1.501202143
28964,ENSG00000108262,GIT1,GIT ArfGAP 1,0.488843581,5.7802822,6.491468967,0.001439267,0.010192149,-1.624843265
9454,ENSG00000051128,HOMER3,homer scaffold protein 3,1.034687587,6.038429383,6.491377975,0.001439356,0.010192149,-1.639124894
29890,ENSG00000259956,RBM15B,RNA binding motif protein 15B,0.585148876,6.151492277,6.489319486,0.00144138,0.01020207,-1.651405519
57605,ENSG00000090975,PITPNM2,phosphatidylinositol transfer protein membrane associated 2,-1.119355862,5.297204787,-6.489221895,0.001441476,0.01020207,-1.578026006
57532,ENSG00000108256,NUFIP2,nuclear FMR1 interacting protein 2,-0.830780154,6.964683593,-6.488442069,0.001442243,0.010204958,-1.690453929
79654,ENSG00000126107,HECTD3,HECT domain E3 ubiquitin protein ligase 3,0.376062086,5.00962618,6.487222294,0.001443445,0.010208529,-1.560524822
10544,ENSG00000101000,PROCR,protein C receptor,0.852869616,4.104451845,6.487013935,0.00144365,0.010208529,-1.431230343
55180,ENSG00000140471,LINS1,lines homolog 1,-1.569963641,2.181392625,-6.486835158,0.001443826,0.010208529,-0.997314948
115939,ENSG00000007520,TSR3,TSR3 ribosome maturation factor,1.01393235,5.762925224,6.485814048,0.001444833,0.010213106,-1.623902605
5594,ENSG00000100030,MAPK1,mitogen-activated protein kinase 1,0.805862593,7.827682045,6.485173839,0.001445465,0.010213328,-1.715106589
10134,ENSG00000185825,BCAP31,B cell receptor associated protein 31,0.985158097,9.011536099,6.485053311,0.001445584,0.010213328,-1.728159696
84313,ENSG00000131475,VPS25,vacuolar protein sorting 25 homolog,0.75878562,5.176860276,6.484517232,0.001446114,0.010214527,-1.576063996
100507433,ENSG00000267470,ZNF571-AS1,ZNF571 antisense RNA 1,-3.112925245,-3.128325326,-6.483951061,0.001446673,0.010215936,-0.373714542
1937,ENSG00000254772,EEF1G,eukaryotic translation elongation factor 1 gamma,0.885197172,10.75424731,6.481846894,0.001448754,0.010228088,-1.737230854
7846,ENSG00000167552,TUBA1A,tubulin alpha 1a,1.297854723,3.318988821,6.481250914,0.001449344,0.010228088,-1.272688028
3912,ENSG00000091136,LAMB1,laminin subunit beta 1,0.282958193,8.150998537,6.466451816,0.001449474,0.010228088,-1.72767069
100885778,ENSG00000233009,NALCN-AS1,NALCN antisense RNA 1,-3.221347113,-3.608395056,-6.480121134,0.001450463,0.010228979,-0.373510661
90843,ENSG00000180964,TCEAL8,transcription elongation factor A like 8,0.579721791,3.944608573,6.479984414,0.001450599,0.010228979,-1.415818829
84131,ENSG00000148019,CEP78,centrosomal protein 78,-0.581837573,3.6528408,-6.479901274,0.001450681,0.010228979,-1.362539863
10973,ENSG00000112249,ASCC3,activating signal cointegrator 1 complex subunit 3,-0.747590771,6.264017836,-6.478281953,0.001452288,0.010237764,-1.665858246
4792,ENSG00000100906,NFKBIA,NFKB inhibitor alpha,0.617164219,7.259151717,6.476324553,0.001454233,0.010248338,-1.710904239
149371,ENSG00000116903,EXOC8,exocyst complex component 8,-0.504610535,5.119956593,-6.476045856,0.00145451,0.010248338,-1.579725681
58515,ENSG00000113811,SELENOK,selenoprotein K,0.804228696,3.600240355,6.475431955,0.00145512,0.010249605,-1.35160583
8677,ENSG00000104915,STX10,syntaxin 10,0.666747636,5.728823549,6.47489203,0.001455658,0.010249605,-1.63324103
387841,ENSG00000234498,RPL13AP20,ribosomal protein L13a pseudogene 20,-0.661633619,1.628274709,-6.442430805,0.001455772,0.010249605,-0.921661685
151475,ENSG00000226125,LINC01907,long intergenic non-protein coding RNA 1907,1.95877141,0.281763662,6.471468508,0.00145907,0.010268141,-0.609868899
3628,ENSG00000151689,INPP1,inositol polyphosphate-1-phosphatase,1.36094415,2.644220975,6.47141035,0.001459128,0.010268141,-1.128811896
57120,ENSG00000047932,GOPC,golgi associated PDZ and coiled-coil motif containing,-0.49438115,5.09238382,-6.470419496,0.001460118,0.010272559,-1.581557527
100131089,ENSG00000248508,SRP14-DT,SRP14 divergent transcript,-0.707774705,2.895147714,-6.469550659,0.001460986,0.010274156,-1.210542445
390916,ENSG00000213965,NUDT19,nudix hydrolase 19,-0.462689556,4.624263396,-6.469292129,0.001461245,0.010274156,-1.528531822
302,ENSG00000182718,ANXA2,annexin A2,0.698537835,9.770171899,6.469091095,0.001461446,0.010274156,-1.7459075
4909,ENSG00000225950,NTF4,neurotrophin 4,0.65247045,2.753852727,6.468358975,0.001462178,0.010274156,-1.182030435
688,ENSG00000102554,KLF5,KLF transcription factor 5,-0.514680893,6.618495229,-6.468232939,0.001462304,0.010274156,-1.694300311
10726,ENSG00000090273,NUDC,"nuclear distribution C, dynein complex regulator",0.918687318,6.002698335,6.468021534,0.001462516,0.010274156,-1.656640827
10817,ENSG00000137218,FRS3,fibroblast growth factor receptor substrate 3,0.775545264,3.016858958,6.467285338,0.001463253,0.010276792,-1.238339024
729092,ENSG00000172650,AGAP5,"ArfGAP with GTPase domain, ankyrin repeat and PH domain 5",-1.574997183,3.102065322,-6.466374549,0.001464166,0.010280658,-1.22266799
122773,ENSG00000197776,KLHDC1,kelch domain containing 1,-0.99513581,0.796186738,-6.465265416,0.001465278,0.010285924,-0.731779382
54665,,,,,,,,,
