geneid,control_1,control_2,control_3,treated_1,treated_2,treated_3
1,9,8,13,12,10,6
10,14,15,16,15,16,20
100,213,242,328,381,375,253
1000,136,194,154,539,552,543
10000,316,38,25,35,134,34
100008587,0,0,0,0,0,0
100008588,0,0,0,0,0,0
100008589,0,0,0,0,0,0
100009601,0,0,0,0,0,0
100009602,0,0,0,0,0,0
100009605,0,0,0,0,0,0
100009606,0,1,0,0,0,0
100009607,0,0,0,0,0,0
100009613,3,3,2,0,0,3
100009676,74,82,76,74,56,86
10001,708,717,707,783,891,785
10002,12,23,25,8,6,17
10003,33,44,60,14,14,4
100033411,0,3,2,0,0,2
100033413,0,0,0,0,0,0
100033414,0,0,0,0,0,0
100033415,0,0,0,0,0,0
100033416,0,0,0,0,0,0
100033417,0,0,0,0,0,0
100033418,0,0,0,0,0,0
100033419,0,0,0,0,0,0
100033420,0,0,0,0,0,0
100033421,0,0,0,0,0,0
100033422,0,0,0,0,0,0
100033423,0,0,0,0,0,0
100033424,0,0,0,0,0,0
100033425,0,0,0,0,0,0
100033426,0,0,0,0,0,0
100033427,0,0,0,0,0,0
100033428,0,0,0,0,0,0
100033429,0,0,0,0,0,0
100033430,0,0,0,0,0,0
100033431,0,0,0,0,0,0
100033432,0,0,0,0,0,0
100033433,0,0,0,0,0,0
100033434,0,0,0,0,0,0
100033435,0,0,0,0,0,0
100033436,0,0,0,0,0,0
100033437,0,0,0,0,0,0
100033438,0,0,0,0,0,0
100033439,0,0,0,0,0,0
100033440,0,0,0,0,0,0
100033441,0,0,0,0,0,0
100033442,0,0,0,0,0,0
100033443,0,0,0,0,0,0
100033444,0,0,0,0,0,0
100033445,0,0,0,0,0,0
100033446,0,0,0,0,0,0
100033447,0,0,0,0,0,0
100033448,0,0,0,0,0,0
100033449,0,0,0,0,0,0
100033450,0,0,0,0,0,0
100033451,0,0,0,0,0,0
100033453,0,0,0,0,0,0
100033454,0,0,0,0,0,0
100033455,0,0,0,0,0,0
100033456,0,0,0,0,0,0
100033458,0,0,0,0,0,0
100033460,0,0,0,0,0,0
100033603,0,0,0,0,0,0
100033799,0,0,0,0,0,0
100033800,0,0,0,0,0,0
100033801,0,0,0,0,0,0
100033802,0,0,0,0,0,0
100033803,0,0,0,0,0,0
100033804,0,0,0,0,0,0
100033805,0,0,0,0,0,0
100033806,0,0,0,0,0,0
100033807,0,0,0,0,0,0
100033808,0,0,0,0,0,0
100033809,0,0,0,0,0,0
100033810,0,0,0,0,0,0
100033811,0,0,0,0,0,0
100033812,0,0,0,0,0,0
100033813,0,0,0,0,0,0
100033814,0,0,0,0,0,0
100033815,0,0,0,0,0,0
100033816,0,0,0,0,0,0
100033817,0,0,0,0,0,0
100033818,0,0,0,0,0,0
100033819,0,0,0,0,0,0
100033820,0,0,0,0,0,0
100033821,0,0,0,0,0,0
100033822,0,0,0,0,0,0
100034743,8,8,16,3,0,1
100036563,0,0,0,0,0,0
100036564,0,0,0,0,0,0
100036565,0,0,0,0,0,0
100036566,0,0,0,0,0,0
100036567,0,0,1,0,0,0
100037417,0,0,0,0,0,0
100038246,1,1,2,0,0,0
10004,1,0,0,0,0,2
100048912,103,81,77,62,51,47
100049076,39,20,52,3,10,33
100049587,0,0,0,0,0,0
100049613,0,0,0,2,2,2
100049614,0,0,0,0,0,0
100049716,195,196,193,157,166,181
10005,547,504,563,560,845,611
10006,910,860,1043,1121,961,1122
10007,1073,1118,1136,1372,1428,1416
100073347,0,0,0,0,0,0
10008,4,7,2,0,1,1
10009,1780,1833,1883,1200,997,1085
100093630,993,936,907,1214,1704,1133
100093631,968,1078,1231,603,505,559
100093698,0,0,0,0,0,0
1001,2225,2416,2875,5637,5431,4874
10010,654,730,699,511,538,432
100101115,0,0,0,0,0,0
100101116,0,0,0,0,0,0
100101117,0,0,0,0,0,0
100101118,0,0,0,0,0,0
100101120,0,0,0,0,0,0
100101121,0,0,0,0,0,0
100101148,25,28,29,21,18,30
100101266,1,0,0,0,0,0
100101267,1493,1682,1883,2190,1450,2174
100101440,7,24,5,27,27,18
100101467,454,424,491,263,151,280
100101478,0,0,0,0,0,0
100101490,78,81,94,434,283,388
100101938,0,0,0,0,0,0
10011,447,493,552,995,1230,948
100113378,1,0,1,0,1,1
100113379,4,2,3,2,0,0
100113380,0,0,0,0,0,0
100113381,46,68,58,6,1,8
100113382,0,0,0,0,0,0
100113384,2,3,1,0,0,0
100113386,65,47,49,11,18,40
100113389,2,3,3,1,0,1
100113391,0,1,1,0,0,0
100113392,1,2,0,0,0,0
100113393,12,8,14,7,1,5
100113402,2,0,1,0,0,0
100113403,0,0,0,0,0,0
100113404,0,0,0,0,0,0
100113407,281,260,232,186,126,135
100124412,0,0,0,0,0,0
100124516,13,23,25,5,3,8
100124533,20,12,16,3,0,0
100124534,0,0,0,0,0,0
100124535,0,0,0,0,0,0
100124536,0,1,0,0,0,0
100124537,0,1,0,0,0,0
100124538,0,0,0,0,0,0
100124539,0,0,1,0,0,0
100124540,0,0,0,0,0,0
100124541,0,0,0,0,0,0
100124700,310,302,373,43,41,45
100125288,39,44,37,33,43,54
100125556,68,56,92,111,95,94
100126270,24,16,21,8,8,3
100126296,1,1,1,0,0,0
100126297,0,0,0,0,0,0
100126299,0,0,0,0,0,0
100126301,0,0,0,0,0,0
100126302,0,0,0,0,0,0
100126303,0,0,0,0,0,0
100126304,0,0,0,0,0,0
100126306,0,0,0,0,0,0
100126307,0,0,0,0,0,0
100126308,0,0,0,0,0,0
100126309,0,0,0,0,0,0
100126310,0,0,0,0,0,0
100126311,0,0,0,0,0,0
100126313,0,0,0,0,4,1
100126314,0,0,0,0,0,0
100126315,0,0,0,0,0,0
100126316,0,0,0,0,0,0
100126317,2,0,0,0,0,0
100126318,0,0,0,0,0,0
100126319,0,0,0,0,0,0
100126320,0,0,0,0,0,0
100126321,0,0,0,0,0,0
100126323,0,0,0,0,0,0
100126324,0,0,2,0,0,0
100126325,0,0,0,0,0,0
100126326,0,0,0,0,0,0
100126327,0,0,0,0,0,2
100126328,5,9,2,1,7,0
100126329,0,0,0,0,0,0
100126330,0,0,0,0,0,0
100126331,0,0,0,0,0,0
100126332,0,0,0,0,0,0
100126333,0,0,0,0,0,0
100126334,0,0,0,0,0,0
100126335,0,0,0,0,0,0
100126336,0,0,0,0,0,0
100126337,0,0,0,0,0,0
100126338,0,0,0,0,0,0
100126339,0,0,0,0,0,0
100126340,0,0,0,0,0,0
100126341,0,0,0,0,0,0
100126342,0,0,0,0,0,0
100126343,2,1,0,0,0,0
100126345,0,0,0,0,0,0
100126346,0,0,0,0,0,0
100126347,0,0,0,0,0,0
100126348,0,0,0,0,0,0
100126349,0,0,0,0,0,0
100126350,1,0,0,0,0,0
100126351,0,0,0,0,0,0
100126352,0,0,0,0,0,0
100126354,0,0,0,0,0,0
100126355,3,0,2,0,0,1
100126356,0,0,0,0,0,0
100126447,0,0,0,0,0,0
100126476,0,0,0,0,0,0
100126481,0,0,0,0,0,0
100126484,0,0,0,0,0,0
100126488,1,0,1,0,0,0
100126510,0,0,0,0,0,0
100126512,0,0,0,1,0,0
100126514,0,0,0,0,0,0
100126517,0,0,0,0,1,0
100126520,0,0,0,0,0,1
100126533,0,0,0,0,0,0
100126693,0,2,0,3,2,1
100126780,0,0,0,0,0,0
100126781,0,0,0,0,0,0
100126784,1,3,3,13,1,16
100126791,0,0,0,5,0,1
100126793,48,48,46,16,10,53
100126798,0,0,0,0,0,0
100126799,0,0,0,0,0,0
100126800,0,0,0,0,0,0
100127206,0,0,0,0,0,0
100127888,27,31,40,9,10,9
100127889,3,8,2,9,11,1
100127967,0,0,0,0,0,0
100127983,0,0,1,2,0,0
100128006,0,0,0,0,0,0
100128023,0,1,1,0,0,0
100128025,11,12,18,9,9,3
100128054,3,2,2,1,0,0
100128055,0,0,1,0,0,0
100128071,54,48,56,45,28,37
100128076,1,1,0,6,1,6
100128081,0,0,0,0,1,0
100128098,1,0,0,0,5,1
100128108,0,0,0,0,0,0
100128124,0,0,0,0,0,0
100128126,3,6,5,1,2,3
100128127,0,0,0,0,0,0
100128139,0,0,0,0,0,0
100128164,0,1,0,0,0,0
100128176,0,0,2,1,0,2
100128191,45,41,53,22,26,27
100128233,0,1,1,0,0,0
100128239,1,0,0,0,0,0
100128252,0,0,0,0,0,0
100128264,0,0,0,0,0,0
100128285,2,4,4,17,3,6
100128288,54,70,62,17,25,28
100128292,0,0,0,0,0,0
100128317,0,0,0,0,0,0
100128327,0,0,0,0,0,0
100128338,22,8,10,35,7,158
100128361,20,40,28,10,5,8
100128378,0,2,1,1,0,0
100128385,1,0,0,1,0,0
100128398,227,173,246,94,65,106
100128420,0,0,0,0,0,0
100128494,26,7,16,4,1,0
100128496,0,0,0,0,0,0
100128505,0,0,0,0,2,1
100128511,6,2,6,12,23,21
100128531,6,17,14,41,5,30
100128553,31,28,24,23,21,23
100128554,0,0,0,0,0,0
100128560,0,0,1,0,0,0
100128568,5,8,6,4,1,5
100128569,81,67,116,87,49,121
100128573,3,2,6,0,2,6
100128590,0,0,0,0,0,0
100128593,0,0,0,0,0,0
100128627,16,8,11,2,0,1
100128640,22,15,27,43,38,40
100128653,61,63,72,5,4,16
100128675,4,0,9,2,0,0
100128682,0,1,0,0,0,0
100128714,0,0,0,0,0,0
100128731,362,435,455,1045,1407,1112
100128750,9,8,12,20,11,11
100128770,292,249,288,106,49,168
100128782,146,139,185,72,51,122
100128787,0,0,0,0,0,0
100128788,22,18,8,10,15,25
100128811,0,0,0,0,0,0
100128822,87,92,91,296,324,250
100128881,66,76,110,71,100,97
100128885,0,0,0,0,0,0
100128890,0,0,6,1,3,2
100128893,9,5,2,8,19,14
100128905,2,0,0,0,0,0
100128927,64,42,69,112,142,170
100128946,0,0,0,0,0,0
100128977,0,0,0,0,0,0
100128993,0,0,0,0,0,0
100128998,1,0,4,1,1,1
100129027,0,0,0,0,0,0
100129034,278,331,388,443,257,327
100129046,3,10,20,5,0,5
100129055,0,0,0,0,0,0
100129066,0,0,0,0,0,0
100129075,47,55,53,80,111,90
100129083,0,2,0,0,0,0
100129094,2,7,1,8,20,8
100129098,0,0,0,0,0,0
100129128,0,1,0,3,1,2
100129138,0,0,0,0,0,0
100129148,0,1,6,0,0,0
100129175,8,11,9,10,9,15
100129195,23,18,27,45,29,35
100129196,21,7,17,15,13,19
100129203,2,2,1,0,1,2
100129213,0,0,0,0,0,0
100129215,24,21,22,23,4,30
100129216,19,15,24,7,1,2
100129223,0,0,0,0,0,0
100129239,0,0,0,0,0,0
100129250,18,9,19,26,24,26
100129269,2,0,3,1,0,1
100129271,0,0,1,0,0,0
100129278,131,149,145,56,31,68
100129307,0,0,0,0,0,0
100129316,5,6,15,2,2,5
100129345,0,0,0,0,0,0
100129354,4,1,5,10,0,3
100129361,2,0,0,0,5,1
100129385,0,0,1,0,1,0
100129387,76,109,92,41,29,48
100129396,0,0,0,0,0,0
100129405,27,26,52,33,21,66
100129407,0,0,0,0,0,0
100129424,1,3,4,2,1,1
100129427,0,2,1,0,0,0
100129434,1,0,0,0,0,0
100129460,28,38,39,37,21,15
100129461,75,67,54,34,32,63
100129464,0,0,0,0,0,0
100129480,71,79,88,125,185,112
100129482,243,262,306,50,40,71
100129503,68,53,69,48,20,33
100129515,0,0,0,0,0,0
100129518,4,0,4,15,17,23
100129520,0,1,0,1,0,0
100129528,0,0,0,0,0,0
100129534,186,161,213,55,48,89
100129543,0,0,0,0,0,0
100129550,270,264,271,236,201,194
100129583,15,8,18,8,16,13
100129597,0,0,0,0,0,0
100129603,2,1,0,1,0,0
100129617,2,7,12,2,0,2
100129620,0,0,0,0,0,0
100129636,0,0,0,0,0,0
100129654,0,2,2,0,0,0
100129662,0,0,0,0,0,0
100129669,0,0,0,0,0,0
100129697,0,1,1,1,0,2
100129716,30,21,28,23,17,19
100129722,1,0,0,0,0,1
100129726,19,14,23,8,4,10
100129792,0,1,2,0,1,0
100129794,33,45,44,31,28,34
100129827,3,11,2,13,8,9
100129842,0,0,0,0,0,0
100129845,7,4,2,4,1,0
100129858,12,9,5,7,6,4
100129860,0,0,0,0,0,0
100129917,49,56,73,14,5,23
100129924,12,9,7,12,5,16
100129931,6,2,5,1,0,0
100129935,0,0,0,0,0,0
100129940,19,25,28,8,1,11
100129961,18,13,9,16,7,14
100129973,9,8,9,2,8,2
10013,644,661,766,824,679,849
100130015,39,34,74,88,79,112
100130017,0,0,0,0,0,0
100130075,0,1,1,0,0,0
100130086,0,3,0,1,0,0
100130093,17,45,45,49,32,50
100130097,4,4,9,1,0,1
100130100,33,17,43,0,1,5
100130148,0,0,0,0,0,0
100130155,0,0,0,0,0,0
100130197,10,14,27,0,0,1
100130231,0,0,2,0,0,0
100130238,103,126,115,38,40,67
100130264,0,0,0,0,0,0
100130274,0,0,0,0,0,0
100130275,20,12,6,4,5,8
100130298,0,3,2,0,0,0
100130301,0,0,0,0,0,0
100130302,0,0,0,0,0,0
100130311,14,25,9,18,7,16
100130331,2,0,2,4,2,6
100130342,0,2,1,0,0,0
100130345,1,0,4,0,0,0
100130348,4,3,11,0,0,1
100130357,56,63,61,11,4,19
100130361,0,0,0,0,0,0
100130370,10,17,14,24,4,14
100130386,0,1,0,0,1,0
100130417,23,32,53,8,12,14
100130418,0,0,1,0,0,0
100130449,28,43,31,92,89,123
100130451,6,5,3,1,3,2
100130452,0,0,1,0,0,0
100130460,16,14,26,8,11,7
100130476,23,25,25,14,5,24
100130480,0,0,0,0,0,0
100130519,64,70,86,139,141,114
100130520,0,0,0,0,0,0
100130522,10,9,15,4,0,2
100130539,0,0,0,0,0,0
100130557,49,81,72,25,4,13
100130581,74,104,150,99,100,110
100130587,0,0,0,0,0,0
100130613,0,0,0,0,0,0
100130673,0,0,0,0,0,0
100130691,138,139,165,98,69,67
100130700,0,0,0,0,0,0
100130705,14,22,21,11,7,9
100130717,2,5,3,12,32,20
100130733,1,1,3,3,0,1
100130742,57,58,63,35,27,10
100130744,152,162,180,145,92,136
100130771,0,3,2,4,1,0
100130776,7,18,6,14,11,12
100130827,1206,1240,1592,1082,811,1236
100130849,0,0,0,0,0,0
100130855,18,18,14,2,0,2
100130872,16,19,19,25,15,25
100130880,0,0,0,0,0,0
100130887,0,1,0,3,0,0
100130889,0,0,0,0,0,0
100130890,50,47,55,63,50,43
100130894,2,4,6,2,3,2
100130899,1,2,8,0,0,0
100130933,7,8,9,6,0,2
100130934,0,0,0,0,0,0
100130935,16,9,12,4,4,5
100130950,23,30,33,10,9,12
100130954,0,0,0,0,0,0
100130958,17,17,16,52,97,43
100130964,0,0,0,0,0,0
100130967,16,22,35,19,29,29
100130987,96,76,96,139,80,115
100130988,0,0,0,0,0,0
100130992,16,11,5,1,4,2
100131017,558,629,671,941,772,941
100131047,0,0,0,0,0,0
100131060,2,12,3,6,6,10
100131067,80,91,96,127,138,98
100131089,177,173,185,123,87,116
100131094,16,39,19,7,0,9
100131096,372,462,488,302,193,263
100131107,0,0,0,0,0,0
100131117,1,0,3,1,0,0
100131137,0,0,0,0,0,0
100131138,0,0,0,0,1,0
100131176,0,0,0,0,0,0
100131187,513,500,615,930,1382,872
100131193,25,31,51,18,9,26
100131205,103,118,117,128,123,87
100131208,3,0,0,1,0,0
100131211,135,140,172,150,131,135
100131213,155,134,214,228,252,273
100131234,4,4,6,2,0,0
100131244,2,1,3,2,0,2
100131257,0,2,2,1,0,0
100131289,0,0,0,0,0,2
100131303,0,0,0,0,0,0
100131315,0,0,0,0,0,1
100131320,0,0,0,0,0,0
100131347,11,24,11,23,13,15
100131366,0,0,0,0,0,0
100131378,3,1,2,3,5,4
100131390,0,0,0,0,2,0
100131434,72,78,101,24,19,43
100131439,0,0,0,0,0,0
100131454,12,5,16,16,26,34
100131496,2,8,8,1,0,4
100131532,0,0,0,0,0,0
100131539,18,17,25,14,10,3
100131551,56,60,97,116,97,80
100131561,5,4,5,1,0,0
100131564,493,502,520,150,49,188
100131608,0,0,0,0,0,0
100131626,0,2,2,0,0,0
100131635,4,2,2,0,0,1
100131655,25,32,35,50,64,63
100131691,0,0,0,0,0,0
100131726,27,28,32,11,12,16
100131733,0,0,0,2,0,2
100131755,170,162,167,77,38,73
100131801,49,69,57,204,327,291
100131814,6,6,5,7,3,6
100131816,0,0,0,0,0,0
100131825,0,0,0,0,0,0
100131827,71,73,88,121,86,93
100131897,0,0,0,0,0,0
100131902,0,0,0,0,0,0
100131980,0,0,0,0,0,0
100131997,12,27,26,13,13,10
100131998,72,99,98,55,34,91
100132004,0,0,0,0,0,0
100132057,50,27,41,12,10,15
100132062,8,17,18,3,3,2
100132074,232,196,287,520,490,415
100132077,131,141,187,73,47,100
100132078,0,0,0,0,0,0
100132101,8,8,10,3,2,4
100132103,0,0,2,0,0,0
100132111,7,17,7,17,7,9
100132116,1,1,0,0,0,0
100132146,0,0,0,0,0,0
100132154,0,0,0,0,0,0
100132159,45,55,81,22,13,11
100132163,2,8,0,4,6,5
100132169,28,26,30,25,31,31
100132174,0,0,0,0,0,0
100132215,17,8,14,2,5,2
100132247,408,497,394,296,129,276
100132273,0,0,0,0,0,0
100132287,20,5,0,0,2,1
100132288,66,89,85,111,122,117
100132304,0,0,0,0,0,0
100132341,321,355,377,145,57,208
100132352,282,261,298,293,279,242
100132354,10,10,20,19,19,15
100132356,27,23,40,20,5,20
100132386,0,0,0,0,0,0
100132396,0,0,0,0,0,0
100132399,0,0,0,0,0,0
100132403,5,1,7,0,1,22
100132406,54,61,89,57,36,69
100132417,0,0,0,0,0,0
100132463,0,1,0,0,0,0
100132464,0,0,0,0,0,0
100132476,0,0,0,0,0,0
100132526,0,0,0,0,0,0
100132529,1,1,5,2,5,0
100132541,0,0,0,0,0,0
100132565,0,0,0,0,0,0
100132594,12,16,7,4,0,1
100132596,0,0,0,0,0,0
100132618,41,42,44,12,0,8
100132677,8,5,13,9,11,13
100132707,52,47,57,29,26,23
100132708,0,0,0,0,0,0
100132724,3,0,4,2,0,1
100132735,0,0,0,0,0,0
100132741,0,0,0,0,0,0
100132774,25,41,33,10,5,10
100132781,0,0,1,0,0,2
100132813,2,0,0,0,0,0
100132815,0,0,0,0,0,0
100132831,0,0,0,0,0,0
100132832,34,46,79,17,14,21
100132874,18,19,18,18,4,18
100132891,0,0,2,2,4,1
100132911,26,26,44,33,24,18
100132916,0,0,0,0,0,0
100132923,0,1,0,0,2,0
100132929,0,0,0,0,4,0
100132948,1,3,0,15,4,1
100132963,1,1,0,0,0,0
100132967,0,0,0,0,0,1
100132979,0,0,0,0,0,0
100132987,0,0,1,0,0,0
100132994,0,0,0,0,0,0
100133036,0,0,0,0,0,0
100133050,2,0,1,1,1,1
100133053,0,0,0,0,0,0
100133077,1,0,0,0,0,0
100133091,3,0,0,1,2,0
100133093,0,0,0,0,0,4
100133121,10,2,4,3,2,10
100133123,0,0,0,0,0,0
100133161,14,11,11,7,1,12
100133172,0,0,1,0,0,0
100133205,3,6,5,3,11,5
100133220,1,0,0,0,0,3
100133234,0,2,2,1,0,0
100133251,0,0,0,0,0,0
100133267,0,0,0,0,0,0
100133286,2,1,5,1,0,1
100133301,0,0,1,0,0,0
100133308,0,0,0,0,0,0
100133311,0,0,3,1,0,1
100133315,39,38,64,31,18,41
100133319,0,0,0,0,0,0
100133331,51,69,73,27,7,25
100133461,0,0,0,0,0,0
100133545,9,16,14,12,4,10
100133612,4,3,9,4,5,6
100133669,105,124,106,130,124,142
100133920,0,0,2,1,0,2
100133941,1056,1079,1129,2069,1971,1516
100133957,3,0,2,1,1,0
100133985,8,4,11,13,17,25
100133991,150,146,184,216,200,249
100134015,9,9,9,1,3,1
100134229,29,23,40,31,25,43
100134259,9,13,3,32,25,18
100134317,1,5,4,2,0,2
100134368,22,14,31,33,25,43
100134391,0,0,0,0,0,0
100134444,49,44,38,35,43,34
100134713,15,24,18,34,21,22
100134868,26,15,12,8,19,18
100134869,5,6,3,11,4,6
100134934,0,0,0,0,0,0
100134938,0,0,4,0,0,0
100137047,33,54,52,53,49,52
100137049,5,3,2,3,2,1
10014,668,734,734,1426,1354,1012
100141515,0,2,1,0,0,0
100142659,55,65,67,45,20,43
100144595,0,0,0,0,0,0
100144596,0,0,0,0,0,0
100144597,0,0,0,0,0,0
100144602,0,1,0,0,0,0
100144603,15,31,23,11,17,25
100144604,4,0,7,0,0,0
100144748,6,11,12,2,6,2
100147744,0,0,0,0,0,0
100147773,15,10,7,4,3,11
10015,3381,3554,3840,3610,2680,3216
100151643,0,0,0,0,0,0
100151683,1,0,0,0,0,0
100151684,0,0,0,0,0,0
100158262,1,0,0,0,0,0
10016,2357,2616,2869,2342,2636,2296
100169751,0,0,0,0,0,0
100169752,0,0,0,0,0,0
100169753,0,0,0,0,0,0
100169754,0,0,0,0,0,1
100169755,0,0,0,0,0,0
100169756,0,0,0,0,0,0
100169757,0,0,0,0,0,0
100169758,0,0,0,0,0,0
100169759,0,0,0,0,0,0
100169760,0,0,0,0,0,0
100169761,0,0,0,0,0,0
100169762,0,0,0,0,0,0
100169763,0,0,0,0,0,0
100169764,0,0,0,0,0,0
100169765,0,0,0,0,0,0
100169766,0,0,0,0,0,0
100169767,0,0,0,0,0,0
100169768,0,0,0,0,0,0
100169851,2,0,0,0,0,0
100169890,0,0,0,0,0,0
100169951,0,0,0,0,0,0
100169952,0,0,0,0,0,0
100169953,0,0,0,0,0,0
100169954,0,0,0,0,0,0
100169955,0,0,0,0,0,0
100169956,0,0,0,0,0,0
100169957,0,0,0,0,0,0
100169958,0,0,0,0,0,0
100169959,0,0,0,0,0,0
100169989,0,0,0,0,0,2
10017,2,0,2,2,1,3
100170216,0,0,0,0,0,0
100170217,0,0,0,0,0,0
100170218,0,0,0,0,0,0
100170219,0,0,0,0,0,0
100170220,0,2,0,0,0,0
100170221,0,0,0,0,0,0
100170222,0,0,0,0,0,0
100170223,0,0,0,0,0,0
100170224,0,0,0,0,0,0
100170225,0,0,0,0,0,0
100170226,0,0,0,0,0,0
100170227,0,0,0,0,0,0
100170228,0,0,0,0,0,0
100170229,30,30,28,6,3,11
100170765,0,0,2,0,0,0
100170841,1,1,1,0,0,3
10018,1016,1068,1139,553,317,463
100187716,0,0,0,0,0,0
100188847,0,0,0,0,0,0
100188893,1055,1195,1290,1708,2285,1741
100188917,1,4,0,9,1,1
100188947,0,0,1,0,0,0
100188949,1,0,3,0,1,0
100188953,0,0,0,0,0,0
100188954,11,11,12,15,19,9
100188985,3,0,0,0,0,0
100188986,0,0,0,0,0,0
100188987,0,0,0,0,0,0
100188988,0,0,0,1,1,0
100188990,0,0,0,0,0,0
100188991,0,0,0,0,0,0
100188992,0,0,0,2,0,0
100188993,0,0,4,0,0,0
100188995,1,1,0,0,0,0
100188997,1,2,3,1,1,3
100188998,0,0,1,0,0,0
100189001,0,0,0,0,0,0
100189002,0,0,0,0,0,0
100189003,0,0,0,0,0,0
100189004,0,0,0,0,0,0
100189005,0,0,0,0,0,0
100189006,0,0,0,0,0,0
100189008,0,0,0,0,0,0
100189009,0,0,0,0,0,0
100189011,0,0,0,0,0,0
100189012,0,0,0,0,0,0
100189013,0,0,0,0,0,0
100189014,0,0,0,0,0,0
100189015,0,0,0,0,0,0
100189017,0,0,0,0,0,0
100189018,0,0,0,0,0,0
100189019,0,0,0,0,0,0
100189020,2,0,0,0,0,3
100189021,0,0,0,0,0,0
100189022,0,0,0,2,0,1
100189024,0,0,0,0,0,0
100189025,0,0,0,0,0,0
100189028,0,1,0,1,1,3
100189030,0,0,0,0,0,0
100189032,0,0,0,0,0,0
100189033,0,0,0,0,0,0
100189034,0,0,0,0,0,0
100189035,0,0,2,0,0,0
100189036,1,0,0,0,0,0
100189037,0,0,0,0,0,0
100189038,1,0,0,3,0,3
100189039,0,0,0,0,0,0
100189040,0,0,0,0,0,0
100189041,0,0,0,0,0,0
100189042,0,0,0,0,0,0
100189045,0,0,0,0,0,0
100189046,0,0,0,0,0,0
100189047,0,0,0,0,0,0
100189048,0,0,0,0,0,0
100189049,0,0,0,0,0,0
100189050,0,0,0,0,0,0
100189052,0,0,0,0,0,0
100189053,0,0,0,0,0,0
100189056,9,2,9,5,1,8
100189059,0,0,0,0,0,0
100189062,0,0,0,0,0,0
100189063,0,0,0,0,0,0
100189064,0,0,0,0,0,0
100189065,0,0,0,0,0,0
100189066,0,0,0,0,0,0
100189067,0,0,0,0,2,0
100189070,0,0,0,0,0,0
100189071,0,0,0,0,0,0
100189072,0,0,2,0,0,0
100189074,0,0,0,0,0,0
100189075,0,0,0,0,0,0
100189077,0,0,0,1,0,0
100189078,0,0,0,0,0,0
100189080,0,0,0,0,0,0
100189082,0,0,0,0,0,0
100189083,0,0,0,0,0,0
100189084,0,0,0,0,0,0
100189085,0,0,0,0,0,0
100189086,0,0,0,0,0,0
100189088,0,0,0,0,0,0
100189089,0,0,0,0,0,0
100189090,0,0,0,0,0,1
100189091,0,0,0,0,0,0
100189092,0,0,0,0,0,0
100189093,0,0,0,0,0,0
100189094,0,0,0,0,0,0
100189095,0,0,0,2,0,0
100189097,0,0,0,0,0,0
100189098,0,0,0,0,0,0
100189099,0,0,0,0,0,0
100189101,0,0,0,0,0,0
100189102,0,0,0,0,0,0
100189103,0,1,0,0,0,0
100189105,0,0,0,0,0,0
100189107,0,0,0,0,0,0
100189109,0,0,0,1,0,1
100189110,0,0,0,1,1,2
100189111,0,0,0,0,0,0
100189112,0,0,0,0,0,0
100189114,0,0,0,0,0,0
100189115,2,1,0,0,0,1
100189118,0,0,1,0,0,0
100189119,7,6,11,14,9,14
100189120,0,0,0,0,0,0
100189121,0,0,0,0,0,0
100189122,2,2,0,2,2,1
100189123,0,0,0,0,0,0
100189124,0,0,0,0,0,0
100189125,0,0,0,0,0,0
100189126,0,0,0,0,0,0
100189127,0,0,0,0,0,0
100189130,0,0,0,0,0,1
100189131,0,0,0,0,0,0
100189132,0,0,0,0,1,0
100189133,2,3,3,2,0,2
100189134,0,0,0,0,0,0
100189135,0,0,0,0,0,0
100189136,4,0,6,0,4,3
100189137,0,0,0,0,0,0
100189138,0,0,0,0,0,0
100189139,0,0,0,0,0,0
100189140,0,0,0,0,0,0
100189141,0,0,0,0,0,0
100189142,0,0,0,0,0,0
100189143,0,0,0,0,0,1
100189144,0,0,0,0,0,0
100189145,0,0,0,0,0,0
100189146,5,14,6,1,0,0
100189149,0,0,0,0,0,0
100189151,0,0,0,0,0,0
100189152,0,0,0,0,0,0
100189153,0,0,0,0,0,1
100189155,0,0,0,0,0,0
100189157,1,0,6,2,0,1
100189158,0,0,0,0,0,0
100189159,0,0,0,0,0,0
100189160,0,0,0,0,0,0
100189161,0,0,0,0,0,0
100189162,0,0,0,0,0,0
100189163,0,0,0,0,0,0
100189164,0,0,1,0,0,0
100189166,0,0,0,0,0,0
100189167,0,0,0,0,0,0
100189168,0,0,0,0,1,0
100189169,0,0,0,0,0,0
100189170,0,0,0,0,0,0
100189171,0,0,0,0,0,0
100189172,0,0,0,0,0,0
100189173,0,0,0,0,1,0
100189174,1,1,4,0,1,1
100189176,0,0,0,0,0,0
100189177,0,0,1,0,0,0
100189178,0,0,0,0,0,0
100189179,0,0,0,0,0,0
100189181,0,0,0,0,0,0
100189182,0,0,0,0,0,0
100189184,0,0,0,0,0,0
100189185,0,0,0,0,0,0
100189187,0,0,0,0,0,0
100189188,0,0,0,0,0,0
100189189,0,0,0,0,0,0
100189190,0,0,0,0,0,0
100189191,0,0,0,0,0,0
100189193,0,0,0,0,0,0
100189195,0,0,0,0,0,0
100189196,0,0,0,0,0,0
100189197,0,0,0,0,0,0
100189198,0,0,0,0,0,0
100189199,0,0,0,0,0,0
100189200,0,0,0,0,0,0
100189201,0,0,0,0,0,3
100189202,0,0,0,0,0,0
100189203,0,0,0,0,0,0
100189205,0,0,0,0,0,1
100189206,0,0,0,0,0,0
100189207,0,0,0,0,0,0
100189208,0,0,0,0,0,0
100189209,0,0,0,0,2,0
100189211,0,0,0,0,0,0
100189213,0,0,0,0,0,0
100189214,0,0,0,0,0,0
100189216,0,0,0,0,0,0
100189218,0,0,0,0,0,0
100189219,0,0,0,0,0,0
100189220,0,0,0,0,0,0
100189221,0,0,0,0,0,0
100189222,0,0,0,0,0,0
100189223,0,0,0,0,0,0
100189224,0,0,0,0,0,0
100189225,0,0,0,0,0,0
100189226,2,0,5,4,13,12
100189227,2,0,2,0,0,0
100189228,0,0,0,0,0,0
100189229,0,0,0,0,0,0
100189230,0,0,0,0,0,0
100189231,0,0,0,0,0,0
100189232,0,0,0,0,0,0
100189234,0,0,0,0,0,0
100189235,0,0,0,0,0,0
100189237,0,0,0,0,0,0
100189238,1,0,0,0,2,0
100189239,0,1,0,0,0,0
100189240,1,0,0,0,0,0
100189243,0,0,2,0,0,0
100189245,0,0,0,0,0,1
100189247,0,0,0,0,0,0
100189248,0,0,0,0,0,0
100189249,0,0,0,0,0,0
100189250,0,0,0,0,0,0
100189251,0,0,0,0,0,0
100189252,0,0,0,0,0,0
100189253,0,2,0,0,0,0
100189254,0,0,0,0,0,0
100189255,0,0,0,0,0,0
100189257,1,0,6,0,0,0
100189259,0,0,0,0,0,0
100189260,0,0,0,0,0,0
100189261,0,0,0,0,0,0
100189263,0,0,0,0,0,0
100189264,0,0,0,1,0,0
100189265,0,0,0,0,0,0
100189267,1,0,0,0,0,0
100189268,0,0,0,0,0,0
100189269,0,0,0,0,0,0
100189270,2,3,1,1,2,0
100189272,0,0,0,0,0,1
100189273,0,0,0,0,0,0
100189274,0,0,0,0,0,0
100189275,0,0,0,0,0,0
100189276,0,0,0,0,0,0
100189277,0,0,0,0,0,0
100189279,0,0,0,0,0,0
100189280,2,0,0,2,3,1
100189281,0,0,0,0,0,0
100189282,1,0,3,0,0,2
100189283,2,0,0,0,0,0
100189284,0,0,0,3,2,0
100189285,0,1,0,0,0,0
100189286,0,0,0,0,0,0
100189287,0,0,0,0,0,0
100189288,0,1,0,0,0,0
100189289,0,0,0,0,0,0
100189290,0,0,0,0,0,0
100189291,0,0,0,0,0,1
100189292,0,0,0,0,0,0
100189293,0,0,0,0,0,0
100189294,0,0,0,0,0,0
100189295,0,0,0,0,0,0
100189296,0,1,1,0,2,0
100189297,2,0,0,0,0,0
100189298,0,0,0,0,0,0
100189299,0,0,0,0,0,0
100189300,0,0,0,0,0,0
100189301,0,0,0,0,0,0
100189303,0,0,0,0,0,0
100189305,0,0,0,0,0,0
100189306,0,0,0,0,0,0
100189307,0,0,0,0,0,0
100189308,0,0,0,0,0,0
100189310,0,1,0,1,0,0
100189313,1,0,0,0,0,0
100189314,0,0,0,0,0,0
100189315,0,0,0,0,0,0
100189316,0,0,0,0,0,0
100189317,0,0,0,0,0,0
100189318,0,0,0,0,0,0
100189319,0,0,0,0,0,0
100189321,0,0,0,0,0,0
100189323,0,4,0,0,0,0
100189324,0,0,0,0,0,0
100189326,0,0,0,0,0,0
100189328,0,0,0,0,0,0
100189329,0,0,0,0,0,0
100189331,0,0,0,0,0,0
100189332,0,0,0,0,0,0
100189333,0,0,0,1,0,0
100189334,0,0,0,0,0,0
100189335,0,0,0,0,0,0
100189336,0,0,0,0,0,0
100189337,0,0,0,0,0,0
100189339,0,0,0,2,5,0
100189340,0,0,0,0,0,1
100189342,0,0,0,0,0,0
100189343,0,0,0,0,0,0
100189344,0,0,0,0,0,0
100189345,0,0,0,0,0,1
100189346,0,0,0,0,0,0
100189347,0,2,3,1,1,2
100189348,0,0,0,0,0,0
100189352,3,0,0,0,0,0
100189354,0,0,0,0,0,0
100189355,0,0,1,0,0,0
100189356,0,0,0,0,0,0
100189357,1,0,1,0,1,1
100189359,1,0,1,2,1,2
100189360,0,0,0,0,0,0
100189362,0,0,0,0,0,0
100189363,0,0,0,0,0,0
100189364,0,0,0,0,0,0
100189365,0,0,0,0,0,0
100189366,0,0,0,0,0,0
100189368,0,0,0,0,0,0
100189370,0,0,0,0,0,0
100189371,0,0,0,0,0,0
100189372,0,0,0,1,0,0
100189373,0,0,1,1,2,0
100189374,0,0,0,0,0,0
100189376,0,0,0,0,0,0
100189378,0,0,0,0,0,0
100189379,0,0,0,0,0,0
100189380,0,0,0,0,0,0
100189382,0,0,0,0,0,0
100189383,0,0,0,0,0,0
100189384,0,0,2,0,0,0
100189385,0,0,0,0,0,0
100189387,0,0,0,0,1,0
100189388,0,0,0,1,0,0
100189390,0,0,0,0,0,0
100189391,0,0,0,0,0,0
100189393,0,0,0,0,0,0
100189394,0,0,0,0,0,0
100189395,0,0,0,0,0,0
100189396,0,0,0,0,0,0
100189399,0,0,0,0,0,2
100189400,0,0,0,0,0,0
100189401,0,0,0,0,0,0
100189402,0,2,0,4,2,0
100189405,0,0,0,0,0,0
100189406,0,0,0,0,0,0
100189407,1,0,1,5,1,5
100189408,0,0,0,0,0,0
100189409,0,1,0,0,1,0
100189410,0,0,0,0,0,0
100189412,0,0,0,0,2,0
100189413,0,0,0,0,0,0
100189414,0,0,0,0,0,0
100189415,0,3,2,0,1,1
100189416,1,0,0,0,1,0
100189418,0,0,0,0,0,0
100189419,0,0,0,0,0,0
100189422,0,0,0,0,0,0
100189424,0,0,0,0,0,0
100189425,0,0,0,0,0,0
100189427,0,0,0,0,0,0
100189428,1,0,0,1,1,3
100189430,0,0,0,0,0,0
100189432,5,0,7,0,0,0
100189433,0,0,0,0,0,0
100189435,0,0,0,0,0,0
100189436,0,0,0,0,0,0
100189437,0,0,0,0,0,0
100189438,0,0,0,0,0,0
100189541,0,0,0,0,0,0
100189589,1,1,2,0,1,2
10019,309,352,428,230,128,266
100190938,3,4,6,1,0,2
100190939,149,175,211,155,130,146
100190940,0,0,0,0,0,0
100190949,0,0,0,0,0,0
100190986,12,15,18,0,2,2
100191040,18,11,21,7,16,6
100191063,0,0,0,0,0,0
100192204,0,0,0,0,0,0
100192378,0,0,0,0,0,0
100192379,0,0,0,0,0,0
100192386,0,0,0,0,0,0
100192420,2,9,2,0,3,1
100192426,0,3,0,0,1,0
1002,0,0,0,0,0,0
10020,1574,1643,1852,1280,840,980
10021,1,5,4,14,5,17
100216001,13,17,30,10,3,5
100216479,0,0,0,0,0,0
100216545,39,36,54,35,48,36
100216546,174,224,188,18,12,35
10022,0,1,0,0,0,0
10023,49,43,66,100,106,117
100233156,0,0,0,0,0,0
100233209,13,10,23,6,4,3
10024,426,430,542,142,167,222
100240728,0,0,0,0,0,0
100240734,0,0,0,0,1,0
100240735,1,3,1,0,1,0
10025,504,616,670,768,895,873
10026,622,692,657,531,593,463
100268168,23,43,41,46,46,48
100270679,0,0,0,0,0,0
100270680,3,8,7,9,6,5
100270746,20,15,19,38,42,24
100270804,30,30,28,8,8,3
100271702,0,0,0,0,0,0
100271715,24,43,36,28,22,29
100271722,1,3,0,5,1,3
100271832,0,0,2,0,0,2
100271835,0,0,0,0,0,0
100271836,134,169,218,96,29,90
100271846,0,0,0,0,0,0
100271849,0,4,1,3,0,2
100271873,1,0,0,0,0,0
100271874,2,0,0,1,0,0
100271927,66,59,68,182,119,131
100272147,116,92,110,156,283,147
100272216,0,0,0,0,0,0
100272217,16,17,10,0,0,9
100272228,169,175,188,42,15,38
100286844,18,37,31,10,8,7
100286922,0,0,0,0,0,0
100286938,0,0,0,1,0,0
100286979,5,6,4,1,0,3
100287010,0,0,0,0,0,0
100287013,0,1,0,1,3,3
100287015,47,60,62,80,113,100
100287029,4,7,12,18,10,15
100287036,17,13,23,18,19,26
100287042,27,26,10,14,13,23
100287072,0,0,0,0,0,0
100287082,1,0,3,1,4,1
100287083,0,0,0,0,0,0
100287098,6,4,17,7,12,12
100287102,2,0,0,1,1,0
100287114,0,0,0,0,0,0
100287144,0,0,0,0,0,0
100287171,215,213,249,156,132,143
100287177,10,6,11,27,37,30
100287178,0,0,0,0,1,0
100287205,0,0,0,0,0,0
100287216,41,56,47,134,51,116
100287225,0,0,0,0,0,0
100287226,0,0,0,0,0,0
100287227,1,18,19,14,15,13
100287238,0,0,0,0,0,0
100287284,45,62,60,20,11,39
100287294,0,0,0,0,0,0
100287314,267,334,315,310,258,394
100287327,0,0,0,0,0,1
100287362,0,0,0,0,0,0
100287364,0,0,0,0,0,0
100287387,21,23,33,35,43,48
100287399,0,0,0,0,0,0
100287404,0,0,0,0,0,0
100287441,0,0,0,0,0,0
100287477,0,0,4,0,0,0
100287478,0,0,0,0,0,0
100287482,41,71,69,110,159,137
100287513,0,0,0,0,0,0
100287559,0,7,2,0,0,0
100287569,6,14,19,10,8,15
100287592,0,0,0,0,0,0
100287596,0,0,0,2,1,2
100287616,286,291,320,216,184,194
100287632,0,0,0,0,0,0
100287639,0,0,0,0,0,0
100287704,0,0,0,0,0,0
100287718,0,0,0,0,0,0
100287722,21,22,18,6,0,4
100287728,0,0,0,1,0,0
100287765,119,100,97,64,49,84
100287792,0,0,0,0,0,0
100287808,0,0,0,0,0,0
100287814,4,1,2,0,0,0
100287823,0,0,0,0,0,0
100287834,0,0,0,0,0,0
100287846,0,0,0,0,0,0
100287879,0,0,0,0,0,0
100287896,63,60,67,42,59,27
100287898,0,0,0,0,0,0
100287902,7,18,15,20,41,41
100287932,1611,1723,1743,2544,2817,2656
100287944,2,0,7,1,0,5
100287948,0,0,0,0,0,0
100288069,64,63,96,44,13,62
100288072,3,2,5,1,3,7
100288077,0,0,0,0,0,0
100288079,0,0,0,0,0,0
100288122,0,0,0,0,0,0
100288123,24,18,34,1,2,7
100288142,139,152,160,140,101,94
100288152,175,185,228,159,130,198
100288162,9,51,95,73,3,23
100288181,91,104,100,57,79,50
100288198,43,20,31,33,24,37
100288254,3,0,0,1,0,0
100288287,0,0,0,0,0,0
100288323,0,0,0,0,0,0
100288332,2,1,4,1,2,1
100288346,0,0,0,0,0,0
100288380,2,0,0,0,0,0
100288413,0,0,0,0,0,0
100288428,12,3,14,1,12,6
100288432,0,0,3,7,3,1
100288485,0,0,0,0,0,0
100288486,0,0,0,0,1,0
100288520,0,0,0,0,0,0
100288524,0,0,0,0,0,0
100288527,0,0,0,0,0,0
100288562,0,0,0,0,0,0
100288570,0,2,3,2,2,3
100288615,23,9,17,3,5,11
100288637,53,53,55,27,5,24
100288687,0,0,0,0,0,0
100288695,4,7,18,15,0,12
100288730,1,0,3,0,0,2
100288748,31,46,63,34,40,43
100288778,5,76,8,63,3,5
100288797,13,4,6,8,10,19
100288798,67,67,82,88,167,103
100288801,1,0,0,1,0,0
100288805,16,31,15,2,1,4
100288814,1,0,1,1,0,0
100288831,0,0,0,0,0,0
100288842,49,31,31,26,21,37
100288846,2,4,1,2,7,2
100288866,0,1,0,0,0,0
100288911,0,0,0,0,0,2
100288966,0,0,0,0,0,0
100288974,6,5,12,3,1,4
100289017,0,0,0,0,0,0
100289019,196,205,264,55,47,117
100289087,0,0,0,0,0,0
100289092,11,13,11,15,15,12
100289097,193,200,249,195,217,177
100289098,18,18,23,53,68,53
100289124,0,0,0,0,0,0
100289137,20,24,23,5,3,4
100289150,0,0,0,0,0,0
100289178,1,5,3,4,4,5
100289187,35,23,22,67,97,41
100289211,2,2,1,2,1,0
100289230,31,26,25,19,10,20
100289255,0,0,0,0,0,0
100289279,0,4,0,4,1,0
100289333,0,0,2,0,1,0
100289341,42,41,44,90,112,132
100289361,4,1,8,9,9,14
100289373,18,15,28,11,15,16
100289388,21,20,33,34,36,22
100289410,68,100,131,161,126,117
100289462,0,0,0,0,0,0
100289473,3,0,3,4,0,2
100289495,13,18,7,36,32,18
100289509,8,19,16,2,8,1
100289511,9,5,13,18,3,19
100289561,21,19,20,9,5,0
100289574,0,0,0,0,0,0
100289580,16,15,33,3,0,4
100289635,681,631,689,200,147,160
100289650,0,1,0,0,0,1
100289656,0,0,0,0,0,0
100289673,0,0,0,0,0,0
100289678,401,423,469,413,250,460
100292680,2301,2286,2633,1129,883,1601
100293516,485,484,510,364,311,429
100293704,8,8,15,7,24,18
100294145,0,0,0,0,0,0
100294362,26,43,52,10,1,11
100294720,0,0,0,0,0,0
1003,226,264,279,203,138,323
100302111,0,0,0,0,0,0
100302112,0,0,0,0,0,0
100302113,0,0,0,0,0,0
100302114,0,0,0,0,0,0
100302115,0,0,0,0,0,0
100302116,0,0,0,0,0,0
100302117,0,0,0,0,0,0
100302118,0,0,0,2,0,1
100302119,0,0,0,0,0,1
100302121,0,0,0,0,0,0
100302122,0,0,0,0,0,0
100302123,0,0,0,0,0,0
100302124,0,0,2,0,0,0
100302125,0,0,0,0,0,0
100302126,0,0,0,0,0,0
100302127,0,0,0,0,0,0
100302128,0,1,0,0,0,1
100302129,1,0,0,1,0,4
100302130,0,0,0,0,0,0
100302131,0,0,0,0,0,0
100302132,0,0,0,0,0,0
100302133,0,0,0,0,0,0
100302134,0,0,0,0,0,0
100302135,0,2,1,3,0,0
100302136,1,0,0,0,0,0
100302137,7,12,9,11,5,2
100302138,0,0,1,0,0,0
100302139,0,0,2,0,0,0
100302140,0,0,0,0,0,0
100302141,0,0,0,0,0,0
100302142,0,0,0,0,0,0
100302143,0,0,0,0,0,0
100302144,0,0,0,0,0,0
100302145,2,0,0,2,0,2
100302146,0,0,1,0,0,0
100302147,0,0,0,0,0,0
100302148,0,0,0,0,0,0
100302149,3,5,0,0,1,3
100302150,0,0,0,0,0,0
100302152,0,0,0,0,0,0
100302153,0,0,0,0,0,0
100302155,0,0,0,0,0,0
100302156,0,0,0,0,0,0
100302157,0,0,0,0,0,0
100302158,0,0,0,0,0,0
100302159,0,0,0,0,0,0
100302160,0,0,0,0,0,0
100302161,1,0,1,0,0,0
100302163,0,0,0,0,0,0
100302164,0,0,0,0,0,0
100302165,0,0,0,0,0,0
100302166,0,0,0,0,0,0
100302167,2,0,0,0,0,0
100302168,0,0,0,0,0,0
100302169,0,0,0,0,0,0
100302170,1,0,6,0,0,0
100302171,0,0,0,0,0,0
100302172,0,0,0,0,0,0
100302174,0,0,0,0,0,0
100302175,1,0,2,1,0,0
100302177,0,0,0,0,0,0
100302178,0,0,0,0,0,0
100302179,0,0,0,0,0,0
100302181,0,0,0,0,0,0
100302182,0,0,0,0,0,0
100302183,0,0,0,0,0,0
100302184,0,0,0,0,0,0
100302185,7,5,11,7,18,10
100302186,0,0,0,0,0,0
100302187,0,0,0,0,0,0
100302188,0,0,0,0,0,0
100302190,0,0,0,0,0,0
100302191,0,0,0,0,0,0
100302192,0,0,0,0,0,0
100302193,0,0,0,0,0,0
100302195,0,0,0,0,0,0
100302196,0,0,0,0,0,0
100302197,0,0,0,0,0,0
100302201,0,0,0,0,0,0
100302202,0,0,0,0,0,0
100302203,0,0,0,0,0,0
100302204,0,0,0,0,0,0
100302205,0,0,0,0,0,0
100302208,0,0,0,0,0,0
100302209,0,0,0,0,0,0
100302210,0,0,0,0,0,0
100302211,0,0,0,0,0,0
100302212,0,0,0,0,0,0
100302213,0,0,0,0,0,0
100302214,0,0,0,0,0,0
100302217,0,0,1,0,0,0
100302218,1,2,9,0,0,1
100302219,0,0,0,0,0,0
100302220,0,0,0,0,0,0
100302221,0,0,0,0,0,0
100302222,0,0,0,0,0,0
100302223,0,0,0,0,0,0
100302224,0,0,0,0,0,0
100302225,0,0,0,0,0,0
100302226,0,0,0,0,0,0
100302227,0,0,0,0,0,0
100302228,0,0,0,0,0,0
100302229,0,0,0,0,0,0
100302232,0,0,0,0,0,0
100302233,0,0,0,0,0,0
100302234,0,0,0,0,0,0
100302235,0,0,0,0,0,0
100302236,0,0,0,0,0,0
100302237,3,1,2,10,2,13
100302238,0,0,0,0,0,0
100302239,0,0,0,0,0,0
100302240,1,4,6,2,2,3
100302242,0,0,0,0,0,0
100302243,0,0,0,0,0,0
100302246,0,0,0,0,0,1
100302250,0,0,0,0,0,0
100302251,0,0,0,0,0,0
100302254,0,0,0,0,0,0
100302255,0,0,0,0,0,0
100302256,0,0,0,2,2,5
100302257,0,0,0,0,0,0
100302258,1,0,3,1,0,1
100302259,0,0,0,0,0,0
100302260,0,0,0,0,0,0
100302261,0,0,0,0,0,0
100302263,0,0,0,0,0,0
100302265,0,0,0,0,0,0
100302267,0,0,0,0,0,0
100302268,0,0,0,0,0,0
100302270,0,0,0,0,0,0
100302273,30,53,60,3,6,10
100302274,0,0,0,0,0,0
100302275,2,1,1,0,0,0
100302276,0,0,1,0,0,0
100302277,0,0,0,0,0,0
100302278,0,0,0,0,0,0
100302279,0,0,0,0,0,0
100302280,0,0,0,0,0,0
100302281,0,0,0,0,0,0
100302282,0,0,0,0,0,0
100302283,0,0,0,0,0,0
100302284,0,0,0,0,0,0
100302285,0,0,0,0,0,0
100302286,0,0,0,0,0,0
100302287,0,0,0,0,0,0
100302288,0,0,0,0,0,0
100302289,0,0,0,0,0,0
100302290,0,0,0,0,0,0
100302401,19,18,16,22,7,15
100302526,0,0,0,0,0,0
100302640,11,25,26,75,93,110
100302650,3,3,3,2,0,2
100302652,0,0,0,0,0,0
100302691,9,9,18,11,7,3
100302692,67,86,112,49,28,45
100302736,2,0,1,1,0,0
100302738,0,0,0,0,0,0
100302739,0,0,0,0,0,0
100302740,0,0,0,0,0,0
100302741,0,0,0,0,0,0
100302742,0,0,0,0,0,0
100302743,1,1,2,0,0,2
100302746,0,0,0,0,0,0
100303453,2,2,1,0,0,0
100303491,0,0,0,0,0,0
100303728,50,31,46,31,32,57
100303749,1,0,0,0,0,2
100303755,34,32,21,47,77,65
100306951,124,141,132,227,272,260
100306975,1,4,0,0,0,0
100309464,0,1,0,0,0,0
100310812,7,4,12,0,0,4
100310846,51,44,49,13,7,15
100313769,0,2,1,0,0,3
100313770,1,0,0,0,0,0
100313771,0,0,0,0,0,0
100313772,0,0,0,0,0,0
100313773,0,0,0,0,0,0
100313774,0,0,0,0,0,0
100313777,0,0,0,0,0,0
100313778,0,0,0,0,0,0
100313779,0,0,0,0,0,0
100313780,2,0,0,0,0,0
100313781,0,0,0,0,0,0
100313806,0,0,0,0,0,0
100313822,0,0,0,0,0,0
100313824,0,0,0,0,0,0
100313829,0,1,0,0,0,0
100313830,0,0,0,0,0,0
100313835,0,0,0,0,0,0
100313837,0,0,0,0,0,0
100313838,0,0,0,0,0,0
100313839,0,0,0,0,0,0
100313840,0,0,0,0,0,0
100313841,0,0,0,0,0,0
100313842,0,0,0,0,0,0
100313843,0,0,0,0,0,0
100313884,0,0,0,0,0,0
100313886,0,1,1,0,0,0
100313887,0,0,0,0,0,0
100313892,0,0,0,0,0,0
100313895,0,0,0,0,0,0
100313896,0,0,0,0,0,0
100313914,0,0,0,0,0,0
100313921,0,0,0,0,0,0
100313923,0,0,0,0,0,0
100313938,0,0,0,0,0,0
100316868,0,1,0,0,0,1
100316904,32,39,61,26,7,29
100329109,42,56,35,24,24,37
100329135,0,0,0,2,0,0
100335030,8,11,15,1,0,5
100337591,0,0,0,0,0,0
100337616,0,0,0,0,0,0
100359394,0,0,0,0,0,0
10036,225,357,328,322,293,315
100379132,0,2,1,0,1,0
100379141,0,1,1,0,0,0
100379174,0,1,0,0,0,0
100379220,14,5,6,1,0,1
100379224,3,6,3,0,0,1
100379249,2,0,2,0,2,1
100379250,0,0,0,0,0,0
100379251,4,8,5,1,0,0
100379345,11,5,11,10,12,8
100379571,26,24,45,20,8,10
100379661,14,2,8,4,4,3
10038,449,477,461,551,669,569
100381270,862,899,798,275,78,342
10039,479,633,652,883,844,922
1004,0,0,0,0,0,0
10040,1341,1316,1544,1066,970,947
100419583,1,0,0,1,0,0
100419743,0,1,0,0,1,0
100419868,0,0,1,0,0,0
10042,750,796,841,323,238,326
100420587,0,0,0,0,0,0
100421577,17,12,24,12,27,23
100421746,0,0,0,0,0,0
100422212,0,0,0,0,0,0
100422556,5,4,7,2,0,3
100422737,0,0,0,0,0,0
100422821,0,0,1,0,0,0
100422823,0,0,0,0,0,0
100422824,0,0,0,0,0,0
100422825,0,0,0,0,0,0
100422826,0,0,0,0,0,0
100422827,0,0,0,0,0,0
100422828,0,0,0,0,0,0
100422829,0,0,0,0,0,0
100422830,0,0,0,0,0,0
100422831,0,0,0,0,0,0
100422832,0,0,0,0,0,0
100422833,0,0,0,0,0,0
100422834,0,0,0,0,0,0
100422835,0,0,0,0,0,0
100422836,0,0,0,0,0,0
100422837,0,0,0,0,0,0
100422838,0,0,0,0,0,0
100422839,0,0,0,0,0,0
100422840,0,0,0,0,0,0
100422841,3,0,1,0,0,0
100422842,4,4,3,0,0,0
100422843,0,0,0,0,0,0
100422844,0,0,0,0,0,0
100422845,0,0,0,0,0,0
100422846,0,0,0,0,0,0
100422847,0,0,0,0,0,0
100422848,0,0,0,0,0,0
100422849,0,0,0,0,0,0
100422850,0,0,1,0,0,0
100422851,0,0,0,0,0,0
100422852,0,0,0,0,0,0
100422853,0,0,0,0,0,0
100422854,0,0,0,0,0,0
100422855,0,0,0,0,0,0
100422856,0,0,0,0,0,0
100422857,0,0,0,0,0,0
100422858,0,0,0,0,0,0
100422859,2,0,0,0,0,2
100422860,7,8,13,6,7,10
100422861,0,0,0,0,0,0
100422862,0,0,2,0,0,0
100422863,0,0,0,0,0,0
100422864,4,2,1,0,0,0
100422865,0,0,0,0,0,0
100422866,0,1,0,0,0,0
100422867,0,0,0,0,0,0
100422868,0,0,0,0,0,0
100422869,0,0,0,0,0,0
100422870,0,0,0,0,0,0
100422871,0,0,0,0,0,0
100422872,5,8,5,9,9,9
100422873,0,0,0,0,0,0
100422874,0,0,0,0,0,0
100422875,3,3,0,0,0,0
100422876,0,0,0,0,0,0
100422877,0,0,0,0,0,0
100422878,0,0,0,0,0,0
100422879,3,4,2,1,1,3
100422880,1,0,3,1,0,0
100422881,0,0,0,0,0,0
100422882,0,0,0,0,0,0
100422883,0,0,0,0,0,0
100422884,0,0,0,0,0,0
100422885,110,102,92,66,115,100
100422886,0,0,0,0,0,0
100422887,0,0,0,0,0,0
100422888,0,0,0,0,0,0
100422889,0,0,0,0,0,0
100422891,0,0,0,0,0,0
100422892,0,0,1,0,0,0
100422893,0,0,0,0,0,0
100422894,0,0,0,1,0,1
100422895,0,0,0,0,0,0
100422896,0,0,0,0,0,0
100422897,0,0,0,0,0,0
100422898,0,0,0,0,0,0
100422899,0,0,0,0,0,0
100422900,0,0,0,0,0,0
100422901,0,0,0,0,0,0
100422902,0,0,0,0,0,0
100422903,0,0,0,0,0,0
100422904,0,0,0,0,0,0
100422905,0,0,0,0,0,0
100422907,0,0,0,0,0,0
100422908,0,0,0,0,0,0
100422909,0,0,0,0,0,0
100422910,1,2,4,2,2,6
100422911,0,0,0,0,0,0
100422912,0,0,0,0,0,0
100422913,1,3,0,4,1,0
100422914,0,0,0,0,0,0
100422915,0,0,0,0,0,0
100422916,0,0,0,0,0,0
100422917,0,0,0,0,0,0
100422918,0,3,0,0,0,0
100422919,0,0,0,0,0,0
100422920,0,0,0,0,0,0
100422921,2,0,0,0,0,0
100422922,0,0,1,0,0,0
100422923,0,0,0,0,0,0
100422924,0,0,0,0,0,0
100422925,0,0,0,0,1,0
100422926,0,0,0,0,0,0
100422927,0,0,0,0,0,0
100422928,0,0,0,0,0,0
100422929,0,0,2,0,0,0
100422930,0,0,0,0,0,0
100422931,0,1,2,0,0,0
100422932,0,0,0,0,0,0
100422933,0,0,0,0,0,0
100422934,0,0,3,0,0,0
100422935,0,0,0,0,0,0
100422936,0,5,0,2,0,0
100422937,0,0,0,0,0,0
100422938,0,0,0,0,0,0
100422939,0,0,0,0,0,0
100422940,3,0,0,0,0,0
100422941,0,0,0,0,1,0
100422942,0,0,0,0,0,0
100422943,10,1,20,4,1,7
100422944,6,6,8,0,0,1
100422945,0,0,0,0,0,0
100422946,0,0,0,0,0,0
100422947,0,0,0,0,0,0
100422948,4,1,0,0,0,1
100422949,0,0,0,0,0,0
100422950,0,0,0,0,0,0
100422951,0,0,0,0,0,0
100422952,0,3,0,0,0,0
100422953,0,0,0,0,0,0
100422954,0,0,0,0,0,0
100422955,0,0,0,0,0,0
100422956,0,0,0,0,0,0
100422957,0,0,0,0,0,0
100422959,0,0,0,0,0,0
100422960,0,0,0,0,0,0
100422961,0,0,0,0,0,0
100422962,0,0,0,0,0,0
100422963,0,0,0,0,0,0
100422964,0,0,0,0,0,0
100422965,3,10,5,3,8,12
100422966,0,0,0,0,0,0
100422967,1,0,0,0,0,0
100422968,0,0,0,0,0,0
100422969,0,0,0,0,0,0
100422970,0,0,0,0,0,0
100422971,3,0,4,0,0,0
100422972,0,0,0,3,2,7
100422973,0,0,0,0,0,0
100422974,1,0,4,0,3,0
100422975,0,0,0,0,0,0
100422976,0,1,7,0,0,1
100422977,0,0,0,0,0,0
100422978,0,0,0,0,0,0
100422979,5,7,2,1,0,0
100422980,0,0,0,0,0,0
100422981,0,0,1,0,0,0
100422982,0,0,2,0,0,0
100422983,0,0,0,0,0,0
100422984,0,0,0,0,0,0
100422985,0,0,0,0,0,0
100422986,1,0,2,0,0,0
100422987,0,0,0,0,0,0
100422988,0,0,0,0,0,0
100422989,0,0,0,0,0,0
100422990,0,0,0,0,0,0
100422991,0,0,0,0,0,0
100422992,0,0,0,0,0,0
100422993,0,0,0,0,0,0
100422994,0,0,0,0,0,0
100422995,0,0,0,0,0,0
100422996,0,0,0,0,0,0
100422997,0,0,0,0,0,0
100422998,0,0,0,0,0,0
100422999,0,0,0,0,0,0
100423000,0,0,0,0,0,0
100423001,1,1,0,0,0,0
100423002,0,0,0,0,0,0
100423003,0,0,0,0,0,0
100423004,0,0,0,0,0,0
100423005,0,0,0,0,0,0
100423006,0,0,0,0,0,0
100423008,0,0,0,0,0,0
100423009,0,0,0,0,0,0
100423010,0,0,0,0,0,0
100423011,0,0,0,0,0,0
100423012,1,1,0,0,0,2
100423013,0,0,0,0,0,0
100423014,0,0,0,0,0,0
100423015,0,0,0,0,0,0
100423016,0,0,0,0,0,0
100423017,0,0,0,0,5,0
100423018,0,0,0,0,0,0
100423019,0,0,0,0,0,0
100423020,6,3,9,4,2,5
100423021,0,0,0,0,0,0
100423023,0,0,0,0,0,0
100423025,0,0,0,0,0,0
100423026,0,0,0,0,0,0
100423027,0,0,0,0,0,0
100423028,1,0,0,1,0,0
100423029,0,0,0,0,0,0
100423030,0,0,0,0,0,0
100423031,0,0,0,0,0,0
100423032,0,0,0,0,0,0
100423033,0,0,0,0,0,0
100423034,0,0,0,0,0,0
100423035,0,0,0,0,0,0
100423036,0,0,0,0,0,0
100423037,1,7,9,3,0,3
100423038,0,0,0,0,0,0
100423039,1,0,3,0,0,0
100423040,0,0,0,0,0,0
100423041,0,0,0,0,0,1
100423042,0,0,0,0,0,0
100423043,0,0,0,0,0,0
100423062,0,0,0,0,0,0
10043,485,565,649,605,722,631
100431172,0,0,0,0,0,0
10044,36,18,31,82,67,34
10045,813,885,1038,1515,1663,1554
10046,68,92,85,104,77,84
100462953,0,4,5,0,0,0
100462977,8,20,16,12,22,17
100462981,8,13,19,16,13,11
100462983,2,0,3,1,0,0
100463285,5,1,6,4,0,0
100463289,0,0,0,0,0,0
100463482,0,0,1,0,0,0
100463486,9,5,15,11,9,3
100463487,0,0,1,0,0,1
100463488,6,12,9,5,2,5
10047,0,0,0,0,0,0
10048,1244,1246,1534,1775,1194,1618
10049,1812,1974,2242,2734,2583,2401
100498859,0,1,1,0,0,0
100499171,0,0,0,0,0,0
100499177,531,444,530,305,250,202
100499183,1,7,0,3,3,6
100499194,0,0,0,0,0,1
100499227,5,2,1,11,6,9
100499405,24,28,24,38,46,31
100499466,773,727,762,543,277,560
100499467,246,273,315,268,253,221
100499483,0,0,0,0,0,0
100499484,7,18,19,7,1,8
100499489,22,14,15,28,28,43
1005,0,8,0,0,0,0
10050,0,0,1,0,0,0
100500773,0,0,0,0,0,0
100500801,0,0,0,0,0,0
100500802,10,19,5,0,1,1
100500803,0,0,0,0,0,0
100500804,1578,1620,1894,2039,2386,1747
100500805,0,0,3,5,0,2
100500807,0,0,0,0,0,0
100500808,0,0,0,0,0,0
100500809,0,0,0,0,0,0
100500810,0,0,0,0,0,0
100500811,0,0,0,0,0,0
100500812,1,1,7,1,1,0
100500813,0,0,0,0,0,0
100500814,0,0,0,0,0,0
100500815,0,0,0,0,0,0
100500816,4,0,1,0,0,0
100500817,0,0,0,0,0,0
100500818,0,0,0,0,0,0
100500819,0,0,1,0,0,0
100500820,0,0,0,0,0,0
100500821,0,0,0,0,0,0
100500822,0,0,0,0,0,0
100500823,0,0,0,0,0,0
100500824,0,0,0,0,0,0
100500825,0,0,0,0,0,0
100500826,0,1,0,0,0,0
100500827,0,0,0,0,0,0
100500828,0,0,2,0,0,0
100500829,0,0,0,0,0,0
100500830,0,0,0,0,0,0
100500831,0,0,0,0,0,0
100500832,0,0,0,0,0,0
100500833,1,1,0,2,0,0
100500834,0,0,0,0,0,0
100500835,0,0,0,0,0,0
100500836,0,0,0,0,0,0
100500837,0,0,0,0,0,0
100500838,0,0,0,0,0,0
100500839,0,0,0,0,0,0
100500840,0,0,0,0,0,0
100500841,0,0,0,0,0,0
100500842,0,0,0,0,0,0
100500843,0,0,0,0,0,0
100500844,0,0,0,0,0,0
100500845,0,0,0,0,0,0
100500846,0,0,0,0,0,0
100500847,0,0,0,0,0,0
100500849,55,59,49,30,13,26
100500850,3,6,4,0,1,0
100500851,0,0,0,0,0,0
100500852,0,0,0,0,0,0
100500853,1,0,4,3,0,1
100500854,2,0,3,0,0,0
100500855,0,0,0,0,0,0
100500856,0,0,0,0,0,0
100500857,0,6,6,0,0,0
100500858,0,0,0,0,0,0
100500859,0,0,0,0,0,0
100500860,0,0,0,0,0,0
100500861,0,0,0,0,0,0
100500862,2,1,3,7,3,8
100500863,0,0,0,0,0,0
100500864,1,0,2,0,3,0
100500865,10,17,30,5,2,5
100500866,0,0,0,0,0,0
100500867,0,0,0,0,0,0
100500868,0,0,0,0,0,0
100500869,0,0,0,0,0,0
100500870,0,0,0,0,0,0
100500871,0,0,0,0,0,0
100500872,3,5,2,2,5,8
100500873,6,4,5,6,2,6
100500875,0,0,0,0,0,0
100500876,0,0,0,0,0,0
100500877,0,0,0,0,0,0
100500878,0,0,0,0,0,0
100500879,0,0,0,0,0,0
100500880,0,5,2,0,0,0
100500881,0,0,0,0,0,0
100500882,0,0,0,0,0,0
100500883,0,0,0,0,0,0
100500884,0,0,0,0,0,0
100500885,0,0,0,0,0,0
100500886,0,0,0,0,0,0
100500887,0,0,0,0,0,0
100500888,0,0,0,0,0,0
100500889,0,0,1,0,0,0
100500890,0,0,0,0,0,0
100500891,0,0,0,0,0,0
100500893,0,0,0,0,0,0
100500894,0,0,0,0,0,0
100500895,0,0,0,0,0,0
100500896,0,0,0,0,0,0
100500897,2,0,1,0,0,0
100500898,0,0,0,0,0,0
100500899,0,0,0,0,0,0
100500900,0,0,0,0,0,0
100500901,0,0,0,0,0,0
100500902,0,0,0,0,0,0
100500903,0,0,0,0,0,0
100500904,1,6,0,1,0,0
100500905,0,0,0,0,0,0
100500906,0,0,0,0,0,0
100500907,0,0,0,0,0,0
100500908,3,2,3,0,0,2
100500909,0,0,0,0,0,0
100500910,0,0,0,0,0,0
100500911,0,0,0,0,0,3
100500912,0,0,0,0,0,0
100500913,0,0,0,0,0,0
100500914,0,0,0,0,0,0
100500915,0,0,0,0,0,0
100500916,0,0,0,0,0,0
100500917,1,0,3,0,0,0
100500918,0,0,0,0,0,0
100500919,0,0,0,0,0,0
100500920,0,0,0,0,0,0
100500938,0,1,0,0,0,0
100505385,0,0,0,0,0,0
100505474,3,7,2,1,0,4
100505475,0,0,0,0,0,0
100505477,0,0,0,0,0,0
100505478,2,2,2,4,1,0
100505483,24,20,19,55,69,34
100505495,0,0,0,1,0,0
100505502,0,0,3,0,0,0
100505515,3,0,0,0,0,0
100505518,0,1,0,0,0,0
100505530,0,0,0,0,0,0
100505532,6,15,8,13,9,8
100505536,20,18,28,6,3,6
100505538,54,69,68,46,32,22
100505540,0,0,0,0,0,0
100505545,0,0,0,0,0,0
100505547,102,98,106,15,29,35
100505549,10,17,16,14,19,19
100505555,0,0,0,0,0,0
100505561,1,2,11,20,15,8
100505566,0,0,0,0,0,0
100505573,77,102,93,192,172,164
100505576,74,67,66,38,5,34
100505583,0,0,0,0,0,0
100505588,0,0,0,0,1,1
100505591,0,0,0,0,4,0
100505592,0,0,1,0,1,0
100505601,4,2,5,5,6,8
100505609,0,0,0,0,0,0
100505616,47,30,53,34,22,37
100505619,0,0,0,0,0,0
100505621,15,9,10,23,24,22
100505622,0,1,11,7,7,6
100505624,0,0,3,0,0,0
100505625,4,1,2,1,1,0
100505633,30,18,11,51,60,49
100505635,0,0,0,0,0,0
100505636,49,40,71,48,40,44
100505641,4130,4080,4267,3533,2468,3115
100505648,41,59,94,41,6,30
100505658,0,0,15,2,0,1
100505659,0,0,0,0,0,1
100505663,0,0,0,0,0,0
100505666,12,18,17,35,25,38
100505676,1,3,5,1,3,3
100505678,0,0,0,0,0,0
100505679,0,0,0,0,0,0
100505681,14,11,14,24,30,24
100505683,9,5,7,4,11,17
100505687,144,137,141,185,206,167
100505692,9,13,4,3,2,2
100505696,102,96,85,20,6,24
100505702,14,2,7,14,3,10
100505715,23,11,29,4,11,10
100505716,22,5,23,4,0,4
100505718,0,0,0,0,0,0
100505724,0,0,0,0,0,0
100505736,2,0,6,0,0,3
100505738,150,170,173,129,160,121
100505739,0,0,0,0,0,0
100505741,15,9,15,6,0,3
100505746,58,70,82,43,26,75
100505753,0,0,0,0,0,0
100505758,8,3,5,1,0,2
100505761,206,217,249,224,333,296
100505767,17,18,13,4,1,2
100505768,2,0,1,0,0,0
100505776,0,0,0,0,0,0
100505782,0,0,0,0,0,0
100505783,125,141,131,168,193,154
100505795,1,0,4,0,0,0
100505797,0,0,0,0,0,0
100505806,75,74,83,83,88,66
100505811,0,0,0,0,0,0
100505812,11,14,15,19,18,11
100505817,33,29,44,19,20,34
100505826,23,12,10,17,10,24
100505832,0,0,0,0,0,0
100505835,0,0,0,0,0,0
100505839,325,284,331,64,60,97
100505841,0,0,0,0,0,0
100505845,0,0,0,0,0,0
100505851,0,0,0,0,0,0
100505853,0,0,0,0,0,0
100505854,103,120,101,149,160,152
100505865,68,52,61,62,37,51
100505869,11,5,7,7,15,12
100505875,0,0,0,0,1,0
100505876,1222,1152,1193,753,768,667
100505877,1,0,0,2,3,0
100505878,0,0,0,0,0,0
100505879,0,0,0,0,0,0
100505881,11,10,8,6,4,1
100505887,0,0,0,0,0,0
100505890,0,0,0,0,0,0
100505893,0,0,0,0,0,0
100505894,93,116,159,133,169,104
100505912,4,6,15,6,0,1
100505915,0,3,0,0,0,1
100505918,0,0,0,0,0,2
100505920,6,5,3,2,3,4
100505921,9,7,7,4,4,8
100505929,0,0,0,0,0,0
100505933,0,3,0,2,2,0
100505938,2,0,1,0,1,2
100505942,6,4,5,17,31,14
100505964,0,0,0,0,0,0
100505967,1,0,0,0,0,0
100505975,4,1,2,2,3,3
100505978,0,0,0,0,0,0
100505984,0,0,0,0,3,0
100505989,0,0,0,0,0,0
100505993,0,0,0,0,0,1
100505994,1086,1142,1415,587,370,841
100505996,0,0,0,0,0,0
100506007,12,8,3,7,6,7
100506012,7,10,3,11,19,5
100506013,0,1,0,0,0,0
100506022,3,4,8,3,0,3
100506023,21,20,24,34,32,36
100506025,2,1,0,0,0,0
100506033,5,4,7,3,2,3
100506035,0,0,0,0,0,0
100506046,13,9,8,9,6,4
100506047,2,1,3,3,6,4
100506049,0,0,0,0,0,0
100506050,0,0,0,0,0,0
100506054,101,98,154,205,250,270
100506060,12,8,14,4,2,1
100506068,1,0,2,0,0,0
100506070,0,2,1,1,1,0
100506071,3,1,6,0,1,2
100506076,0,0,1,0,0,1
100506082,0,1,0,1,0,0
100506083,33,29,43,29,36,36
100506084,74,87,132,13,16,10
100506085,1,0,0,2,0,0
100506100,66,78,108,100,108,111
100506108,1,0,0,3,2,6
100506115,21,42,21,23,19,7
100506119,67,69,70,90,98,96
100506122,0,0,0,0,0,0
100506123,0,0,0,0,0,0
100506124,6,8,7,2,0,0
100506125,4,1,6,4,1,7
100506126,0,0,1,0,0,0
100506127,67,62,81,46,36,51
100506134,0,0,1,0,0,0
100506136,8,16,9,1,3,3
100506142,31,31,39,5,2,5
100506144,330,343,296,559,728,556
100506159,0,0,0,0,0,0
100506161,90,88,81,70,74,67
100506164,2,0,1,10,2,3
100506172,0,0,0,0,0,0
100506175,0,1,1,6,4,5
100506178,14,20,8,44,38,49
100506188,0,0,0,0,0,0
100506190,277,285,340,404,266,367
100506195,0,0,1,0,0,0
100506207,26,22,35,53,44,52
100506211,22,26,36,3,5,9
100506215,12,23,13,7,4,4
100506217,13,17,16,0,0,2
100506229,3,1,2,0,0,0
100506233,45,43,59,55,81,90
100506237,0,0,0,0,0,0
100506241,0,0,0,0,0,0
100506243,65,71,89,105,98,72
100506248,5,5,9,12,9,5
100506258,8,4,6,15,12,11
100506271,14,15,21,2,0,0
100506272,41,45,60,63,76,81
100506274,0,0,0,0,0,0
100506275,4,1,4,2,0,2
100506281,3,1,4,23,2,12
100506286,23,17,27,24,16,28
100506289,6,6,1,2,1,1
100506299,4,6,10,9,6,7
100506302,72,68,80,83,76,134
100506305,0,0,0,0,0,0
100506311,1,5,1,0,2,5
100506314,59,53,79,56,88,46
100506321,1,2,3,0,0,0
100506325,74,59,57,38,26,43
100506328,1,2,9,1,0,2
100506334,0,0,0,1,0,0
100506343,0,0,1,0,0,0
100506365,409,391,393,323,357,256
100506368,2,4,7,5,2,3
100506371,0,0,0,0,0,0
100506374,72,51,71,19,0,15
100506380,29,22,32,76,92,70
100506384,0,0,0,0,0,0
100506385,7,4,11,1,1,4
100506388,0,0,0,0,0,0
100506392,43,28,47,69,44,50
100506393,0,0,0,0,0,0
100506394,31,29,18,28,18,48
100506403,0,0,0,0,0,0
100506405,0,0,0,0,0,0
100506406,0,0,0,0,0,0
100506409,1,1,1,2,1,0
100506412,0,0,0,0,0,0
100506413,0,0,1,0,0,0
100506421,0,0,0,0,0,0
100506422,0,0,0,0,0,0
100506428,31,21,28,15,18,41
100506433,2,0,0,0,0,1
100506436,4,8,3,0,3,4
100506443,0,0,0,0,0,0
100506444,0,0,0,0,0,0
100506451,26,46,35,9,2,13
100506457,1,0,2,1,2,1
100506462,5,11,4,4,5,1
100506465,615,676,700,509,445,465
100506469,170,189,170,216,191,201
100506470,0,0,0,0,0,0
100506472,50,72,67,27,31,37
100506473,51,50,74,13,18,33
100506474,1,0,1,0,2,0
100506475,0,0,0,0,0,0
100506476,30,17,29,80,63,59
100506489,0,0,0,0,0,0
100506492,0,0,0,0,0,0
100506495,4,15,8,16,7,12
100506497,14,9,9,3,0,7
100506499,68,59,73,33,36,56
100506504,23,35,34,34,11,28
100506514,1,0,0,1,0,0
100506516,35,41,35,3,9,6
100506526,0,0,0,0,0,0
100506527,0,0,0,0,0,0
100506530,0,0,0,0,0,0
100506540,24,10,15,26,19,23
100506542,0,0,0,0,0,0
100506548,1697,1836,1870,1343,1349,1071
100506551,13,9,16,1,2,5
100506555,0,1,1,0,0,1
100506564,0,4,3,3,2,4
100506571,3,2,9,3,1,4
100506581,31,52,46,103,153,102
100506585,0,0,0,0,0,0
100506599,120,84,78,39,29,56
100506603,62,51,81,88,50,54
100506606,26,24,33,1,3,4
100506621,6,4,20,24,18,23
100506622,0,0,0,0,0,0
100506627,12,26,22,9,0,4
100506637,77,65,66,95,64,113
100506639,37,42,81,31,31,44
100506649,24,11,29,11,7,5
100506650,0,0,0,0,0,0
100506655,2,9,8,6,3,9
100506658,48,32,114,45,51,34
100506660,40,41,50,46,35,40
100506668,286,316,346,124,99,159
100506674,5,2,9,7,8,4
100506675,0,0,0,0,0,0
100506677,0,0,0,0,0,0
100506679,0,0,1,0,2,1
100506680,0,0,0,0,0,0
100506681,2,3,0,2,2,3
100506682,0,0,0,0,0,0
100506686,189,154,168,157,125,142
100506688,0,0,0,0,0,0
100506696,31,28,15,102,92,71
100506697,0,0,0,0,0,0
100506700,0,1,0,0,0,0
100506710,1433,1593,1575,1214,763,1019
100506713,10,11,7,16,4,10
100506714,174,230,270,392,428,363
100506724,0,0,0,0,0,0
100506725,0,0,0,0,0,0
100506730,79,73,102,50,55,39
100506733,0,0,0,0,0,0
100506736,0,0,1,0,0,0
100506742,0,0,0,0,0,0
100506746,51,26,55,50,42,62
100506747,2,1,0,2,2,2
100506753,37,53,39,182,225,116
100506755,4,2,10,0,1,3
100506757,26,25,22,25,47,31
100506759,0,0,0,0,0,0
100506765,0,0,0,0,0,0
100506769,0,0,0,0,0,0
100506775,0,0,0,2,0,0
100506776,0,0,0,0,0,0
100506779,0,0,7,1,0,1
100506783,0,0,0,0,0,0
100506787,0,0,0,0,0,1
100506790,0,0,0,0,0,0
100506791,0,0,0,0,0,0
100506795,1,0,0,0,0,0
100506801,5,5,25,7,2,6
100506804,18,19,16,36,27,26
100506810,10,17,17,1,1,3
100506826,68,66,79,66,63,61
100506827,0,0,0,0,0,0
100506834,0,0,0,0,1,1
100506835,0,0,0,0,0,0
100506840,0,0,0,1,2,0
100506844,16,27,34,19,30,11
100506858,0,0,0,0,0,0
100506860,19,32,27,25,46,32
100506866,70,87,59,44,25,47
100506869,0,0,0,0,0,0
100506874,7,1,7,2,5,4
100506881,65,78,107,102,94,145
100506888,0,0,0,0,0,0
100506895,0,0,0,0,0,0
100506898,13,9,10,1,0,2
100506907,0,0,0,0,0,0
100506915,0,0,0,0,0,0
100506922,87,72,55,184,144,198
100506930,174,177,233,51,41,63
100506937,0,0,0,0,0,0
100506939,8,10,10,3,0,0
100506944,0,0,0,0,0,0
100506963,10,22,6,26,13,24
100506985,58,61,52,19,38,35
100506990,150,139,160,169,205,192
100506994,17,23,20,14,14,18
100507002,55,36,42,90,111,71
100507003,15,11,15,28,47,25
100507006,2,2,2,0,0,1
100507008,0,0,0,0,0,0
100507012,0,0,3,0,0,0
100507027,0,0,0,1,0,0
100507032,59,46,53,23,26,25
100507034,93,90,121,33,6,29
100507043,0,0,0,0,0,0
100507050,6,0,0,0,1,2
100507053,17,11,12,3,5,5
100507055,0,1,0,0,0,5
100507056,0,1,1,0,1,0
100507057,9,19,20,11,18,10
100507058,0,0,0,0,0,0
100507059,0,0,0,0,0,0
100507062,39,52,57,7,0,13
100507064,0,0,0,0,0,0
100507065,0,1,1,0,0,1
100507066,7,6,11,4,1,6
100507073,0,0,0,0,0,0
100507086,7,7,15,8,10,10
100507091,1,0,2,0,1,0
100507096,0,0,0,0,0,0
100507098,3,1,1,4,2,3
100507099,1,4,1,1,0,0
100507117,5,5,1,0,0,0
100507118,5,5,7,3,3,0
100507127,9,15,15,19,17,29
100507131,87,81,81,28,5,35
100507135,8,7,4,2,2,5
100507140,9,16,7,16,15,11
100507143,0,0,0,0,0,0
100507144,7,4,4,10,7,11
100507156,8,13,21,9,1,11
100507163,0,0,0,0,0,0
100507170,0,0,0,0,0,0
100507171,17,14,26,43,15,50
100507173,57,38,59,49,36,39
100507175,0,0,0,0,0,0
100507178,75,66,86,31,4,27
100507194,0,0,0,0,0,0
100507195,0,0,0,0,0,0
100507201,0,0,0,0,0,0
100507203,0,1,0,0,0,0
100507205,0,0,0,0,0,0
100507206,1,2,1,3,2,0
100507217,1080,1059,1089,848,1128,915
100507218,10,11,9,6,13,21
100507221,0,0,0,0,0,0
100507236,0,0,0,0,0,0
100507240,0,0,1,0,1,3
100507244,0,2,1,0,1,0
100507246,1889,1936,1823,2460,2408,2588
100507250,8,9,19,8,9,8
100507254,0,0,0,0,0,0
100507257,0,0,0,0,0,0
100507266,27,30,39,37,32,37
100507267,0,0,0,0,0,0
100507274,0,0,0,0,0,0
100507283,10,18,9,10,4,12
100507290,1215,1334,1481,3460,3147,3035
100507291,74,112,69,93,85,98
100507297,230,265,251,200,159,295
100507299,15,24,10,18,6,20
100507300,7,8,20,2,8,5
100507303,101,129,157,178,309,213
100507308,28,17,21,1,3,3
100507316,145,127,160,277,280,208
100507321,326,337,379,92,37,143
100507331,4,7,10,1,0,4
100507334,0,0,0,0,0,0
100507341,1,0,1,0,0,1
100507346,5,3,3,0,1,1
100507347,0,2,1,1,1,3
100507351,0,0,0,0,0,0
100507362,0,0,0,0,0,0
100507373,76,63,66,22,12,47
100507377,3,1,1,2,1,0
100507381,0,0,0,0,0,0
100507384,0,0,0,0,0,0
100507387,0,0,0,0,0,0
100507388,0,0,0,0,0,0
100507389,0,0,0,0,1,0
100507391,6,6,5,1,9,9
100507392,0,0,0,0,0,0
100507398,47,46,70,27,21,31
100507399,0,0,0,0,0,0
100507401,8,3,4,4,9,7
100507404,3,7,2,3,18,11
100507406,0,0,0,0,0,1
100507410,20,13,19,2,0,3
100507412,0,0,0,0,0,0
100507419,108,115,118,143,111,172
100507420,70,72,81,64,95,88
100507421,4,5,1,0,2,0
100507423,19,25,18,6,2,12
100507424,27,17,23,10,1,5
100507428,0,0,0,0,0,0
100507431,0,0,0,0,0,0
100507433,7,4,7,1,0,0
100507435,0,0,0,0,0,0
100507436,0,0,1,3,0,0
100507437,10,17,27,38,10,40
100507443,0,0,0,0,0,0
100507458,155,203,168,116,100,104
100507459,235,229,300,237,206,297
100507462,16,11,14,3,5,3
100507463,0,0,0,0,0,0
100507466,4,5,11,6,4,5
100507468,0,0,0,0,0,0
100507470,0,0,0,0,0,0
100507472,15,8,7,5,5,11
100507475,5,5,5,28,46,21
100507477,0,0,0,0,0,0
100507487,20,20,13,10,3,10
100507489,8,3,11,13,17,4
100507495,270,231,266,154,95,179
100507500,98,82,98,18,0,20
100507501,37,45,49,66,64,62
100507506,6,5,8,2,12,3
100507507,0,0,0,0,0,0
100507524,0,1,4,0,0,0
100507527,0,0,0,0,0,0
100507528,0,0,0,0,0,0
100507530,19,28,10,27,25,16
100507533,0,0,0,0,0,0
100507534,1,0,0,0,0,0
100507537,0,0,0,0,0,0
100507540,67,49,52,83,65,90
100507547,0,0,0,0,0,0
100507557,26,27,27,34,16,22
100507564,17,26,28,20,28,29
100507567,39,36,58,84,79,76
100507577,131,91,88,20,15,23
100507582,17,16,17,14,6,11
100507584,0,0,0,0,0,0
100507588,90,88,101,246,422,245
100507589,16,13,9,2,1,1
100507600,0,0,0,0,0,0
100507602,132,118,132,265,283,203
100507605,0,0,0,0,0,0
100507607,116,118,109,32,13,43
100507608,0,0,0,0,0,0
100507629,0,0,0,0,0,0
100507632,0,0,0,0,0,0
100507633,1,4,0,0,5,1
100507634,11,28,22,42,30,48
100507639,0,0,0,1,0,0
100507642,1,0,0,0,0,0
100507650,22,10,10,12,7,19
100507651,0,0,0,0,0,0
100507661,0,0,0,0,0,0
100507674,3,5,3,0,3,0
100507679,0,0,0,0,0,0
100507747,4,10,9,9,0,11
100508046,0,0,0,0,0,0
100508120,69,69,77,103,66,78
100509620,6,10,22,3,1,7
100509894,0,1,3,0,0,0
10051,2392,2722,2993,838,888,810
100510707,0,0,0,0,0,0
10052,197,255,249,174,91,131
100526648,10,10,6,0,1,2
100526664,0,0,0,0,0,0
100526693,0,0,0,0,0,0
100526694,0,0,0,0,1,0
100526737,0,0,0,0,0,0
100526739,0,0,0,0,0,0
100526740,0,0,0,0,0,0
100526760,0,0,0,0,0,0
100526761,0,0,0,0,0,0
100526767,2,4,4,5,5,1
100526771,0,0,0,0,0,0
100526772,0,0,0,0,0,0
100526773,0,2,0,0,0,0
100526783,0,0,0,0,0,0
100526794,0,0,0,0,0,0
100526820,0,0,0,0,0,0
100526825,0,0,0,0,0,0
100526830,10,2,8,3,7,10
100526831,0,0,0,0,0,0
100526832,1,0,1,0,0,0
100526833,5,1,2,3,2,0
100526835,0,0,0,0,0,0
100526836,0,0,0,0,0,0
100526837,0,0,0,0,0,0
100526842,0,0,0,0,0,0
100527943,0,0,0,0,0,0
100527949,0,0,0,0,0,0
100527950,4,2,1,0,0,1
100527960,0,0,0,0,0,1
100527963,0,0,0,0,0,0
100527964,177,159,185,37,15,43
100527978,30,19,20,4,6,3
100528007,0,0,0,0,0,0
100528016,0,0,0,0,0,0
100528017,1,0,1,1,1,3
100528018,0,0,0,1,1,0
100528019,0,0,0,0,0,0
100528021,0,0,0,0,0,0
100528022,0,0,0,0,0,0
100528030,0,0,0,0,0,0
100528031,0,0,0,0,0,1
100528032,2,0,0,0,0,0
100528062,12,16,9,10,11,15
100528064,0,0,0,0,0,0
100529063,2,8,5,4,9,6
100529067,0,0,0,0,0,0
100529097,0,0,0,0,0,0
100529144,0,0,0,0,0,0
100529145,2,5,0,4,3,8
100529207,0,0,0,0,0,0
100529209,0,1,0,0,1,0
100529211,2,1,1,10,0,5
100529215,1,7,6,2,1,0
100529239,0,0,0,0,2,0
100529240,0,0,0,0,0,0
100529241,0,0,0,0,0,0
100529251,0,0,0,0,0,0
100529257,1,0,1,0,3,0
100529261,0,0,0,0,0,2
100529262,0,0,0,0,0,0
100529264,0,0,0,0,0,0
100529855,0,0,0,0,0,0
10053,2034,2381,2407,4662,5585,4610
100532724,62,67,80,9,3,5
100532726,0,0,0,0,0,0
100532731,0,0,0,0,0,0
100532732,0,0,0,0,0,0
100532735,0,0,0,0,0,0
100532736,0,0,0,0,0,0
100532737,0,0,0,0,0,0
100532742,1,5,2,2,0,1
100532746,0,0,0,0,0,0
100533105,0,0,1,0,0,0
100533106,12,14,11,17,12,24
100533107,0,0,0,0,0,0
100533111,0,0,0,0,0,0
100533177,0,0,0,0,0,0
100533178,0,0,0,0,0,0
100533179,2,0,0,1,0,1
100533181,0,0,0,0,0,0
100533182,12,14,8,10,3,2
100533183,0,1,0,0,0,1
100533184,0,0,0,0,0,0
100533195,2,0,0,3,0,0
100533464,0,0,2,0,1,0
100533467,0,0,0,0,0,0
100533483,0,0,0,0,0,0
100533496,0,0,0,0,0,0
100533789,0,0,0,0,0,0
100533952,0,0,0,0,0,3
100533955,3,4,4,0,0,4
100533970,35,28,29,42,49,34
100533975,0,0,0,0,0,0
100533990,0,0,0,0,0,0
100533997,0,1,2,0,0,0
100534012,0,0,0,0,0,0
100534589,0,0,0,0,0,0
100534592,0,0,0,0,0,0
100534593,11,8,19,5,0,6
100534595,0,0,0,0,0,0
100534599,0,0,0,1,1,0
100534611,1,0,0,0,0,1
100534612,2,3,1,1,0,1
10054,2039,2058,2303,1431,1230,1206
10055,2074,2195,2599,2789,3133,2781
100551499,0,0,0,0,0,0
10056,1338,1489,1558,1781,1722,1704
10057,3511,3761,4086,3476,2153,3373
10058,546,661,712,794,705,724
10059,2847,2941,3154,1405,1160,1335
1006,0,0,0,0,0,0
10060,0,1,0,0,0,0
10061,1451,1658,1666,1973,1828,2028
100616109,0,0,0,0,0,0
100616110,0,0,0,0,0,0
100616111,0,0,0,0,0,0
100616112,0,0,0,0,0,0
100616113,0,0,0,0,0,0
100616114,0,0,0,0,0,0
100616115,5,3,0,0,0,0
100616116,0,0,0,0,0,0
100616117,7,16,23,8,7,7
100616118,0,0,1,0,0,0
100616119,0,0,0,0,0,0
100616120,0,0,0,0,0,0
100616121,0,0,0,0,0,0
100616122,0,0,0,0,0,0
100616123,0,0,0,0,0,0
100616124,0,0,0,0,0,0
100616125,0,0,0,0,0,0
100616126,0,0,0,0,0,0
100616127,0,0,0,0,0,0
100616128,0,0,0,0,0,0
100616129,0,0,0,0,0,0
100616130,0,0,0,0,0,0
100616131,0,0,0,0,0,0
100616132,0,0,4,0,0,0
100616133,0,0,0,0,0,0
100616134,0,0,0,0,0,0
100616135,0,0,0,0,0,0
100616136,0,0,0,0,0,0
100616137,0,0,0,0,0,0
100616138,0,0,0,0,0,0
100616139,0,0,0,0,0,0
100616140,0,0,0,0,0,0
100616141,0,0,0,0,0,0
100616142,0,0,0,0,0,0
100616143,0,0,0,0,0,0
100616144,0,0,0,0,0,0
100616145,0,0,0,0,0,0
100616146,1,0,1,0,0,0
100616147,0,0,0,0,0,0
100616148,0,0,0,0,0,0
100616149,1,2,0,0,0,0
100616150,6,1,8,7,2,1
100616151,0,0,0,0,0,0
100616152,1,0,0,0,0,0
100616153,0,0,0,0,0,0
100616154,0,0,0,0,0,0
100616155,0,0,0,0,0,0
100616156,0,0,0,0,0,0
100616157,0,0,0,0,0,0
100616158,2,2,0,0,0,0
100616159,0,0,0,0,0,0
100616160,0,0,0,0,0,0
100616161,0,0,3,0,0,0
100616162,0,0,0,0,0,0
100616163,0,0,0,0,0,0
100616164,0,0,0,0,0,0
100616165,0,0,0,0,0,0
100616166,0,0,0,0,0,0
100616167,0,0,0,0,0,0
100616168,1,0,2,0,0,1
100616169,0,1,0,0,0,0
100616170,0,0,0,0,0,0
100616171,0,0,0,0,0,0
100616172,0,0,0,0,0,0
100616173,0,0,0,0,0,0
100616174,0,0,0,0,0,0
100616175,0,0,0,0,0,0
100616176,0,0,0,0,0,0
100616177,0,0,1,0,0,0
100616178,0,0,0,0,0,1
100616179,0,0,1,0,0,0
100616180,0,0,0,0,0,0
100616181,0,0,0,1,0,0
100616182,0,0,0,0,0,0
100616183,1,0,2,2,0,1
100616184,0,1,0,0,0,0
100616185,0,0,0,0,0,0
100616186,0,0,0,0,0,0
100616187,1,2,1,0,0,1
100616188,0,0,0,0,0,0
100616189,0,0,0,0,0,0
100616190,0,0,0,0,0,0
100616191,0,0,0,0,0,0
100616192,0,0,0,0,0,0
100616193,0,0,0,0,0,0
100616194,3,2,0,0,2,3
100616195,2,0,4,0,0,0
100616196,0,0,0,0,0,0
100616201,0,0,0,0,0,0
100616202,0,0,0,0,0,0
100616203,0,0,0,0,0,0
100616204,0,0,0,0,0,0
100616205,0,0,0,0,0,0
100616206,1,0,0,0,0,0
100616207,0,0,0,0,0,0
100616208,0,0,0,0,0,0
100616209,17,18,17,1,1,3
100616210,3,5,2,9,3,3
100616211,0,0,0,0,0,0
100616212,0,0,0,0,0,0
100616213,0,0,0,0,0,0
100616214,0,0,0,0,0,0
100616215,0,0,0,0,0,0
100616216,0,0,0,0,0,0
100616217,0,0,0,0,0,2
100616218,0,0,0,0,0,0
100616219,0,0,0,0,0,0
100616220,0,0,0,0,0,0
100616221,0,0,0,0,0,0
100616222,0,0,0,0,0,0
100616223,0,0,0,0,0,0
100616224,0,0,0,0,0,0
100616225,0,0,0,0,0,0
100616226,0,0,0,0,0,0
100616227,0,1,1,2,0,0
100616228,0,0,0,0,0,0
100616229,0,0,0,0,0,0
100616230,0,0,0,0,0,0
100616231,0,1,2,4,2,1
100616232,0,0,0,0,0,0
100616233,0,0,0,0,0,0
100616234,0,1,0,0,0,0
100616235,0,0,0,0,0,0
100616236,0,0,0,0,0,0
100616237,0,0,0,0,0,0
100616238,0,0,0,0,0,0
100616239,0,0,0,0,0,0
100616240,0,0,0,0,0,0
100616241,0,0,0,0,0,0
100616242,0,0,0,0,0,0
100616243,0,0,0,0,0,0
100616244,0,0,0,0,0,0
100616245,0,0,0,0,0,0
100616246,0,0,0,0,0,0
100616247,0,0,4,0,0,0
100616248,0,0,0,0,0,0
100616249,0,0,0,0,0,0
100616250,2,0,0,8,5,4
100616251,0,0,0,0,0,0
100616252,0,0,0,0,0,0
100616253,0,0,0,0,0,0
100616254,0,0,0,0,0,0
100616255,0,0,0,0,0,0
100616256,0,0,0,0,0,0
100616257,0,0,0,0,0,0
100616258,2,0,0,0,0,0
100616259,3,0,1,0,0,0
100616260,0,0,0,0,0,0
100616261,0,0,0,0,0,0
100616262,7,0,1,0,0,4
100616263,0,0,0,0,0,0
100616264,0,0,0,0,0,0
100616265,0,0,0,0,0,0
100616266,0,0,0,0,0,0
100616267,0,0,0,0,0,0
100616268,2,0,0,0,0,0
100616269,0,1,2,0,0,2
100616270,4,0,1,1,0,6
100616271,0,0,0,0,0,0
100616272,0,0,0,0,0,0
100616273,0,0,0,0,0,0
100616274,1,0,0,0,0,0
100616275,0,0,0,0,0,0
100616276,0,0,0,0,0,0
100616277,0,0,0,0,0,0
100616278,0,0,0,0,0,0
100616279,0,0,0,0,0,0
100616280,0,0,0,0,0,0
100616281,0,0,0,0,0,0
100616282,0,0,0,0,0,0
100616283,0,1,2,0,0,1
100616284,0,0,1,0,0,2
100616285,0,0,0,1,1,1
100616286,0,0,0,0,0,0
100616287,0,0,0,0,0,0
100616288,0,0,0,0,0,0
100616289,0,0,0,0,0,0
100616290,0,0,0,0,0,0
100616291,0,0,0,0,0,0
100616292,0,0,0,0,0,0
100616293,0,0,0,0,0,0
100616294,2,0,0,5,2,2
100616295,0,0,0,0,0,0
100616296,0,0,0,0,0,0
100616297,0,0,0,0,0,0
100616298,0,0,0,0,0,0
100616299,0,0,0,0,0,0
100616300,0,0,0,0,0,0
100616301,0,0,0,2,0,0
100616302,0,0,0,0,0,0
100616303,0,0,0,0,0,0
100616304,0,0,0,0,0,0
100616305,0,0,0,0,0,0
100616306,1,0,0,0,1,0
100616307,0,0,0,0,0,0
100616308,0,0,0,0,0,0
100616309,0,0,0,0,0,0
100616310,0,0,0,0,0,0
100616311,0,0,0,1,0,0
100616312,0,0,0,0,0,0
100616313,0,0,0,0,0,0
100616314,0,3,1,0,1,1
100616315,0,0,0,0,0,0
100616316,0,0,0,0,0,0
100616317,0,0,0,0,0,0
100616318,0,0,0,0,0,0
100616319,0,0,0,0,0,0
100616320,0,0,0,0,0,0
100616321,0,0,1,2,0,0
100616322,0,0,0,0,0,0
100616323,3,2,3,0,0,1
100616324,0,0,0,0,0,0
100616325,0,0,0,0,0,0
100616326,0,0,0,0,0,0
100616327,0,0,0,0,0,0
100616328,0,0,0,0,0,0
100616329,0,0,0,0,0,0
100616330,0,0,0,0,0,0
100616331,0,0,0,0,0,0
100616332,0,0,0,0,0,0
100616333,0,0,0,0,0,0
100616334,0,0,0,0,0,0
100616335,0,0,0,0,0,0
100616336,0,0,0,0,0,0
100616337,0,0,0,0,0,0
100616338,0,0,0,0,0,0
100616339,0,0,0,0,0,0
100616340,0,0,0,0,0,0
100616341,0,2,0,0,0,0
100616342,0,0,1,0,0,0
100616343,0,0,0,0,0,0
100616344,0,0,0,0,0,0
100616345,41,46,41,127,228,140
100616346,0,0,0,0,0,0
100616347,0,0,0,0,0,0
100616348,0,0,0,0,0,0
100616349,0,0,0,0,0,0
100616350,0,0,0,0,0,0
100616351,0,0,0,0,0,0
100616352,0,0,0,0,0,0
100616353,0,0,0,0,0,0
100616354,0,0,0,0,0,0
100616355,0,0,0,0,0,0
100616356,0,0,0,0,0,0
100616357,0,0,0,0,0,0
100616358,0,0,0,0,0,0
100616359,1,0,3,1,0,0
100616360,0,0,1,0,0,0
100616361,0,0,0,0,0,0
100616362,0,0,0,0,0,0
100616363,0,0,0,0,0,0
100616364,0,0,0,0,0,0
100616365,0,0,0,0,0,0
100616366,0,0,0,0,0,0
100616367,2,0,2,2,1,1
100616368,0,0,0,0,0,0
100616369,0,0,0,0,0,0
100616370,0,0,0,0,0,0
100616371,1,1,2,0,0,4
100616372,0,0,0,0,0,0
100616373,0,0,0,0,0,0
100616374,0,0,0,0,0,0
100616375,0,0,0,0,0,0
100616376,0,0,0,0,0,0
100616377,0,0,0,0,0,0
100616378,3,1,2,0,0,4
100616379,0,0,0,0,0,0
100616380,0,0,0,0,0,0
100616381,0,0,0,0,0,0
100616382,0,0,0,0,0,0
100616383,0,0,0,0,0,0
100616384,0,0,0,0,0,0
100616385,0,0,0,0,0,0
100616386,0,0,0,0,0,0
100616387,62,80,76,29,3,31
100616388,0,0,0,0,0,0
100616389,0,0,0,0,0,0
100616390,0,1,5,0,0,0
100616391,0,0,0,0,0,0
100616392,0,0,0,0,0,0
100616393,0,0,0,0,0,0
100616394,0,0,0,0,0,0
100616395,0,0,0,0,0,0
100616396,4,3,4,0,0,3
100616397,0,0,0,0,0,0
100616398,0,0,0,0,0,0
100616399,0,0,0,0,0,0
100616400,0,0,0,0,0,0
100616401,2,5,3,4,1,0
100616402,0,0,0,0,0,0
100616403,27,23,30,6,4,4
100616404,0,0,0,0,0,0
100616405,0,0,0,0,0,0
100616406,0,0,0,0,0,0
100616407,0,0,0,0,0,0
100616408,132,158,168,60,16,65
100616409,0,0,0,0,0,0
100616410,0,0,2,0,0,0
100616413,0,0,0,0,0,0
100616414,0,0,0,0,0,0
100616415,0,0,0,0,0,0
100616416,0,0,0,0,0,0
100616417,5,2,3,0,0,3
100616418,0,0,0,0,0,0
100616419,0,0,0,0,0,0
100616420,1,0,0,0,0,0
100616421,0,1,0,0,0,0
100616422,0,0,0,0,0,0
100616423,0,0,0,0,0,0
100616424,0,0,0,0,0,0
100616425,0,1,1,0,0,0
100616426,0,0,0,0,0,0
100616427,0,0,0,0,0,0
100616428,0,0,0,0,0,0
100616429,0,0,0,0,0,0
100616430,0,0,0,0,0,0
100616431,0,0,0,0,0,0
100616432,0,0,0,0,0,0
100616433,0,0,0,0,0,0
100616434,0,0,0,0,0,0
100616435,0,0,0,0,0,0
100616436,0,0,4,0,0,0
100616437,0,0,0,0,0,0
100616438,0,0,0,0,0,0
100616439,0,0,0,0,0,0
100616440,0,0,0,0,0,0
100616441,0,0,0,0,0,0
100616447,0,0,0,0,0,0
100616448,0,0,0,0,0,1
100616449,0,0,1,0,0,0
100616450,0,0,0,0,0,0
100616451,0,0,0,0,0,0
100616452,0,0,0,0,0,0
100616453,0,0,0,0,0,0
100616454,0,0,0,0,0,0
100616455,0,0,0,0,0,0
100616456,0,0,0,0,0,0
100616457,0,0,0,0,0,0
100616458,0,0,0,0,0,0
100616459,0,0,0,0,0,0
100616460,0,0,0,0,0,0
100616463,0,0,0,0,0,0
100616464,0,0,0,0,0,0
100616465,0,0,0,0,0,0
100616466,0,0,0,0,0,0
100616467,0,0,0,0,0,0
100616468,1,0,1,0,0,0
100616469,0,0,0,0,0,0
100616470,0,0,0,0,0,0
100616471,0,0,0,0,0,0
100616472,0,0,0,0,0,0
100616473,0,0,0,0,0,0
100616474,0,0,0,0,0,0
100616475,0,0,0,0,0,0
100616476,0,0,0,0,0,0
100616477,0,0,0,0,0,0
100616478,0,0,0,0,0,0
100616479,0,3,0,0,0,0
100616480,2,0,2,2,0,2
100616481,0,0,0,0,0,0
100616482,0,2,0,0,0,0
100616483,0,0,0,0,0,0
100616484,0,0,2,2,0,0
100616485,0,0,0,0,0,0
100616486,0,1,1,0,0,0
100616487,10,6,14,3,3,7
100616488,0,0,0,0,0,0
100616489,0,0,0,0,0,0
100616490,0,0,1,1,0,0
100616491,0,0,0,0,0,0
100616492,0,0,0,0,0,0
100616493,0,0,0,0,0,0
100616494,0,0,0,1,0,0
100616495,0,0,0,0,0,0
100616498,0,0,0,0,0,0
100616499,0,0,0,1,0,0
100616500,0,0,0,0,0,0
100616530,0,3,3,8,1,1
100616668,62,57,66,44,40,41
10062,785,860,913,509,562,549
100628307,0,0,0,0,0,0
100628315,0,0,0,0,0,0
100628560,0,0,0,0,0,0
10063,351,431,530,576,720,486
100630918,24,31,40,59,56,68
100630923,1,0,0,0,0,0
100631378,0,0,0,0,0,0
100631383,0,0,0,0,0,0
100652730,41,46,58,56,66,45
100652736,20,17,15,14,18,29
100652739,0,0,0,0,0,0
100652740,3,3,4,5,3,1
100652748,243,263,303,236,125,242
100652749,0,0,0,0,0,0
100652758,56,49,64,124,121,132
100652759,0,0,0,0,0,0
100652768,16,26,19,14,4,8
100652770,7,7,5,4,0,9
100652772,216,206,243,233,145,199
100652777,5,9,4,17,28,11
100652781,0,1,4,0,0,2
100652791,0,0,0,0,0,0
100652807,0,0,0,0,0,0
100652824,1,6,1,0,0,0
100652833,0,0,1,0,0,0
100652846,0,0,0,0,0,0
100652853,9,12,16,47,64,27
100652856,0,0,0,0,0,0
100652857,0,0,0,0,0,0
100652865,3,4,12,2,3,2
100652871,0,0,0,0,0,0
100652883,64,50,69,54,43,33
100652901,13,23,19,5,0,19
100652909,0,0,0,0,0,0
100652929,17,4,13,9,6,18
100652931,0,0,0,0,0,0
100652988,0,0,1,0,0,0
100652997,0,0,2,0,0,0
100652999,0,2,5,0,0,0
100653133,0,0,0,0,0,0
100653233,0,0,0,0,0,0
100653515,3,0,3,1,0,1
10066,1000,1157,1204,1619,1623,1612
10067,1,0,0,0,0,0
10068,340,362,389,163,79,171
100689074,0,0,0,0,0,0
10069,354,411,425,455,426,403
1007,0,0,0,0,0,0
10071,3,4,5,5,5,10
10072,1529,1618,1879,2149,2285,2555
10073,301,435,454,403,496,433
10075,6206,7251,7987,8048,3785,7050
100750225,0,2,2,0,1,0
100750246,2,1,0,1,1,7
100750247,3,7,13,1,0,1
100750325,3,0,0,2,0,3
100750326,3,2,8,0,0,0
10076,525,625,664,1283,945,1048
10077,10,8,3,26,10,22
100775104,3,6,8,9,6,5
100775107,149,167,146,30,0,32
10078,223,228,268,583,744,595
10079,2450,2698,2824,3538,1851,3286
1008,0,0,0,0,0,0
10081,379,375,396,610,570,534
10082,0,0,0,0,0,0
100820709,0,0,0,0,1,0
100820829,31,29,31,53,73,43
10083,0,1,0,1,0,0
10084,358,399,397,600,847,704
100846978,0,1,0,0,0,0
100846991,0,0,0,0,0,0
100846992,0,0,0,0,0,0
100846993,0,0,0,0,0,0
100846994,0,0,0,0,0,0
100846995,0,0,0,0,0,0
100846996,0,0,0,0,0,0
100846997,0,0,0,0,0,0
100846998,0,0,0,0,0,0
100846999,9,6,8,5,1,1
100847000,0,0,0,0,0,0
100847001,0,0,0,0,0,0
100847002,0,0,0,0,0,0
100847003,0,1,0,0,0,0
100847004,0,1,0,0,0,0
100847005,0,0,0,0,0,0
100847006,0,0,0,0,0,0
100847007,0,0,0,0,0,0
100847008,0,0,0,0,0,0
100847009,0,0,0,0,0,0
100847010,4,9,13,6,0,3
100847012,0,0,0,0,0,0
100847013,3,8,3,0,0,0
100847014,0,0,0,0,0,0
100847015,0,0,0,0,0,0
100847016,0,4,0,0,0,0
100847017,3,0,1,0,0,0
100847018,0,0,0,0,0,0
100847019,0,0,0,0,0,0
100847020,0,0,0,0,0,0
100847021,0,0,0,0,0,0
100847022,0,1,0,0,0,0
100847023,0,0,0,0,0,0
100847024,0,0,0,0,0,0
100847025,0,0,0,0,0,0
100847026,0,0,0,0,0,0
100847027,0,0,0,0,0,0
100847028,3,7,10,0,0,4
100847029,0,0,1,0,0,0
100847030,1,0,0,0,0,0
100847031,0,0,0,0,0,0
100847032,0,0,0,0,0,0
100847033,0,0,1,0,0,0
100847034,0,0,0,0,0,0
100847035,24,23,8,3,1,3
100847036,0,0,0,0,0,0
100847037,0,0,0,0,0,0
100847038,0,0,0,0,0,0
100847039,0,0,0,0,0,0
100847040,0,0,0,0,0,0
100847041,0,0,2,0,0,0
100847042,0,0,0,0,0,0
100847043,0,0,0,0,0,0
100847044,0,1,0,0,0,1
100847045,0,0,0,0,0,0
100847046,1,1,0,0,0,3
100847047,0,0,0,0,0,0
100847048,0,0,0,0,0,0
100847049,0,1,1,0,0,0
100847050,0,0,0,0,0,0
100847051,0,1,3,0,0,0
100847052,0,0,0,0,0,0
100847053,0,0,0,0,0,0
100847054,0,0,0,0,0,0
100847055,0,1,0,0,0,0
100847056,0,0,0,0,0,0
100847057,0,0,1,0,0,0
100847058,0,0,0,0,0,0
100847059,2,0,2,0,0,1
100847060,0,0,0,0,0,0
100847061,0,0,0,0,0,0
100847062,0,0,0,0,0,0
100847063,0,0,0,0,0,0
100847064,0,0,0,0,0,0
100847065,0,0,0,0,0,0
100847066,0,0,0,0,0,0
100847067,0,0,0,0,0,0
100847068,0,0,0,0,0,0
100847069,1,0,0,0,0,0
100847070,0,0,1,1,0,0
100847071,0,0,0,0,0,0
100847072,3,0,2,3,0,0
100847073,1,0,0,0,0,0
100847074,0,0,0,0,0,0
100847075,1,0,0,0,0,0
100847076,0,0,0,0,0,0
100847077,0,0,0,0,0,0
100847078,0,1,1,0,0,0
100847079,0,0,0,0,0,0
100847080,0,0,0,0,0,0
100847081,0,0,1,0,0,0
100847082,0,0,0,0,0,0
100847083,0,0,0,0,0,0
100847084,0,0,0,0,0,0
100847085,0,0,0,0,0,0
100847086,0,0,0,0,0,0
100847087,1,1,1,2,0,0
100847088,0,0,0,0,0,0
100847089,0,0,0,0,0,0
100847090,0,0,0,0,0,0
100847091,0,0,0,0,0,0
100847092,0,0,0,0,0,0
100847093,0,0,0,0,0,0
10085,6,6,3,55,23,52
100852406,0,0,0,0,0,0
100852408,0,0,0,0,0,0
100852409,0,0,0,0,0,0
100852410,2,4,3,1,4,2
100856811,0,0,0,0,0,0
100859921,2,2,6,0,0,0
100859930,335,302,397,541,544,450
10086,0,0,0,0,0,0
100861402,0,0,0,0,0,0
100861412,0,0,0,0,0,0
100861437,0,0,0,0,0,0
100861468,0,0,0,0,0,0
100861504,0,0,0,0,0,0
100861510,1,1,0,2,0,4
100861514,0,0,0,0,0,0
100861516,0,0,0,0,0,0
100861518,0,0,0,0,0,0
100861519,1,0,6,0,0,0
100861520,0,0,0,0,0,0
100861522,0,0,0,0,0,0
100861523,0,0,1,0,0,1
100861532,0,0,0,0,0,0
100861540,0,0,2,0,0,0
100861541,9,5,6,8,17,13
100861542,0,0,0,0,0,0
100861544,0,0,1,0,0,1
100861546,0,0,0,0,0,0
100861548,75,70,104,88,52,82
100861549,3,7,6,2,1,2
100861550,0,0,0,0,0,0
100861552,0,0,0,0,0,0
100861554,0,0,0,0,0,0
100861555,0,4,2,10,3,5
100861573,0,0,0,0,0,0
100862662,0,2,1,0,1,0
100862671,554,501,551,1271,1770,1208
100862679,0,0,0,0,0,0
100862680,0,0,0,0,0,0
100862692,3,1,7,1,0,1
100862704,0,1,0,2,1,2
100862728,0,0,0,1,4,2
10087,649,659,732,579,449,439
100873065,0,0,0,0,0,0
100873165,0,1,0,2,2,1
100873740,3,0,0,0,0,0
100873741,4,4,1,0,0,3
100873745,0,0,0,0,0,0
100873746,0,0,0,0,0,0
100873747,1,7,0,0,0,0
100873748,0,0,0,0,0,0
100873749,0,0,0,0,0,0
100873750,0,1,0,0,0,0
100873753,0,0,0,0,0,0
100873754,1,0,0,0,0,0
100873755,0,0,0,0,0,0
100873756,0,0,0,0,0,0
100873757,0,0,0,0,0,0
100873758,0,0,0,0,0,0
100873759,6,6,12,0,1,5
100873760,0,0,0,0,0,0
100873761,0,0,0,0,0,0
100873762,0,1,0,0,0,0
100873763,0,0,0,0,0,0
100873764,0,0,0,0,0,0
100873765,0,1,0,0,0,0
100873766,0,0,0,0,0,0
100873767,0,3,0,0,0,0
100873768,0,0,0,0,0,0
100873769,0,0,0,0,0,0
100873770,0,0,0,0,0,0
100873771,0,0,0,0,0,0
100873772,0,0,0,0,0,0
100873773,0,0,1,0,0,0
100873774,0,0,0,0,0,0
100873775,0,0,0,0,0,0
100873776,0,0,0,0,0,0
100873777,0,0,0,0,0,0
100873778,0,0,0,0,0,0
100873779,0,0,0,0,0,2
100873780,0,0,0,0,0,0
100873781,0,0,2,0,0,0
100873782,0,0,0,0,0,0
100873856,0,0,0,0,0,0
100873857,0,0,0,0,0,0
100873917,0,0,0,0,0,0
100873920,3,4,1,0,0,1
100873921,1,0,0,0,0,0
100873922,0,1,0,1,0,0
100873924,0,0,0,6,2,2
100873930,7,11,12,12,3,15
100873932,0,0,0,0,0,0
100873933,0,0,0,0,0,0
100873935,0,0,1,0,0,0
100873937,0,0,0,0,0,0
100873939,0,0,0,0,0,0
100873940,0,4,2,1,2,1
100873941,4,4,7,1,0,3
100873942,1,0,0,0,0,0
100873944,0,0,0,0,0,2
100873945,0,0,0,0,0,0
100873946,0,0,0,0,0,1
100873947,0,0,0,0,0,0
100873948,0,0,0,0,0,0
100873949,1,3,0,0,0,0
100873954,4,6,1,0,0,1
100873955,0,4,0,12,3,2
100873962,0,0,0,0,0,0
100873964,0,0,0,0,0,0
100873965,1,0,0,1,0,0
100873969,0,0,0,0,0,0
100873970,0,0,0,0,0,0
100873972,0,0,0,0,0,0
100873973,0,0,0,0,0,0
100873974,0,3,0,0,5,4
100873975,0,0,0,0,0,0
100873976,0,0,0,0,0,0
100873977,0,0,0,0,0,0
100873979,0,0,0,0,0,0
100873980,0,0,0,0,0,0
100873982,1,1,3,1,0,0
100873983,0,0,0,0,0,0
100873984,0,0,0,0,0,0
100873985,3,4,2,5,5,10
100873986,0,0,0,0,0,0
100873989,0,0,1,0,0,0
100873990,4,1,6,1,0,3
100873993,0,0,0,0,1,0
100873995,0,0,0,0,0,0
100873997,0,0,0,0,0,0
100873998,0,0,0,0,0,0
100874002,0,1,2,0,1,1
100874004,0,0,0,0,0,0
100874007,0,0,0,0,0,0
100874010,0,0,0,0,0,0
100874011,0,0,0,0,0,0
100874012,2,0,2,0,0,0
100874014,1,0,5,0,0,0
100874016,0,0,0,0,0,0
100874018,14,3,6,1,0,0
100874019,0,0,0,0,0,0
100874021,0,0,0,0,0,0
100874027,0,0,0,0,0,0
100874028,0,0,0,0,0,0
100874029,4,1,1,0,0,0
100874031,0,0,0,7,2,9
100874032,48,51,52,29,59,54
100874037,0,0,0,0,0,0
100874038,1,0,0,0,0,0
100874039,0,1,0,0,0,2
100874041,0,0,2,0,0,1
100874042,9,19,14,25,24,21
100874043,2,1,0,0,1,0
100874047,0,0,0,0,0,0
100874048,17,23,9,8,7,8
100874051,0,0,0,0,0,0
100874052,0,0,0,0,0,0
100874053,0,0,0,0,0,0
100874054,2,7,7,4,9,4
100874055,0,0,0,0,0,0
100874056,0,0,0,0,0,0
100874058,162,132,220,135,72,104
100874059,0,0,0,0,0,0
100874063,0,0,0,0,0,0
100874064,0,0,0,0,0,0
100874068,4,1,5,0,1,2
100874070,0,0,0,1,0,2
100874071,1,1,7,2,11,2
100874074,0,3,0,0,1,0
100874078,0,1,4,0,0,0
100874081,0,0,0,0,0,0
100874082,0,0,0,0,0,0
100874083,0,0,0,0,0,0
100874084,0,0,0,0,0,0
100874085,4,2,1,0,0,0
100874086,0,0,0,0,0,0
100874087,0,0,0,0,0,0
100874088,0,0,0,0,0,0
100874089,1,0,2,0,0,5
100874090,0,0,0,0,0,0
100874091,6,9,9,8,9,6
100874092,1,2,2,16,14,22
100874093,5,1,3,0,0,1
100874094,3,6,3,5,4,9
100874095,0,0,0,0,0,0
100874096,0,0,2,0,0,0
100874097,0,3,9,0,1,0
100874100,0,0,0,0,0,0
100874101,0,5,3,4,0,3
100874102,0,0,0,0,0,0
100874107,0,0,0,2,0,0
100874110,0,0,0,0,0,0
100874111,10,5,12,5,0,3
100874114,0,0,0,0,0,0
100874115,8,12,7,3,4,1
100874118,0,0,0,0,0,0
100874120,0,0,1,0,0,0
100874122,0,0,0,1,0,0
100874123,4,7,4,4,3,4
100874126,0,0,0,0,0,0
100874127,0,0,0,0,0,0
100874128,0,0,0,0,0,0
100874130,0,0,0,0,0,0
100874131,0,0,0,0,0,0
100874137,0,0,0,0,0,0
100874139,0,0,0,0,0,0
100874143,0,0,0,0,0,0
100874145,0,0,0,0,0,0
100874147,0,0,0,0,0,0
100874150,0,0,0,0,0,0
100874151,0,0,0,0,0,0
100874155,0,0,0,0,0,2
100874157,0,0,0,0,0,0
100874158,0,0,0,0,0,0
100874159,1,0,14,1,0,0
100874161,0,0,0,0,0,0
100874164,0,0,0,0,0,0
100874167,0,0,3,0,0,0
100874168,0,0,0,0,0,0
100874169,0,0,0,0,0,0
100874172,0,0,0,0,0,0
100874173,0,0,0,0,0,0
100874175,0,0,0,0,0,0
100874176,0,0,0,0,0,0
100874179,0,1,0,0,0,0
100874182,0,0,0,0,0,0
100874184,0,0,0,0,0,0
100874185,3,0,0,1,2,0
100874187,0,0,0,0,0,0
100874188,7,6,11,8,2,3
100874190,0,0,0,0,0,0
100874194,4,4,5,0,0,0
100874195,0,0,0,0,0,0
100874196,0,0,0,0,0,0
100874197,0,0,0,0,0,0
100874198,1,4,4,0,0,2
100874200,0,0,3,0,0,0
100874201,1,0,0,1,0,0
100874203,2,0,1,0,0,0
100874204,0,0,0,0,0,0
100874205,7,0,5,1,0,0
100874206,0,0,0,0,0,0
100874207,0,0,0,0,0,0
100874208,0,0,0,0,0,0
100874211,0,0,0,0,0,0
100874212,0,0,1,0,1,0
100874214,79,95,89,36,26,49
100874216,0,0,0,0,0,0
100874218,0,0,0,0,0,0
100874219,0,0,0,0,0,0
100874221,0,0,0,0,0,0
100874222,0,1,3,0,0,0
100874226,0,0,0,0,0,0
100874231,0,0,0,0,0,0
100874234,0,0,0,0,0,0
100874235,0,1,0,0,0,0
100874236,0,1,2,0,0,0
100874237,0,0,0,0,0,0
100874239,0,0,0,0,0,0
100874241,2,0,2,1,0,1
100874242,0,0,0,0,0,0
100874243,0,0,0,0,0,0
100874244,0,0,0,0,0,1
100874245,0,0,0,0,0,0
100874246,9,6,10,5,9,11
100874249,2,4,6,0,2,0
100874251,0,0,0,0,0,0
100874253,7,0,5,5,16,11
100874255,4,1,1,6,3,4
100874259,0,0,0,1,0,0
100874261,9,1,8,0,0,2
100874264,0,0,0,0,0,0
100874270,0,0,0,0,0,0
100874273,0,0,0,0,0,1
100874275,0,0,0,0,0,0
100874278,41,37,38,10,5,12
100874281,0,0,0,0,0,0
100874282,2,0,2,0,0,0
100874284,0,0,0,0,0,0
100874286,0,0,0,0,0,0
100874291,4,20,10,21,6,8
100874295,0,0,0,0,0,0
100874300,1,0,2,0,0,0
100874309,6,2,4,1,1,2
100874313,0,0,0,0,0,0
100874322,6,2,1,0,0,0
100874323,38,37,47,44,56,71
100874325,0,0,0,0,0,0
100874326,0,0,0,0,0,0
100874330,0,0,0,0,0,0
100874342,0,0,3,0,0,0
100874343,5,1,8,0,0,1
100874353,17,8,23,1,4,8
100874355,0,2,0,0,0,0
100874361,0,0,0,0,0,0
100874362,2,0,2,2,0,0
100874363,14,22,17,23,37,28
100874364,11,22,25,9,2,4
100874365,3,6,9,0,1,4
100874366,72,122,106,63,78,74
100874369,0,0,0,0,0,0
100874370,0,0,0,0,0,0
100874372,1,0,0,0,0,0
100874374,0,0,0,0,0,0
100874375,1,0,0,0,1,0
100874377,1,0,0,5,0,0
100874392,0,0,0,0,0,0
100874433,3,0,8,2,0,3
100874528,0,0,3,0,0,0
100874530,3,0,0,0,0,0
100874531,1,0,1,0,0,0
100885775,0,0,1,0,0,0
100885776,169,168,180,167,136,171
100885777,0,0,0,0,0,0
100885778,5,2,7,0,0,0
100885779,0,0,0,0,0,0
100885780,0,0,0,0,0,0
100885781,0,0,0,0,0,0
100885782,17,16,14,12,28,18
100885789,0,0,0,0,0,0
100885795,0,1,2,0,0,0
100885796,0,0,0,0,0,0
100885798,0,0,0,0,0,0
100885848,11,5,18,16,20,13
100885850,2,1,0,0,0,0
100886964,0,0,0,0,0,0
100887744,0,0,0,0,0,0
100887750,127,110,153,91,88,119
100887754,0,0,0,0,0,0
100887755,0,0,2,1,0,0
10089,8,5,2,3,5,1
1009,0,0,0,0,0,0
10090,319,303,320,381,257,283
10092,2271,2304,2334,4223,4518,3964
10093,1205,1325,1552,1823,2239,2040
10094,3794,3898,4324,2588,2998,2439
10095,2215,2484,2824,5874,7236,5332
10096,5287,5539,5849,6041,5809,5865
10097,6504,6761,7147,7147,6246,6278
10098,369,406,481,616,488,517
10099,1886,1972,1973,3274,3281,2977
100996249,0,0,0,0,0,0
100996251,19,8,12,6,3,3
100996255,0,0,0,0,0,0
100996259,16,8,9,5,0,1
100996263,0,0,2,0,0,0
100996266,0,0,0,0,0,0
100996273,12,6,18,1,0,2
100996274,1,3,2,0,0,0
100996279,0,0,0,0,0,0
100996280,0,0,0,0,0,0
100996286,1,1,1,0,3,0
100996291,0,0,0,0,0,1
100996295,14,11,11,26,16,13
100996301,29,37,47,104,143,112
100996307,15,24,19,47,53,44
100996318,2,0,0,0,1,3
100996324,0,0,0,0,0,0
100996325,0,0,0,0,0,0
100996331,0,0,0,0,0,0
100996335,0,0,0,0,0,0
100996338,0,0,0,0,0,0
100996342,0,0,0,1,1,0
100996348,22,8,17,9,6,7
100996349,0,0,0,0,0,0
100996351,5,1,6,1,0,1
100996365,0,0,0,0,0,0
100996379,7,0,2,4,0,3
100996385,0,0,0,0,0,0
100996401,0,0,0,0,0,0
100996414,0,0,0,0,0,0
100996415,0,0,0,0,0,0
100996425,0,0,5,1,1,1
100996437,17,16,18,14,7,20
100996447,86,83,93,82,116,68
100996455,15,18,13,28,18,28
100996465,12,18,39,13,6,15
100996485,151,144,129,64,17,70
100996490,0,1,0,0,0,0
100996492,8,4,1,2,1,2
100996511,145,141,154,6,3,19
100996539,13,15,8,20,10,15
100996541,18,20,22,6,0,0
100996567,0,0,0,0,0,0
100996569,0,0,0,0,0,0
100996570,0,0,0,0,0,0
100996571,3,10,11,3,4,6
100996573,59,96,95,1,2,10
100996574,2,2,3,5,0,3
100996579,112,105,124,69,69,87
100996582,0,0,0,0,0,0
100996583,0,0,0,0,0,0
100996590,0,0,1,0,0,0
100996597,0,0,0,0,0,0
100996598,1,2,0,2,0,2
100996609,0,0,0,0,0,0
100996624,1,0,1,0,0,0
100996631,0,0,0,0,0,0
100996634,84,65,96,58,22,57
100996635,0,0,0,0,0,0
100996637,0,0,0,0,0,0
100996643,2,3,8,0,0,3
100996645,0,0,0,0,0,0
100996648,0,0,0,0,0,0
100996654,24,29,27,36,33,40
100996664,21,13,18,15,12,14
100996665,0,0,0,0,0,0
100996669,0,0,0,0,0,0
100996671,0,0,0,0,0,0
100996679,0,0,0,0,0,0
100996693,7,7,10,19,11,24
100996694,0,0,0,0,0,0
100996701,0,0,0,0,0,0
100996702,46,38,30,155,194,165
100996712,3,5,9,46,15,36
100996713,0,0,0,0,0,0
100996721,0,0,0,0,1,0
100996724,108,105,119,93,49,89
100996738,0,0,0,0,0,0
100996746,0,0,0,0,0,0
100996758,22,16,35,33,33,30
100996761,0,0,0,0,0,0
100996763,136,157,193,325,425,304
100996792,0,1,1,0,0,2
100996813,32,31,22,3,1,1
100996876,0,0,0,0,0,0
100996928,0,0,0,0,0,0
100996939,0,0,0,0,0,0
100996941,0,0,0,0,0,0
101,1440,1499,1797,2944,2887,2487
1010,1,0,4,0,0,0
10100,730,741,867,739,762,674
10101,684,842,925,1051,1464,1206
10102,437,471,566,436,481,428
10103,4553,4742,5063,6497,7383,6138
10105,3499,3706,3937,4159,4596,4806
101054525,0,0,0,0,0,0
101055625,0,0,0,0,0,0
101059906,0,0,0,0,0,0
101059914,0,0,0,0,0,0
101059915,0,0,0,1,0,4
101059918,0,0,0,1,0,0
101059938,2,7,0,0,0,0
101059948,7,13,8,43,38,47
101059953,8,20,16,2,6,11
10106,3994,4422,4770,3758,2705,3489
101060004,4,1,0,2,1,2
101060017,0,0,0,0,1,0
101060019,0,0,0,0,0,0
101060022,4,21,5,4,12,11
101060024,0,0,0,0,0,0
101060026,0,0,0,0,0,0
101060091,8,11,10,12,16,18
101060146,130,142,108,39,20,33
101060171,0,0,0,0,0,0
101060179,0,0,0,0,0,0
101060181,0,0,0,0,0,0
101060200,64,68,62,18,9,24
101060211,0,0,0,0,0,0
101060226,202,166,207,239,180,193
101060233,0,0,0,0,0,0
101060254,0,0,2,0,0,0
101060264,18,24,27,30,26,29
101060301,0,0,0,0,0,0
101060321,0,0,0,0,0,0
101060341,1,3,2,4,0,1
101060351,0,1,5,3,0,0
101060376,30,23,25,33,24,46
101060385,0,0,0,0,0,0
101060389,2,1,6,7,10,1
101060391,0,0,0,0,0,0
101060498,2,1,1,3,3,0
101060524,0,0,0,0,0,0
101060542,9,8,16,6,4,4
101060544,0,1,5,0,0,0
101060553,0,0,0,1,2,1
101060569,0,0,0,0,0,0
101060684,327,204,292,268,130,279
101060691,509,466,553,362,336,349
10107,0,0,0,0,0,0
10109,4469,4777,5219,6480,6663,6510
10110,47,33,53,4,1,7
101101772,1,0,0,1,2,0
101101773,0,0,0,0,0,0
101101775,0,0,0,0,0,2
101101776,0,0,0,0,0,0
10111,1765,1906,2205,1077,716,822
10112,932,1026,1286,561,402,591
10113,694,725,789,1128,1343,1012
10114,3122,3223,3112,2395,1403,2044
101154687,0,0,0,0,0,0
101154753,0,1,3,0,0,3
10116,1125,1218,1230,1085,771,893
10117,0,0,0,0,0,0
101180901,0,0,0,0,0,0
101180976,0,0,0,0,0,1
1012,1,0,0,0,0,0
10120,1235,1183,1362,2289,2318,2112
10121,1290,1505,1606,2372,2257,2401
10123,471,458,589,756,713,716
10124,144,93,115,109,93,73
101241891,0,0,0,0,0,0
101241892,89,87,90,16,4,30
101241902,0,0,0,0,0,0
101243544,0,0,0,0,0,4
101243545,68,102,65,89,154,84
101243555,1,1,1,0,0,0
10125,39,55,38,117,68,114
10126,929,922,1163,1560,1801,1605
10127,495,535,678,871,688,786
10128,6706,7349,7576,4351,4300,3575
10129,384,416,514,279,132,262
1013,2,1,4,10,8,19
10130,2662,2727,3253,4290,4711,3983
10131,2039,2482,2771,3601,4110,3294
10133,1441,1452,1826,2956,2939,2480
10134,6246,6891,7567,12288,16070,12465
101340250,0,0,0,0,0,0
101340251,0,0,0,2,0,0
101340252,0,0,0,0,0,0
10135,14804,14922,15148,15460,15393,13502
10136,0,0,0,0,0,0
10137,1365,1300,1581,1551,1325,1534
10138,267,275,290,149,150,132
10139,493,550,631,724,965,913
1014,4,2,2,7,3,7
10140,790,801,878,853,797,750
101409253,0,0,0,0,0,0
101409254,0,0,0,0,0,0
101409256,0,0,2,2,2,2
101409257,1,1,5,4,2,1
101409258,4,7,9,5,2,5
101409261,13,14,7,18,28,15
10141,0,0,0,0,0,0
101410533,13,12,8,20,16,7
101410534,0,0,0,0,0,0
101410535,16,13,18,14,39,18
101410536,1,0,2,0,0,0
101410537,5,2,6,0,0,0
101410538,57,67,83,177,256,166
101410540,0,0,0,0,0,0
101410541,0,0,0,0,0,0
101410542,8,7,5,2,2,0
101410543,0,1,2,0,0,0
101410544,0,2,0,0,0,0
101410545,0,0,2,0,0,0
10142,1261,1255,1393,693,469,535
10143,0,0,0,0,0,0
10144,427,454,584,195,147,209
101447996,0,0,4,0,0,0
101448202,0,1,0,2,0,0
10146,6066,6327,6562,5994,4761,5848
10147,1129,1213,1408,635,477,714
10148,26,29,36,284,348,222
10149,11,19,21,7,12,12
1015,1,1,6,1,1,2
10150,2607,2618,2871,1609,1206,1051
10151,2,0,2,2,0,1
101515984,0,0,0,0,0,0
10152,1412,1441,1642,1329,978,1142
10153,780,778,851,599,649,439
10154,27,21,31,6,7,4
10155,10573,12200,13662,17452,19234,16607
101559451,10,10,12,21,21,15
10156,91,44,77,253,344,124
10157,0,0,0,0,0,0
10158,263,295,321,2615,3431,2090
10159,1163,1024,1094,1463,1348,1141
101593348,0,1,8,0,5,2
1016,0,0,0,1,1,0
10160,1726,1984,2284,2487,1960,2085
10161,48,44,57,39,45,22
10162,1339,1427,1518,1286,1054,1121
10163,2857,2963,3462,4818,3108,3976
10164,13,11,16,9,3,9
10165,873,911,1015,924,837,1011
10166,162,205,216,214,253,241
101669762,316,329,371,241,229,224
101669764,0,0,0,0,0,0
101669766,2,3,10,2,0,5
101669767,0,0,1,0,0,0
10168,482,456,503,280,268,277
10169,756,709,781,3027,4537,2775
1017,774,879,953,924,841,776
10170,19,16,22,2,4,3
10171,169,159,183,186,180,204
10172,147,125,148,122,94,85
101730217,0,0,0,3,0,1
101735302,22,15,25,8,5,9
10174,686,753,824,1210,1253,1331
10175,2977,2764,2743,3088,3286,2797
101752334,0,0,0,0,0,0
101752399,392,335,452,152,61,220
101752400,47,69,55,21,5,22
10178,3,1,3,0,0,0
10179,607,596,658,512,507,399
1018,0,0,0,0,0,0
10180,1478,1550,1737,1521,1210,1445
101805488,0,0,3,0,0,0
101805491,0,0,1,0,0,0
101805492,13,8,11,8,6,3
10181,1256,1446,1361,824,780,821
10184,1088,1133,1135,1168,737,924
10186,1,0,5,6,5,11
101867536,5,1,13,3,2,4
10188,1215,1267,1409,1476,1525,1370
10189,525,695,793,858,1253,1033
1019,2440,2720,2847,2444,2932,2682
10190,988,1103,1128,703,941,747
101926888,30,29,28,23,22,31
101926889,19,9,12,4,1,4
101926890,0,0,0,0,0,0
101926892,0,0,0,0,0,0
101926895,11,6,25,12,8,15
101926896,0,0,0,0,0,0
101926897,0,0,0,0,0,0
101926898,0,0,0,0,0,0
101926900,0,0,0,0,0,0
101926903,0,0,0,0,0,0
101926904,2,0,1,3,0,3
101926905,0,0,0,0,0,0
101926906,0,0,0,0,0,0
101926908,0,0,0,0,0,0
101926911,10,9,13,17,26,22
101926913,1,0,4,1,0,3
101926915,0,0,0,0,0,0
101926924,0,0,0,0,0,0
101926925,1,1,2,0,2,0
101926926,17,13,14,1,0,2
101926928,0,0,0,0,0,0
101926930,0,0,0,0,0,0
101926933,1,1,0,0,0,3
101926935,47,72,37,44,26,35
101926940,0,0,0,0,0,0
101926941,25,40,50,47,31,34
101926942,0,0,0,0,0,0
101926943,1,3,5,1,0,0
101926944,3,0,2,0,0,0
101926950,0,0,0,0,0,0
101926951,0,0,0,0,0,0
101926955,0,0,0,5,0,0
101926960,0,0,0,0,0,0
101926962,0,0,0,0,0,0
101926963,5,1,0,0,2,0
101926964,0,0,0,0,0,0
101926966,0,0,0,0,0,0
101926971,0,0,0,0,0,0
101926975,24,30,31,31,22,33
101926978,0,0,0,0,0,0
101926982,1,0,0,0,0,0
101926985,0,0,0,0,0,0
101926987,8,3,3,0,4,2
101926996,68,65,83,114,93,79
101926997,0,4,2,1,0,0
101927003,0,0,0,0,0,0
101927007,0,0,0,0,0,0
101927015,0,0,0,0,0,0
101927016,6,6,11,3,0,0
101927017,0,0,0,0,0,0
101927018,18,21,13,0,0,0
101927020,0,0,0,0,0,0
101927021,186,187,245,423,425,423
101927023,0,0,0,0,0,0
101927027,256,287,262,34,27,34
101927029,0,0,0,5,1,2
101927034,2,1,4,0,0,0
101927040,12,11,15,5,3,2
101927043,23,27,30,73,51,55
101927045,165,183,212,143,109,149
101927048,0,0,0,0,0,0
101927049,0,0,0,0,0,0
101927051,3,5,4,0,0,0
101927053,0,0,0,0,0,0
101927055,0,0,0,0,0,0
101927056,6,22,17,20,20,28
101927058,0,0,0,0,0,0
101927059,0,0,0,0,0,0
101927062,0,0,0,0,0,0
101927066,2,0,0,0,0,0
101927067,33,23,30,35,36,38
101927069,0,1,1,0,0,0
101927070,0,0,0,0,1,0
101927074,0,0,0,0,0,0
101927075,0,0,0,0,0,0
101927078,0,0,0,0,0,0
101927079,0,0,0,0,0,0
101927081,0,0,0,0,0,0
101927082,0,0,0,0,0,0
101927084,4,2,4,0,0,1
101927087,0,1,2,0,0,1
101927096,0,0,0,0,0,0
101927100,4,1,6,2,2,0
101927102,8,6,12,2,2,1
101927111,28,30,23,24,15,19
101927112,0,0,0,0,0,0
101927115,0,0,1,0,0,0
101927117,9,10,9,0,1,2
101927120,0,0,0,0,0,0
101927123,0,0,0,0,0,0
101927124,19,19,18,15,10,14
101927125,37,37,42,122,145,103
101927129,0,0,0,0,0,0
101927131,0,1,1,1,0,0
101927132,5,5,6,1,0,0
101927134,0,0,0,0,0,3
101927136,2326,2483,2582,819,428,748
101927139,0,0,0,0,0,0
101927141,0,0,0,0,0,0
101927142,1,2,3,0,0,1
101927143,3,2,1,1,0,0
101927147,1,2,2,3,6,3
101927149,0,0,2,0,0,0
101927150,0,0,0,0,0,0
101927151,98,117,153,95,80,65
101927152,2,1,0,0,0,0
101927153,0,0,0,0,0,0
101927155,13,11,4,7,16,13
101927156,0,0,0,0,0,0
101927157,2,7,14,0,1,0
101927159,0,0,0,0,0,0
101927160,129,97,104,176,121,129
101927164,3,1,0,0,0,0
101927166,0,0,2,0,0,1
101927167,472,465,545,525,349,548
101927171,16,19,18,23,14,30
101927176,0,0,0,0,0,0
101927178,1,4,8,2,0,1
101927179,3,1,4,0,0,2
101927181,75,73,114,54,51,59
101927186,0,0,0,0,0,0
101927188,0,0,0,0,0,0
101927189,3,1,1,2,0,0
101927190,0,0,1,0,0,0
101927193,0,0,0,0,0,0
101927195,0,0,0,0,0,0
101927196,0,0,1,0,0,0
101927204,135,164,180,154,112,123
101927207,0,0,0,0,0,0
101927210,0,0,0,0,0,0
101927211,2,0,1,0,2,1
101927215,0,0,0,0,0,0
101927216,0,0,0,0,0,0
101927217,9,7,4,4,5,5
101927219,0,0,0,0,0,0
101927220,1,1,0,0,4,1
101927221,21,28,40,31,36,27
101927224,4,0,4,1,1,0
101927228,0,0,0,0,0,0
101927229,0,0,0,0,0,0
101927230,0,0,0,0,0,0
101927233,0,2,2,1,0,0
101927237,0,2,0,0,0,0
101927239,0,0,0,0,0,0
101927242,0,0,0,0,0,0
101927243,0,0,0,1,0,1
101927244,0,0,0,0,0,0
101927245,39,20,13,21,29,29
101927248,0,0,0,0,0,0
101927249,0,0,0,0,0,0
101927250,3,7,1,6,2,1
101927257,0,0,2,0,0,0
101927258,1,1,0,0,0,0
101927260,104,101,127,55,65,68
101927262,12,24,20,4,2,9
101927267,15,6,7,2,0,6
101927269,0,0,0,0,0,0
101927272,0,0,0,0,0,0
101927273,0,0,2,0,0,1
101927274,0,0,0,0,0,0
101927275,7,6,10,14,11,6
101927277,0,0,0,0,0,0
101927278,0,0,0,1,2,1
101927279,9,16,21,19,25,16
101927280,0,0,0,0,0,0
101927282,8,4,7,11,3,4
101927284,0,0,0,0,0,0
101927285,0,0,0,0,0,0
101927286,0,0,0,0,0,0
101927288,23,11,14,2,4,3
101927289,7,12,9,3,5,0
101927292,0,0,0,0,0,0
101927295,0,0,0,0,0,0
101927296,0,0,0,0,0,0
101927305,13,13,8,1,4,12
101927310,0,0,0,0,0,0
101927311,1,1,1,3,3,0
101927313,0,0,0,0,0,0
101927314,0,0,0,1,1,0
101927318,2,8,8,0,3,0
101927320,0,0,0,0,0,0
101927322,1,0,4,0,1,2
101927323,0,0,1,8,8,8
101927324,0,0,0,0,0,0
101927332,0,0,0,0,0,0
101927334,0,0,0,0,0,0
101927342,0,0,0,0,0,0
101927345,0,0,0,0,0,0
101927346,0,0,0,0,0,0
101927347,0,0,0,0,0,0
101927348,0,3,0,0,0,3
101927350,0,0,0,0,0,0
101927352,49,45,70,56,49,58
101927353,0,0,0,0,0,0
101927354,3,2,2,1,2,3
101927356,0,0,0,0,0,0
101927358,0,0,0,0,0,0
101927359,0,0,0,0,0,0
101927360,0,0,0,0,0,0
101927363,1,0,1,0,0,0
101927364,0,0,0,0,0,0
101927365,60,54,95,70,40,48
101927374,0,0,0,0,0,0
101927375,0,0,0,0,0,0
101927376,2,0,0,0,0,0
101927378,0,0,0,0,0,0
101927379,0,0,0,0,0,0
101927380,14,6,21,5,1,2
101927381,0,0,0,0,0,0
101927391,56,62,42,93,101,123
101927394,0,1,0,0,0,0
101927396,0,0,0,0,0,0
101927401,46,21,48,34,16,32
101927402,4,5,1,0,9,6
101927403,0,3,0,0,0,0
101927405,0,0,2,0,0,0
101927406,0,0,0,0,0,0
101927410,0,0,0,0,0,0
101927411,0,0,0,0,0,0
101927412,0,0,0,0,0,0
101927415,30,43,33,8,5,19
101927416,0,0,0,0,0,0
101927417,4,9,9,1,2,3
101927418,0,6,6,2,0,0
101927419,0,0,0,0,1,0
101927420,1,4,6,1,0,2
101927421,0,0,0,0,0,0
101927422,0,0,0,0,0,0
101927423,4,3,8,13,14,9
101927430,0,0,0,0,0,0
101927431,0,0,0,0,0,0
101927433,0,0,0,0,0,0
101927434,0,0,0,0,0,0
101927435,0,1,2,1,2,2
101927437,0,0,0,0,0,0
101927438,0,2,0,3,0,2
101927446,3,3,2,1,0,0
101927449,0,0,0,0,0,0
101927450,0,0,0,0,0,0
101927455,0,0,0,0,0,0
101927457,5,5,23,0,1,1
101927459,0,0,0,0,0,0
101927460,0,0,0,0,0,0
101927464,0,0,0,0,0,0
101927465,0,0,0,0,0,0
101927468,9,0,1,2,3,1
101927469,0,1,0,0,0,0
101927472,4,4,6,6,0,0
101927476,4,3,2,4,3,1
101927477,0,0,0,0,0,0
101927478,0,3,0,1,2,0
101927481,6,4,8,0,2,2
101927482,1,0,0,0,0,0
101927487,0,0,0,0,0,0
101927488,0,0,0,0,0,0
101927489,0,0,0,0,0,0
101927492,7,3,2,8,11,7
101927494,0,0,0,0,0,0
101927495,16,4,8,15,27,20
101927497,5,11,3,5,4,6
101927498,1,1,1,2,2,2
101927501,0,0,0,0,0,0
101927502,0,2,0,2,1,0
101927503,0,0,0,0,0,0
101927509,13,14,11,16,5,17
101927513,1,0,1,0,0,0
101927523,0,0,0,0,0,0
101927524,0,0,0,0,0,0
101927526,0,1,0,2,0,0
101927528,0,0,4,1,0,0
101927532,0,0,0,0,0,0
101927534,0,0,0,0,0,0
101927539,0,2,0,0,0,0
101927541,6,9,28,48,47,29
101927543,0,0,0,0,0,0
101927546,1,6,3,2,0,1
101927547,1,0,0,0,0,0
101927549,0,0,0,0,0,0
101927550,43,31,75,48,15,25
101927553,0,0,0,0,0,0
101927554,0,0,4,0,0,0
101927557,0,0,0,0,0,0
101927559,22,29,15,30,23,29
101927560,1,0,0,0,0,0
101927562,0,0,0,0,0,0
101927565,11,10,11,9,0,5
101927571,3,4,1,1,2,4
101927572,4,12,4,8,4,1
101927574,45,39,32,19,14,32
101927575,0,0,0,0,0,0
101927577,0,0,0,0,0,0
101927579,0,0,0,0,3,6
101927580,0,0,0,0,0,0
101927581,0,0,0,0,0,0
101927583,10,2,11,6,0,1
101927586,73,71,84,62,51,72
101927587,0,0,1,0,0,1
101927588,5,4,4,2,1,1
101927590,0,0,0,0,0,0
101927591,0,0,0,0,0,0
101927592,0,0,0,0,0,0
101927595,11,9,15,17,21,28
101927597,86,112,88,95,93,95
101927599,88,121,109,134,148,106
101927604,8,11,4,7,2,14
101927606,0,0,0,0,0,0
101927612,46,46,54,6,3,12
101927616,0,0,0,0,0,0
101927619,0,0,0,0,0,0
101927620,0,1,0,0,0,0
101927621,29,26,28,24,19,28
101927623,0,0,0,0,0,1
101927624,0,0,0,0,0,0
101927628,0,0,0,0,0,0
101927630,8,2,2,5,1,6
101927631,68,82,74,72,30,80
101927636,0,0,0,0,0,0
101927637,0,0,0,0,0,0
101927640,0,0,1,1,0,0
101927641,0,0,0,0,0,0
101927642,0,0,0,0,0,0
101927650,0,0,0,0,0,0
101927651,0,0,0,0,0,0
101927653,0,0,0,0,0,0
101927655,0,0,0,0,0,0
101927657,9,7,7,8,9,12
101927659,0,0,0,0,0,0
101927660,0,0,0,0,0,0
101927661,0,0,0,0,0,0
101927666,0,0,0,0,0,2
101927667,39,39,51,30,20,33
101927668,4,6,7,6,4,3
101927671,0,0,0,0,0,0
101927678,2,4,2,0,1,0
101927682,2,7,5,37,25,30
101927683,0,0,0,0,0,0
101927685,1,3,2,2,0,0
101927686,5,5,4,4,3,3
101927688,1,5,2,0,1,1
101927691,0,0,1,0,0,0
101927692,2,2,0,4,1,2
101927694,0,0,0,0,0,0
101927697,0,0,0,0,0,0
101927698,1,3,4,1,2,2
101927700,0,0,0,0,0,0
101927701,0,0,0,3,0,0
101927703,11,12,17,33,14,27
101927704,0,0,0,0,0,0
101927708,3,1,5,5,4,1
101927709,0,0,0,0,0,0
101927715,0,0,0,0,0,0
101927718,0,0,0,0,0,0
101927720,10,7,9,0,3,4
101927721,0,0,0,0,0,0
101927722,0,0,0,0,0,0
101927726,2,4,2,6,0,3
101927727,0,0,1,0,0,1
101927728,0,0,0,0,0,0
101927730,0,0,0,0,0,0
101927735,0,0,0,0,0,0
101927736,0,0,1,0,2,0
101927740,0,0,0,0,0,0
101927746,44,46,65,70,61,66
101927750,2,6,3,4,7,5
101927751,0,0,0,0,0,0
101927755,2,3,5,6,2,7
101927759,7,7,6,5,8,6
101927761,3,6,5,1,0,3
101927762,1,7,1,3,0,3
101927763,3,2,1,2,0,0
101927764,8,4,3,5,0,1
101927765,27,67,61,65,62,53
101927766,2,1,1,0,0,0
101927767,10,17,13,6,7,10
101927768,5,6,3,3,7,6
101927769,3,2,1,1,0,0
101927770,51,34,57,11,2,14
101927774,0,0,0,0,1,0
101927777,0,0,0,0,0,0
101927780,10,4,2,6,10,5
101927787,222,215,230,58,55,57
101927789,204,217,226,138,129,146
101927795,0,0,0,1,4,1
101927796,0,0,0,0,0,0
101927797,0,0,0,0,0,0
101927798,0,0,0,0,0,0
101927802,0,0,0,0,0,0
101927808,0,0,0,0,0,0
101927811,23,18,22,23,18,20
101927813,7,2,4,0,0,0
101927814,0,6,1,1,2,2
101927815,0,0,0,0,0,0
101927817,0,0,1,0,0,0
101927821,0,0,0,0,0,0
101927822,0,0,0,0,0,0
101927824,5,4,6,6,4,3
101927827,0,0,0,0,0,0
101927828,4,0,4,6,3,5
101927829,0,0,0,0,0,0
101927830,11,10,1,3,5,12
101927832,0,1,4,1,1,0
101927835,0,0,0,0,0,0
101927839,0,0,0,0,0,0
101927843,14,17,16,9,1,15
101927844,0,0,0,0,0,0
101927845,0,0,0,0,0,0
101927847,0,0,0,0,0,0
101927849,0,0,0,0,0,0
101927851,30,24,44,22,16,22
101927853,0,2,2,0,1,1
101927854,6,3,3,0,3,4
101927855,0,0,3,2,1,6
101927859,1,0,0,0,0,0
101927862,0,0,2,7,2,5
101927865,8,26,15,14,9,12
101927866,0,0,0,0,0,0
101927869,0,0,0,0,0,0
101927870,1,1,0,1,0,3
101927873,16,27,23,19,29,17
101927876,0,0,0,0,0,0
101927878,5,0,0,0,0,0
101927881,0,0,0,0,0,0
101927884,0,0,0,0,0,1
101927891,35,35,55,34,37,30
101927900,0,0,0,0,0,0
101927901,4,1,0,0,0,2
101927905,47,41,63,9,9,11
101927907,0,0,0,0,0,0
101927908,0,0,0,0,0,0
101927911,13,24,27,4,8,13
101927914,2,0,2,0,0,0
101927915,0,0,0,0,0,0
101927917,0,0,0,0,0,0
101927919,8,5,6,10,8,2
101927921,0,0,0,0,0,0
101927922,0,0,0,0,0,0
101927924,0,0,0,0,0,0
101927926,1,6,3,0,0,0
101927931,0,0,0,0,0,0
101927932,15,30,11,0,0,0
101927934,27,48,50,42,30,44
101927944,0,0,0,0,0,0
101927948,11,5,6,0,0,0
101927950,0,0,0,0,0,0
101927953,16,9,14,14,22,11
101927954,4,3,6,0,0,0
101927955,2,0,0,0,0,0
101927957,15,31,30,6,7,7
101927964,0,0,0,0,0,0
101927967,14,6,8,12,18,9
101927969,0,0,0,0,0,0
101927972,0,1,0,0,0,0
101927973,0,0,0,0,0,0
101927980,0,0,0,0,0,0
101927983,11,26,6,1,0,1
101927987,0,0,0,0,0,0
101927989,54,37,52,59,47,66
101927990,0,0,0,0,0,0
101927992,9,10,14,19,4,5
101927994,0,0,0,0,0,0
101928000,51,40,42,51,80,68
101928001,0,0,1,0,0,0
101928002,0,0,0,0,0,0
101928008,0,0,2,0,0,0
101928009,0,0,0,0,0,0
101928012,0,0,0,0,0,0
101928017,12,7,12,7,17,8
101928020,8,12,18,1,0,5
101928021,1,0,1,0,0,0
101928022,0,0,0,0,0,0
101928030,0,0,0,0,0,0
101928031,0,0,0,0,0,0
101928033,0,0,0,0,0,0
101928034,3,2,9,2,0,3
101928035,0,0,0,0,0,0
101928036,0,0,0,0,0,0
101928039,5,6,10,2,2,4
101928042,0,0,0,0,0,0
101928043,4,1,12,5,0,5
101928048,0,0,0,0,0,0
101928052,0,0,0,0,0,0
101928053,33,34,36,41,24,29
101928058,0,0,0,0,0,0
101928062,38,31,38,14,11,10
101928063,18,12,18,5,7,8
101928067,0,0,0,0,0,0
101928068,35,17,31,4,3,5
101928069,50,51,44,60,73,59
101928075,0,3,2,5,7,6
101928079,56,58,64,96,81,74
101928085,18,9,12,15,16,19
101928093,0,0,1,1,2,3
101928098,0,0,1,0,0,0
101928099,85,64,55,90,70,83
101928100,8,2,0,2,0,4
101928103,8,8,18,9,7,14
101928104,0,0,0,0,0,0
101928105,1,1,2,0,2,0
101928107,0,0,0,0,0,0
101928108,0,0,0,0,0,0
101928113,0,0,0,0,0,0
101928118,5,5,8,9,10,5
101928120,5,1,2,8,4,8
101928122,0,0,0,0,0,0
101928123,0,1,0,0,1,0
101928128,0,0,0,0,0,0
101928131,5,2,2,0,1,0
101928132,0,0,0,0,0,0
101928134,0,0,0,0,0,0
101928135,0,0,0,0,0,0
101928136,52,29,33,20,9,21
101928137,0,1,2,0,0,0
101928138,0,0,0,0,0,0
101928140,0,0,0,0,0,0
101928141,0,0,0,0,0,0
101928142,2,15,9,1,7,3
101928143,3,0,1,3,4,1
101928147,0,0,0,0,0,1
101928150,0,0,0,0,0,0
101928151,1,3,0,0,0,0
101928153,20,13,14,31,22,35
101928154,0,0,0,0,0,0
101928158,6,13,4,6,1,6
101928161,0,0,0,0,0,0
101928162,0,0,0,0,0,0
101928163,0,0,0,0,0,2
101928165,0,0,0,0,0,0
101928167,0,0,0,0,0,4
101928168,0,0,0,0,0,0
101928174,0,0,0,0,0,0
101928176,9,5,0,1,0,6
101928177,64,42,50,27,38,21
101928182,0,0,0,0,0,0
101928185,0,0,0,0,0,0
101928190,0,0,0,0,0,0
101928191,9,5,22,0,0,0
101928193,0,0,0,0,0,0
101928195,0,0,0,0,0,0
101928200,0,0,0,0,0,0
101928201,0,0,0,0,0,0
101928203,0,0,0,0,0,0
101928205,8,5,3,4,0,2
101928208,0,0,0,0,4,1
101928211,0,0,0,0,0,0
101928222,8,5,11,24,14,21
101928223,0,0,0,0,0,0
101928226,0,0,0,0,0,0
101928227,1,0,0,0,0,0
101928231,0,0,0,0,0,0
101928232,0,0,0,0,0,0
101928238,28,16,31,54,69,54
101928241,0,0,0,0,0,0
101928242,0,0,0,0,0,0
101928243,12,23,27,20,19,18
101928244,1,0,0,0,0,0
101928248,0,0,0,0,0,0
101928253,0,0,0,0,0,0
101928254,0,0,0,0,0,0
101928259,0,0,0,1,3,3
101928266,3,1,6,2,3,1
101928268,1,1,4,1,0,2
101928269,0,0,0,0,0,0
101928270,0,0,0,0,0,0
101928271,0,0,0,0,0,0
101928272,0,0,0,0,0,0
101928273,0,0,0,0,0,0
101928276,0,0,0,0,0,0
101928279,7,10,12,4,3,3
101928280,0,0,0,0,0,0
101928283,1,0,1,0,0,1
101928287,1,0,1,0,0,0
101928290,0,0,0,0,0,0
101928292,0,1,0,0,0,0
101928295,84,64,73,159,140,184
101928298,0,0,0,0,0,0
101928303,0,0,0,0,0,0
101928304,0,0,0,0,0,0
101928306,0,0,0,0,0,0
101928307,0,0,0,0,0,0
101928314,0,0,0,0,0,0
101928318,0,0,0,0,0,0
101928322,0,0,0,0,0,0
101928323,37,36,36,23,14,16
101928324,3,3,2,7,1,4
101928327,0,0,0,0,0,0
101928333,0,0,0,0,0,0
101928334,1,0,2,0,0,0
101928335,0,0,0,1,0,0
101928336,0,0,1,0,0,0
101928340,0,0,0,0,0,0
101928344,3,1,0,6,0,0
101928345,0,0,0,0,0,0
101928353,0,0,0,0,0,1
101928358,0,0,0,0,0,0
101928363,1,0,1,0,0,1
101928364,0,0,0,0,0,0
101928370,0,0,0,0,0,0
101928371,1,1,2,1,1,0
101928372,0,0,0,0,0,0
101928376,0,0,4,2,0,3
101928377,21,42,17,22,15,32
101928378,115,103,129,79,20,86
101928381,0,0,0,0,0,0
101928386,8,0,0,0,0,0
101928388,2,3,4,6,6,4
101928398,0,0,0,0,0,0
101928401,0,0,0,0,0,0
101928402,0,1,5,2,5,3
101928403,8,26,35,30,28,21
101928404,0,0,0,0,0,0
101928406,0,0,0,0,0,0
101928414,0,0,0,2,0,0
101928416,0,0,0,0,0,0
101928417,0,0,0,0,0,0
101928418,0,0,0,0,0,0
101928419,6,2,3,0,0,0
101928420,0,0,0,0,0,0
101928422,2,2,6,3,3,2
101928429,0,2,1,0,0,0
101928433,201,207,159,76,58,84
101928435,0,0,0,0,0,0
101928436,1,0,0,2,0,0
101928437,0,0,0,0,0,0
101928438,2,6,1,5,8,0
101928440,1,0,0,0,0,0
101928441,0,0,0,0,0,0
101928442,0,0,0,0,0,0
101928443,0,0,0,0,0,0
101928445,18,32,32,5,0,17
101928446,0,0,0,0,0,0
101928448,0,0,0,0,0,0
101928449,0,0,0,0,0,0
101928453,0,0,0,0,0,0
101928455,0,0,0,0,0,0
101928460,0,0,0,0,0,0
101928461,5,2,8,1,3,0
101928465,44,24,46,31,14,37
101928468,0,0,0,0,0,0
101928469,0,0,0,0,0,0
101928470,0,0,0,0,0,0
101928471,0,0,0,0,0,0
101928476,0,0,0,0,0,0
101928483,11,15,14,10,3,12
101928484,2,0,1,4,0,0
101928489,10,12,6,11,6,6
101928491,7,8,7,5,0,10
101928492,1,0,0,3,15,8
101928495,0,0,0,0,0,0
101928496,0,0,0,0,0,0
101928505,3,5,6,0,0,0
101928509,0,0,0,0,0,0
101928513,7,5,3,22,9,7
101928514,8,9,31,1,0,1
101928516,0,0,0,0,0,0
101928517,0,0,0,0,0,0
101928519,0,0,0,0,0,0
101928523,0,0,0,0,0,0
101928525,0,3,2,3,0,0
101928526,0,1,0,0,0,0
101928530,0,1,2,8,4,3
101928535,0,0,0,0,0,0
101928536,0,0,0,0,0,0
101928537,3,3,5,1,0,2
101928539,0,0,3,0,1,0
101928540,1,0,0,0,0,0
101928545,13,15,12,17,10,6
101928548,0,1,0,0,1,0
101928550,1,0,1,0,0,0
101928551,0,0,1,2,0,0
101928555,0,1,0,4,2,3
101928559,0,0,0,0,0,0
101928565,0,0,0,0,0,0
101928566,0,0,0,0,0,0
101928567,0,0,0,0,0,0
101928569,0,3,0,1,1,0
101928571,2,3,18,3,4,2
101928578,29,29,41,39,22,25
101928580,0,0,0,0,0,0
101928583,0,0,0,2,0,0
101928587,0,0,0,0,0,0
101928589,0,0,0,0,0,0
101928590,0,0,0,0,0,0
101928592,54,66,41,22,13,18
101928596,189,207,273,716,660,730
101928597,0,0,0,0,0,0
101928600,0,0,0,0,0,0
101928601,0,0,0,0,0,0
101928602,7,7,2,11,3,10
101928603,0,0,2,1,0,0
101928604,0,1,9,0,1,0
101928605,1,2,0,1,2,2
101928607,0,0,0,0,0,0
101928611,0,0,0,0,0,0
101928616,0,0,0,0,0,0
101928618,0,0,0,0,0,0
101928621,38,44,41,7,2,9
101928622,0,0,0,0,0,0
101928626,0,3,0,0,3,1
101928627,0,0,0,0,0,0
101928630,2,4,1,1,1,2
101928632,0,0,0,0,1,8
101928635,4,5,6,12,3,14
101928638,0,0,4,0,0,0
101928639,1,0,3,0,0,0
101928646,5,6,7,2,3,1
101928649,211,210,217,385,354,380
101928650,0,0,0,0,0,0
101928651,0,0,0,0,0,0
101928656,0,0,0,0,0,0
101928661,0,0,0,0,0,0
101928663,0,0,0,5,0,1
101928668,0,0,0,2,0,0
101928673,20,28,17,33,28,22
101928674,14,12,16,10,14,16
101928675,0,1,2,3,1,1
101928682,0,0,0,0,0,0
101928684,1,2,2,1,0,1
101928687,236,267,262,41,35,54
101928689,10,6,0,3,0,5
101928694,0,0,0,0,0,0
101928696,0,0,1,0,1,0
101928697,0,0,0,0,0,0
101928698,0,0,0,0,0,0
101928700,0,1,0,0,0,0
101928701,9,10,10,3,2,2
101928708,0,0,0,0,0,0
101928710,6,7,19,4,1,2
101928718,0,0,0,0,0,0
101928720,0,0,0,1,1,0
101928722,3,4,2,14,5,6
101928726,0,0,0,0,0,0
101928727,0,0,0,0,0,0
101928728,18,10,9,25,23,41
101928730,0,0,0,0,0,0
101928731,1,1,2,0,0,0
101928733,0,0,1,0,0,1
101928734,5,2,3,2,1,1
101928736,26,30,29,46,56,65
101928737,2,10,9,3,6,3
101928738,7,8,11,2,2,4
101928739,0,0,0,0,0,0
101928741,8,9,2,4,1,3
101928744,3,3,4,0,1,0
101928747,34,39,43,9,1,15
101928748,1,1,0,0,0,1
101928751,0,0,0,0,0,0
101928764,0,6,0,1,0,3
101928766,25,22,6,18,5,9
101928767,2,1,2,2,4,1
101928769,0,0,0,0,0,0
101928770,0,1,0,0,0,0
101928773,0,0,3,4,1,4
101928775,0,0,0,0,0,0
101928776,0,0,0,0,0,0
101928778,0,0,0,0,0,0
101928781,0,0,0,0,0,0
101928782,0,0,0,0,0,0
101928784,14,14,23,7,6,16
101928786,0,0,0,0,0,0
101928790,0,0,0,0,0,0
101928791,0,0,0,0,0,0
101928793,6,13,15,1,0,4
101928794,7,10,25,29,21,21
101928795,0,0,0,0,0,0
101928796,0,3,0,3,9,6
101928797,0,0,0,0,0,0
101928804,0,0,0,0,0,0
101928808,0,0,0,0,0,0
101928809,0,1,3,0,0,0
101928812,0,0,0,0,0,0
101928823,0,0,0,0,0,0
101928834,0,0,0,0,0,0
101928837,6,3,16,18,21,11
101928840,0,0,0,0,0,0
101928841,5,9,12,30,28,26
101928844,21,13,24,14,2,19
101928846,21,10,19,9,9,15
101928847,0,0,0,0,0,0
101928850,0,0,0,0,0,0
101928851,0,0,0,0,0,0
101928855,4,2,8,0,0,1
101928857,0,0,0,0,0,0
101928858,0,0,0,0,0,0
101928861,0,0,0,0,0,0
101928865,12,8,5,1,0,0
101928868,4,1,5,4,1,0
101928869,0,0,0,0,0,0
101928870,0,0,2,0,2,0
101928879,1,0,0,0,0,0
101928880,1,0,0,0,1,0
101928882,0,0,0,0,0,0
101928885,4,4,0,5,2,0
101928886,7,3,9,0,0,1
101928887,0,0,0,0,0,0
101928891,46,33,58,108,100,92
101928893,0,3,0,0,0,0
101928894,0,1,0,0,0,0
101928896,0,0,0,0,0,0
101928909,2,0,1,1,0,0
101928911,0,0,0,0,0,0
101928913,173,114,172,97,44,95
101928917,0,0,0,0,0,0
101928922,0,0,0,0,0,0
101928924,0,0,0,0,0,0
101928927,18,10,19,8,2,11
101928931,4,7,13,12,9,20
101928932,0,0,0,0,0,0
101928936,0,0,0,0,0,0
101928937,0,0,0,0,0,0
101928940,0,0,0,0,0,0
101928942,1,0,0,0,0,0
101928943,1,4,6,0,0,2
101928944,0,0,0,0,0,0
101928948,0,0,0,0,0,0
101928961,0,0,0,0,0,0
101928971,0,0,0,0,0,0
101928973,1,3,0,0,1,3
101928977,0,1,0,0,0,4
101928978,0,0,0,0,0,0
101928979,22,26,21,14,7,15
101928984,0,0,2,0,0,2
101928988,2,2,1,3,0,1
101928989,0,0,0,0,0,0
101928991,1,0,1,3,1,0
101928992,0,0,0,0,0,0
101928994,97,114,115,81,67,92
101928995,0,1,0,0,0,0
101928999,0,0,0,0,0,0
101929005,10,8,9,0,0,1
101929006,0,0,0,0,0,0
101929010,1,0,0,0,0,0
101929019,0,0,0,0,0,0
101929023,5,3,5,0,1,2
101929025,0,0,0,0,0,0
101929034,0,0,0,0,0,0
101929052,0,0,0,0,0,0
101929057,15,3,6,4,1,0
101929058,0,0,0,0,0,0
101929059,0,0,0,0,0,0
101929060,14,10,16,9,9,10
101929064,0,0,0,0,0,0
101929066,19,20,29,23,18,20
101929069,0,0,0,0,0,0
101929071,0,0,0,0,0,0
101929073,0,0,0,0,0,0
101929074,34,40,53,63,56,48
101929076,0,0,0,0,2,0
101929080,0,0,0,0,0,0
101929081,0,0,0,0,0,0
101929082,0,0,0,0,0,0
101929083,0,0,0,0,0,0
101929084,0,0,0,0,0,0
101929086,1,2,1,0,0,0
101929087,0,0,0,0,0,0
101929089,5,7,10,4,4,0
101929093,0,0,0,0,0,0
101929095,2,4,2,0,1,1
101929097,0,0,0,0,0,0
101929098,0,0,0,0,0,0
101929099,30,40,41,14,28,22
101929106,0,0,0,0,0,0
101929110,1,2,0,0,2,1
101929116,0,0,0,0,0,0
101929120,0,0,0,0,0,0
101929121,0,0,0,0,0,0
101929122,0,0,0,0,0,0
101929123,0,0,0,0,0,0
101929124,0,0,0,0,0,0
101929125,14,16,11,5,9,8
101929127,0,0,0,0,0,0
101929128,15,4,18,16,11,16
101929130,0,0,0,0,0,0
101929138,2,0,0,0,2,0
101929140,18,32,24,12,13,10
101929141,1,2,1,0,0,0
101929144,0,0,0,0,0,0
101929147,534,527,547,321,266,376
101929148,0,0,0,0,0,0
101929152,3,2,3,2,2,11
101929153,0,0,0,0,0,0
101929154,0,0,0,0,0,0
101929162,9,8,8,1,0,0
101929163,0,0,0,0,0,0
101929164,0,0,0,0,0,0
101929172,0,0,0,0,0,0
101929173,3,3,3,1,0,3
101929176,0,0,0,0,0,0
101929180,0,0,0,0,0,0
101929181,0,0,0,2,0,0
101929184,0,1,1,0,0,0
101929185,48,32,63,30,9,20
101929191,4,4,5,0,0,0
101929194,0,0,0,0,0,0
101929196,0,0,0,0,0,0
101929198,1,0,0,0,0,0
101929199,0,10,0,6,1,1
101929202,0,0,0,0,0,0
101929206,0,0,0,0,0,0
101929207,0,0,0,0,0,0
101929210,0,0,0,0,0,0
101929212,9,20,20,17,25,23
101929215,10,12,19,5,5,4
101929217,0,0,0,0,0,0
101929218,0,0,0,0,0,0
101929221,0,0,0,0,0,0
101929222,0,0,0,0,0,0
101929224,0,0,5,9,8,2
101929225,9,9,19,1,4,5
101929227,0,0,0,0,0,0
101929229,0,0,0,0,0,0
101929231,4,3,2,2,0,3
101929234,20,31,40,16,4,17
101929237,15,15,22,5,14,6
101929238,0,0,1,0,0,0
101929239,0,0,0,0,0,0
101929241,0,0,0,0,0,0
101929244,0,0,0,0,0,0
101929247,0,0,0,0,0,0
101929256,1,0,0,0,0,0
101929259,1,0,0,0,0,0
101929260,0,0,0,0,0,0
101929261,0,0,0,0,0,0
101929265,0,0,0,0,0,0
101929268,0,0,0,0,0,0
101929279,0,1,0,0,1,0
101929282,0,0,0,0,0,0
101929284,0,0,0,0,0,0
101929286,0,0,0,0,0,0
101929294,0,0,0,0,0,0
101929295,10,3,9,7,2,5
101929297,0,0,0,0,0,0
101929301,0,0,0,0,0,0
101929302,9,8,21,12,3,4
101929304,0,0,0,0,0,0
101929310,0,0,0,0,0,0
101929312,0,0,0,0,0,0
101929315,0,0,0,0,0,0
101929319,0,0,0,0,0,0
101929322,1,3,1,0,0,0
101929328,0,0,0,0,0,0
101929329,0,0,0,0,0,0
101929331,6,2,12,10,17,10
101929335,0,1,0,0,0,0
101929337,0,0,0,0,0,0
101929338,2,0,0,0,0,1
101929340,10,17,17,9,8,11
101929344,1,0,1,0,0,0
101929351,3,2,1,2,3,4
101929353,0,0,0,0,0,0
101929355,0,0,0,0,0,0
101929357,7,11,16,1,2,9
101929369,0,0,0,0,0,0
101929371,0,0,0,0,0,0
101929372,4,1,3,1,2,1
101929373,0,0,0,0,0,0
101929374,0,0,0,0,0,0
101929378,58,67,81,32,6,25
101929380,0,0,0,0,0,1
101929384,0,0,0,0,0,0
101929387,3,2,0,0,0,1
101929390,0,0,0,0,0,0
101929395,2,1,3,0,1,2
101929397,1,0,0,0,0,0
101929400,1,0,0,0,0,0
101929402,13,15,12,3,0,2
101929406,0,0,0,0,0,0
101929407,0,0,0,0,0,0
101929410,9,14,1,6,7,10
101929412,2,2,3,1,2,0
101929413,0,0,0,0,0,0
101929415,0,0,0,0,0,0
101929420,0,0,0,0,0,0
101929423,1,2,3,3,0,1
101929427,0,2,0,1,0,1
101929428,0,0,0,0,0,0
101929431,0,0,3,0,0,0
101929433,0,0,2,0,0,0
101929439,0,0,1,0,0,0
101929441,3,1,9,2,0,4
101929445,0,0,0,0,0,0
101929448,13,14,12,9,11,11
101929450,1,0,0,0,0,0
101929452,0,0,0,0,0,0
101929454,0,0,0,0,0,0
101929460,0,0,0,0,0,0
101929464,10,0,4,3,3,6
101929467,15,15,7,2,6,5
101929468,0,0,0,0,0,0
101929469,34,33,38,3,0,8
101929470,9,1,1,0,2,1
101929472,0,0,0,0,0,0
101929473,0,0,0,0,0,0
101929478,0,0,0,0,0,0
101929479,52,47,43,52,24,102
101929486,4,3,7,6,1,3
101929488,0,0,0,0,0,0
101929490,0,0,0,0,0,0
101929495,0,0,0,0,0,0
101929497,0,0,0,0,0,0
101929504,0,0,0,0,0,0
101929505,0,0,0,0,0,0
101929512,15,9,5,13,9,18
101929516,8,13,14,2,0,4
101929517,0,0,0,0,0,0
101929519,15,13,28,7,0,12
101929520,0,0,0,0,0,0
101929523,21,17,15,15,7,14
101929524,2,0,0,2,0,0
101929526,0,0,0,0,0,0
101929528,0,0,0,0,0,0
101929529,0,0,2,0,0,0
101929530,1,0,1,0,0,0
101929532,0,0,0,0,0,0
101929535,0,0,0,0,0,0
101929536,5,0,4,5,0,7
101929539,0,2,1,0,0,0
101929541,4,0,0,1,0,0
101929544,0,0,0,0,0,0
101929548,5,1,4,3,1,0
101929549,0,0,1,0,0,0
101929550,0,0,0,0,0,0
101929551,0,0,0,0,0,0
101929555,0,0,0,0,0,0
101929557,1,5,4,1,2,0
101929559,0,0,0,0,0,0
101929563,1,0,0,0,0,0
101929565,0,0,0,0,0,0
101929567,0,0,0,0,0,0
101929570,0,0,0,0,0,0
101929572,0,0,0,0,0,0
101929574,13,7,18,12,23,17
101929577,5,9,6,0,0,2
101929578,0,0,0,0,0,0
101929579,5,3,2,7,1,1
101929582,0,0,0,0,0,0
101929583,0,0,0,0,0,0
101929584,1,0,1,0,0,0
101929586,0,0,0,0,0,0
101929590,0,0,0,0,0,0
101929591,4,9,7,0,0,1
101929592,0,1,0,1,0,0
101929595,0,0,0,0,0,0
101929596,0,0,0,0,0,0
101929599,0,0,0,0,0,0
101929601,0,0,0,0,0,0
101929602,0,1,2,0,0,1
101929605,0,0,0,0,0,0
101929607,7,4,19,9,5,10
101929608,0,0,0,0,0,0
101929612,0,0,0,0,0,0
101929613,233,271,292,140,80,128
101929620,0,0,0,0,0,0
101929621,0,0,0,0,0,0
101929622,0,0,1,0,0,0
101929623,0,1,0,5,1,3
101929624,0,0,0,0,0,0
101929625,0,0,0,0,0,0
101929626,1,10,3,15,26,15
101929627,0,0,0,0,0,0
101929631,0,0,0,0,0,0
101929633,0,0,0,1,0,0
101929637,0,0,0,0,0,0
101929639,5,7,7,9,1,3
101929643,7,3,1,2,0,0
101929645,0,0,0,0,0,0
101929646,0,0,0,0,0,0
101929651,3,1,1,1,0,0
101929653,0,0,0,1,0,0
101929655,0,0,0,0,0,0
101929657,0,0,0,0,0,0
101929660,0,0,0,0,0,0
101929662,0,0,0,0,0,0
101929663,0,0,0,0,0,0
101929664,7,4,5,24,8,10
101929679,9,13,11,3,0,0
101929680,0,0,0,0,0,0
101929681,0,0,0,0,0,0
101929684,0,0,0,0,0,0
101929685,0,0,0,0,0,0
101929688,6,2,7,3,7,4
101929690,1,0,0,0,0,0
101929692,11,10,18,20,32,25
101929693,1,0,2,2,1,3
101929694,0,0,0,0,0,0
101929696,0,0,0,0,0,0
101929697,8,12,10,3,2,5
101929698,0,0,0,1,0,0
101929701,0,0,0,0,0,0
101929705,219,197,231,235,238,219
101929709,107,95,153,100,86,102
101929710,1,2,3,4,0,4
101929715,11,10,16,4,7,17
101929716,2,1,1,0,0,0
101929717,1,0,8,4,6,2
101929718,5,8,3,0,1,0
101929719,8,2,4,8,2,9
101929721,0,0,0,0,0,0
101929723,1,0,11,0,0,0
101929728,1,0,0,0,0,0
101929730,2,5,4,10,6,14
101929733,0,0,0,0,0,0
101929736,21,20,14,4,0,2
101929741,2,0,1,2,0,1
101929743,0,0,0,0,0,0
101929745,0,0,0,0,0,0
101929746,15,23,31,17,29,15
101929747,0,0,0,0,0,0
101929748,6,11,10,8,3,11
101929753,0,0,0,0,0,0
101929754,0,2,4,0,0,0
101929760,2,1,9,6,0,0
101929762,1,0,0,0,2,0
101929765,2,4,5,0,0,0
101929766,0,0,0,0,0,0
101929767,61,65,58,26,20,31
101929768,12,13,10,33,29,27
101929771,0,1,1,0,3,0
101929777,0,0,0,0,0,0
101929780,33,42,37,28,24,36
101929796,75,84,90,76,27,90
101929798,0,0,0,0,0,0
101929805,1,1,0,0,0,0
101929806,0,0,0,0,0,0
101929815,0,0,0,0,0,0
101929818,0,0,0,0,0,0
101929829,0,0,0,0,0,0
101929839,0,3,4,0,0,1
101929895,72,63,101,45,38,79
101929897,0,0,3,2,1,0
101929926,0,0,0,0,0,0
101929950,0,4,0,0,0,0
101929959,14,8,17,14,24,6
101929983,0,0,0,0,0,0
101929989,0,0,1,0,1,0
101929998,0,0,0,0,0,0
10193,1303,1467,1674,1576,1323,1513
101930010,4,5,5,4,13,7
101930023,0,0,0,0,0,0
101930071,4,3,2,1,4,8
101930085,270,272,316,312,177,451
101930171,0,0,0,0,0,0
101930332,1,10,16,9,16,3
101930452,1,9,3,0,0,0
101930746,0,0,0,0,0,0
101930747,0,0,0,0,0,0
101930748,0,0,0,0,0,0
101930749,3,10,9,6,0,3
101937451,0,0,0,0,0,0
10194,66,69,62,106,64,88
10195,1038,1157,1256,1572,1672,1398
101954204,0,0,0,0,0,0
101954264,1,0,3,1,0,0
101954266,0,0,0,0,0,0
101954267,0,0,0,0,0,0
101954269,0,0,0,0,0,0
101954271,0,0,0,0,0,0
101954272,2,0,2,0,0,0
101954273,0,0,0,0,0,0
101954275,0,0,0,0,0,0
101954276,0,0,1,0,0,2
101954277,0,0,0,0,0,0
101954278,13,7,7,2,6,5
10196,731,767,791,923,840,909
10197,1613,1830,1915,2324,2061,2316
101978719,3,1,4,2,0,0
101978785,0,0,0,0,0,0
10198,654,650,703,150,118,154
10199,612,664,686,447,475,361
102,2404,2369,2685,2012,1743,1715
1020,336,400,404,725,1006,633
10200,145,155,154,66,102,89
10201,519,565,556,561,516,610
10202,27,39,42,40,50,39
10203,6,4,7,1,4,3
102031319,0,0,0,0,0,1
10204,1452,1572,1729,2270,2511,2063
10205,747,666,792,771,720,724
10206,318,357,387,316,266,278
102060282,2,2,3,13,15,16
102060414,0,0,0,0,0,0
10207,2831,2941,3289,2233,1501,2004
10208,615,595,659,325,260,257
10209,8145,7862,8465,14575,17542,12633
1021,1874,1901,2074,1130,661,894
10210,545,550,571,352,281,387
10211,1,0,3,3,2,0
10212,560,689,730,468,474,584
10213,1177,1192,1211,1300,1359,1243
10214,0,0,0,0,0,0
10215,0,0,0,0,0,0
102157401,5,9,2,0,0,0
102157402,0,0,0,0,0,0
10216,2,1,5,0,0,0
10217,1845,2083,2332,2151,1612,1925
10218,0,1,2,0,0,0
10219,0,2,2,1,0,3
102191832,0,0,2,0,0,0
1022,22,5,10,14,7,9
10220,140,148,180,238,189,220
10221,1547,1498,1764,1621,1229,1247
102216268,0,0,0,0,0,0
102216342,0,0,0,0,0,0
10223,2,1,0,0,0,0
102238594,31,17,25,4,5,10
10224,28,42,35,12,18,18
10225,0,0,0,2,0,0
10226,2019,2194,2557,3926,4292,3826
10227,1298,1314,1482,1860,2084,1891
10228,1071,1115,1184,1435,1167,1322
102288414,11,18,25,17,23,12
10229,223,228,260,205,216,224
10230,209,261,213,108,69,82
10231,0,3,3,8,14,13
10232,1438,1545,1911,3095,4229,2664
10233,257,301,288,331,457,326
10234,3,5,15,3,0,2
10235,58,71,94,68,86,86
10236,2492,2595,2659,2375,2466,2532
10237,904,916,1011,954,1122,1016
10238,1702,1869,2066,2275,1769,2078
10239,8,19,7,4,5,9
1024,546,516,608,706,611,642
10240,429,453,557,382,381,350
10241,2011,2124,2315,2359,2159,2123
10242,4,1,5,3,0,0
10243,536,564,600,739,607,576
10244,383,480,491,507,627,537
10245,315,305,282,733,1106,780
10246,0,0,0,0,0,0
102464817,0,0,0,0,0,0
102464823,0,0,0,0,0,0
102464824,0,0,0,0,0,0
102464825,0,0,0,0,0,0
102464826,0,0,0,0,0,0
102464827,0,0,0,0,0,0
102464828,0,0,0,1,0,0
102464829,0,0,0,0,0,0
102464830,0,1,0,0,0,0
102464831,0,0,0,0,0,0
102464832,0,0,0,0,0,0
102464833,0,0,0,0,0,0
102464834,0,0,0,0,0,0
102464835,0,0,0,0,0,0
102464836,0,0,0,0,0,0
102464837,0,0,0,0,1,0
102465133,0,0,0,0,0,0
102465134,0,0,0,0,0,0
102465135,0,0,0,0,0,0
102465136,0,1,2,0,0,0
102465137,0,0,0,0,0,0
102465138,0,0,0,0,0,0
102465139,0,0,0,0,0,0
102465140,0,0,0,0,0,0
102465141,0,0,0,0,0,0
102465246,0,0,0,0,0,0
102465247,0,0,0,0,0,0
102465248,0,0,0,0,0,0
102465249,0,0,0,0,0,0
102465250,0,0,0,0,0,0
102465251,3,0,0,0,0,0
102465252,0,0,0,0,0,0
102465253,0,0,0,0,0,0
102465254,0,0,0,0,0,0
102465255,5,3,1,0,2,3
102465256,0,0,0,0,0,0
102465257,0,0,2,2,0,0
102465427,0,0,0,0,0,0
102465428,1,0,0,0,0,0
102465429,0,0,0,0,0,0
102465430,0,0,0,0,0,0
102465431,0,0,0,0,0,0
102465432,13,13,20,4,4,6
102465433,0,0,0,0,0,0
102465434,0,0,0,0,0,0
102465435,0,0,0,0,0,0
102465436,0,0,0,0,0,0
102465437,0,0,0,0,0,0
102465438,5,6,4,8,7,15
102465439,0,0,0,0,0,0
102465440,0,0,0,0,0,0
102465441,0,0,0,0,0,1
102465442,0,0,0,0,0,0
102465443,4,8,5,0,0,2
102465444,0,0,0,0,0,0
102465445,0,0,0,0,0,0
102465446,3,0,2,2,0,3
102465447,0,0,0,0,0,0
102465448,1,7,4,0,0,2
102465449,0,0,0,0,0,0
102465450,0,0,0,0,0,0
102465451,8,11,1,0,0,4
102465452,0,0,0,0,0,0
102465453,0,0,0,0,0,0
102465454,1,5,6,1,0,0
102465455,0,0,0,0,0,0
102465456,0,0,1,0,0,0
102465457,0,1,0,0,0,0
102465458,0,0,0,0,0,0
102465459,0,0,0,0,0,0
102465460,0,2,0,0,0,0
102465461,0,0,0,0,0,0
102465462,0,0,0,0,0,0
102465463,2,3,3,0,0,5
102465464,1,0,4,0,0,0
102465465,1,3,0,0,3,0
102465466,0,0,0,0,0,0
102465467,0,0,0,0,0,0
102465468,0,0,0,0,0,0
102465469,0,0,0,0,0,0
102465470,1,0,1,0,0,0
102465471,0,0,0,0,0,0
102465472,1,0,0,0,0,1
102465473,0,0,0,0,0,0
102465474,0,0,4,1,0,0
102465475,0,0,0,0,0,0
102465476,0,0,0,0,0,0
102465477,0,0,2,0,0,0
102465478,2,2,4,0,1,12
102465479,0,0,0,0,0,0
102465480,0,0,0,0,0,0
102465481,0,0,0,0,0,0
102465482,1,0,0,0,1,0
102465483,0,0,0,0,0,0
102465484,0,0,0,0,0,0
102465485,0,2,0,0,0,0
102465486,0,0,0,0,0,0
102465487,1,3,0,0,0,0
102465488,1,1,0,2,0,3
102465489,0,0,0,0,0,0
102465490,0,0,0,0,0,0
102465491,2,2,6,0,0,0
102465492,0,0,0,0,0,0
102465493,0,0,0,0,0,0
102465494,0,0,0,0,0,0
102465495,0,0,0,0,0,0
102465496,1,1,0,0,0,0
102465497,0,0,0,0,0,0
102465498,0,0,0,0,0,0
102465499,0,0,0,0,0,0
102465500,0,0,0,0,0,0
102465501,0,0,0,0,0,0
102465502,17,25,23,5,1,9
102465503,0,0,0,0,0,0
102465504,1,0,0,0,0,0
102465505,1,0,0,0,0,0
102465506,0,0,0,0,0,0
102465507,0,0,0,0,0,0
102465508,0,0,0,0,0,0
102465509,0,0,0,0,0,0
102465510,0,0,0,0,0,0
102465511,0,0,0,0,0,0
102465512,0,0,0,0,0,0
102465513,0,0,0,0,0,0
102465514,0,0,0,0,0,0
102465515,4,0,3,0,0,0
102465516,0,0,0,0,0,0
102465517,0,0,0,0,0,0
102465518,0,0,0,0,0,0
102465519,0,0,0,0,0,0
102465520,0,0,0,0,0,0
102465521,0,0,0,0,0,0
102465522,2,1,2,1,0,0
102465523,0,0,0,0,0,0
102465524,1,0,0,0,0,0
102465525,0,0,0,0,0,0
102465526,0,0,0,0,0,0
102465527,2,1,0,0,0,0
102465528,0,0,0,0,0,0
102465529,0,0,2,0,0,1
102465530,0,0,0,0,0,0
102465531,0,0,0,0,0,0
102465532,0,1,3,0,0,0
102465533,0,0,0,0,0,0
102465534,0,0,0,0,0,0
102465535,1,0,0,0,0,0
102465536,0,0,0,0,0,0
102465537,0,0,0,0,0,0
102465538,0,0,0,0,0,0
102465539,0,0,0,0,0,0
102465665,0,0,0,0,0,0
102465666,0,0,0,0,0,0
102465667,0,1,0,4,1,0
102465668,1,4,0,0,1,1
102465669,9,11,6,2,2,5
102465683,0,0,0,0,0,0
102465684,0,0,0,0,0,0
102465688,0,0,0,0,0,0
102465689,0,0,0,0,0,0
102465690,0,0,0,0,0,0
102465691,0,0,0,0,0,0
102465692,0,0,0,0,0,0
102465693,0,0,0,0,0,0
102465694,13,17,23,9,3,22
102465695,0,0,0,0,0,0
102465696,0,0,0,0,0,0
102465752,0,0,0,0,0,0
102465753,0,0,0,0,0,0
102465800,0,0,0,0,0,0
102465801,0,0,0,0,0,0
102465802,0,0,0,0,0,0
102465803,0,0,0,0,0,0
102465832,0,0,0,0,0,0
102465833,0,0,0,0,0,0
102465834,0,0,0,0,0,0
102465835,0,0,0,0,1,0
102465836,0,0,0,0,0,0
102465837,0,0,2,0,0,0
102465838,0,0,0,0,0,0
102465839,0,0,0,0,0,0
102465840,0,0,0,0,0,0
102465841,0,0,0,0,0,0
102465842,0,1,1,0,0,3
102465854,0,0,0,0,0,0
102465855,0,0,0,0,0,0
102465856,0,0,3,0,0,0
102465857,0,0,0,0,0,0
102465858,1,3,0,0,0,0
102465859,0,0,0,0,0,0
102465860,0,0,0,0,0,0
102465861,1,1,1,0,0,0
102465862,0,0,0,0,0,0
102465863,0,0,0,0,0,0
102465864,0,0,0,0,0,0
102465865,0,0,0,0,0,0
102465866,0,2,0,0,0,0
102465867,0,0,0,0,0,0
102465868,0,0,0,0,0,0
102465869,0,0,0,0,0,0
102465870,0,0,0,0,0,0
102465871,0,0,0,0,0,0
102465872,0,0,0,0,0,0
102465873,0,0,0,0,0,0
102465874,1,0,2,0,0,0
102465875,0,0,0,0,0,0
102465876,0,0,3,0,0,0
102465877,0,0,0,0,0,0
102465878,0,0,0,0,0,0
102465879,2,2,1,1,0,0
102465880,0,0,0,0,0,0
102465881,1,0,0,1,0,0
102465882,0,0,0,0,0,0
102465906,1,2,0,0,0,1
102465907,0,0,0,0,0,0
102465908,0,0,0,0,0,0
102465909,0,0,0,0,0,0
102465910,0,0,3,0,1,0
102465944,0,0,0,0,0,0
102465974,0,1,0,0,0,0
102465975,0,0,0,1,0,0
102465976,0,0,0,0,0,1
102465977,0,0,0,0,0,0
102465978,0,0,0,0,1,0
102465985,0,0,0,0,0,0
102465993,0,0,0,0,0,0
102465995,0,0,0,0,0,0
102466081,0,0,0,0,0,0
102466103,0,0,1,0,0,0
102466104,0,0,0,0,0,0
102466162,0,0,0,0,0,0
102466189,0,0,0,0,0,0
102466190,0,0,0,0,0,0
102466191,0,0,0,0,0,0
102466192,0,1,0,0,0,0
102466193,0,0,0,0,0,0
102466194,2,0,1,2,0,1
102466195,0,0,0,0,0,0
102466196,0,0,0,0,0,0
102466197,0,0,0,0,0,0
102466198,0,0,3,0,0,0
102466199,0,0,0,0,0,0
102466200,0,0,0,0,0,0
102466201,0,0,0,0,0,0
102466202,0,1,0,0,0,0
102466203,0,0,0,0,0,0
102466204,0,0,0,0,0,0
102466205,6,14,13,2,2,4
102466222,0,0,0,0,0,0
102466223,0,0,0,0,0,0
102466225,0,0,0,0,0,0
102466227,0,0,0,0,0,0
102466235,0,0,0,0,0,0
102466247,0,0,0,0,0,0
102466250,0,0,0,0,0,0
102466251,0,0,0,0,0,0
102466252,0,0,0,0,0,0
102466253,0,0,0,0,0,0
102466259,0,0,0,0,0,0
102466268,0,0,0,0,0,0
102466270,0,0,0,0,0,0
102466271,0,0,0,0,0,0
102466515,0,0,0,0,0,0
102466516,0,0,0,0,0,0
102466518,1,0,2,0,0,0
102466519,0,0,0,0,0,0
102466615,0,0,0,0,0,0
102466616,0,0,0,0,0,0
102466656,0,0,0,0,0,0
102466657,0,1,0,0,0,0
102466658,0,0,0,1,0,0
102466659,0,0,0,0,0,0
102466719,0,0,0,0,0,0
102466720,0,0,0,0,0,0
102466721,0,0,0,0,0,0
102466722,0,5,0,1,2,0
102466723,0,0,0,0,0,0
102466724,5,5,5,0,0,0
102466725,0,0,0,0,0,0
102466726,0,4,2,0,1,1
102466727,0,0,0,0,0,0
102466728,0,0,0,0,0,0
102466729,7,24,10,7,4,8
102466730,1,2,0,2,0,2
102466731,1,0,3,0,0,0
102466732,0,0,0,0,0,0
102466733,4,0,3,0,0,0
102466734,0,0,2,0,0,0
102466735,0,0,0,0,0,0
102466736,0,0,0,0,0,0
102466737,0,0,0,0,0,0
102466738,0,0,0,0,0,0
102466739,0,0,0,0,0,0
102466740,0,0,0,0,0,0
102466741,0,0,0,0,0,0
102466742,0,0,0,0,0,0
102466743,0,0,0,0,0,0
102466744,0,2,0,1,0,0
102466745,0,0,0,0,0,0
102466746,0,0,0,0,0,0
102466747,16,16,16,8,5,7
102466748,6,1,1,0,0,0
102466749,0,0,0,0,0,0
102466750,0,0,0,0,0,0
102466751,1,1,1,3,0,2
102466752,0,0,0,0,0,0
102466753,0,0,2,0,0,0
102466754,0,0,0,0,0,0
102466755,0,0,0,0,0,0
102466756,0,0,0,0,0,0
102466757,0,3,1,0,0,0
102466758,0,0,2,0,0,0
102466759,0,0,0,0,0,0
102466806,0,0,0,0,0,0
102466812,0,0,0,0,0,0
102466814,0,0,0,0,0,0
102466815,0,0,0,0,0,0
102466816,0,0,0,0,0,0
102466854,0,0,0,0,0,0
102466864,0,4,2,0,0,0
102466865,0,0,0,0,0,0
102466866,0,0,0,0,0,0
102466872,0,0,0,0,0,0
102466873,0,0,0,0,0,0
102466874,0,0,0,0,0,0
102466875,0,0,0,0,0,0
102466876,1,1,0,0,0,0
102466877,0,0,0,0,0,0
102466878,0,0,0,0,0,0
102466879,0,0,0,0,0,0
102466880,0,0,0,0,0,0
102466889,0,0,0,0,0,0
102466906,0,0,0,0,0,0
102466911,0,0,0,0,0,0
102466912,0,0,0,0,0,0
102466918,0,0,0,0,0,0
102466953,0,0,0,0,0,0
102466967,0,0,0,0,0,0
102466972,0,0,0,0,0,0
102466982,0,0,0,0,0,0
102466983,0,0,0,0,0,0
102466984,0,0,0,0,0,0
102466985,1,0,0,0,0,0
102466986,0,0,0,0,0,0
102466995,0,0,0,0,0,0
102467003,1,2,4,0,0,0
102467004,0,0,0,0,0,0
102467005,0,0,0,0,0,0
102467073,1,2,1,0,3,0
102467074,0,0,0,0,0,0
102467075,0,0,0,0,0,0
102467077,0,0,0,0,0,0
102467079,0,0,0,0,0,0
102467080,1,2,10,0,1,5
102467081,0,0,0,0,0,0
102467146,0,0,0,0,0,0
102467147,52,50,50,17,5,30
102467212,1,0,6,0,0,0
102467213,0,0,0,0,0,1
102467214,0,0,0,0,0,0
102467216,0,0,0,1,0,0
102467217,0,0,0,0,0,0
102467222,0,0,0,0,0,0
102467223,0,0,0,0,0,0
102467224,0,0,0,0,0,0
102467225,0,0,0,0,0,0
102467226,0,0,0,0,0,0
102467655,0,0,0,0,0,0
10247,316,312,294,329,378,317
102477328,1,1,0,0,0,0
10248,420,445,486,626,832,697
10249,1,2,0,0,0,0
1025,850,927,1108,1502,1529,1379
10250,2494,2674,2757,2653,2015,2591
102503427,0,0,0,0,0,1
102503429,0,0,0,0,0,0
10251,6,5,13,6,6,11
10252,152,146,179,166,112,184
102524628,0,0,0,0,0,0
10253,219,221,278,352,300,334
10254,699,698,719,486,405,355
102546175,0,0,0,0,0,0
102546226,18,10,11,0,0,2
102546227,5,4,2,6,0,4
102546228,0,0,0,0,0,0
102546229,0,1,0,0,0,0
102546294,3,6,0,0,3,0
102546298,0,2,2,7,15,6
102546299,0,0,0,0,0,0
10255,0,0,0,0,0,0
102557615,0,0,0,0,0,0
10256,417,418,481,416,377,499
10257,1332,1434,1508,978,654,815
102577424,0,0,0,0,0,0
102577426,0,1,2,3,4,1
102578074,0,0,0,0,0,0
1026,614,612,755,1771,1904,2086
10260,669,557,684,479,294,399
102606463,0,0,0,0,0,0
102606465,93,97,72,89,63,63
102606466,2,1,0,0,0,0
10261,12,10,11,2,0,6
10262,1820,1959,2117,2633,2634,2848
10263,1360,1546,1606,2317,3173,2231
10265,13,25,25,27,30,15
102659288,2,3,1,2,1,4
102659353,150,185,152,80,51,128
10266,0,0,3,0,1,2
10267,89,83,132,362,533,351
10268,0,0,0,0,0,0
102682016,0,0,0,0,0,0
10269,1677,1732,1742,1226,1208,1342
1027,1469,1454,1677,1341,1391,1164
10270,715,692,855,904,867,991
10272,418,439,539,1480,1807,1332
102723099,14,7,19,26,12,12
102723165,0,0,0,0,0,0
102723166,24,30,18,1,1,1
102723167,1,2,6,2,0,0
102723316,4,9,5,7,6,0
102723318,0,0,0,0,0,0
102723320,0,0,0,0,0,0
102723322,4,2,1,0,0,0
102723330,0,0,0,0,0,0
102723332,2,3,5,1,4,3
102723335,4,0,2,0,0,1
102723344,0,2,0,0,0,1
102723354,34,42,47,31,38,25
102723356,221,231,262,154,156,127
102723360,0,0,0,0,0,0
102723362,0,0,0,0,0,0
102723373,27,11,17,31,13,15
102723376,0,0,0,0,0,0
102723377,0,0,0,0,0,0
102723378,0,0,0,0,0,0
102723382,0,0,0,0,0,0
102723383,0,0,0,0,0,0
102723385,4,0,2,2,1,5
102723390,82,95,86,39,30,38
102723394,0,0,0,0,0,0
102723407,0,0,0,0,0,0
102723418,2,2,8,3,0,1
102723422,5,2,2,0,0,1
102723426,0,0,0,0,0,0
102723427,0,0,0,0,0,0
102723439,1,2,2,0,1,2
102723448,0,0,0,0,0,0
102723451,0,0,0,0,0,0
102723475,0,0,0,2,1,0
102723481,0,2,3,2,0,2
102723483,1,2,3,4,3,1
102723487,0,0,0,0,0,0
102723502,0,0,0,0,0,0
102723503,0,0,0,0,0,0
102723505,0,0,0,0,0,0
102723508,16,17,41,13,13,17
102723510,8,2,7,11,10,11
102723513,1,5,1,0,0,2
102723517,1,1,0,0,0,0
102723526,0,0,0,0,0,0
102723532,0,0,0,0,0,0
102723534,1,1,1,1,0,4
102723544,0,0,0,0,0,0
102723547,18,2,11,5,3,2
102723550,0,0,0,0,0,0
102723553,0,0,0,0,0,0
102723555,3,3,7,2,0,0
102723562,0,0,0,0,0,0
102723566,40,28,47,15,6,16
102723578,0,0,0,0,0,0
102723582,27,18,23,8,10,16
102723590,0,0,0,0,0,0
102723604,0,0,0,0,0,0
102723605,0,0,0,0,0,0
102723613,0,0,0,0,0,0
102723617,0,0,0,0,0,0
102723623,0,0,0,0,0,0
102723631,0,0,0,0,0,0
102723637,0,0,0,0,0,0
102723641,0,0,1,0,0,0
102723644,0,0,0,0,0,0
102723649,9,13,19,29,18,28
102723655,0,0,0,0,0,0
102723661,0,0,0,0,0,0
102723665,15,14,16,17,16,19
102723680,0,0,0,0,0,0
102723701,1,2,0,4,4,1
102723703,16,10,15,7,5,7
102723704,2,2,1,1,0,0
102723709,0,0,0,0,0,0
102723713,0,0,0,0,0,0
102723722,0,0,0,0,0,0
102723727,0,0,1,0,0,0
102723728,0,0,0,16,7,2
102723729,1,0,0,1,1,2
102723730,18,31,33,4,0,1
102723737,0,0,0,0,0,0
102723742,0,0,0,0,0,0
102723743,8,10,10,3,0,4
102723750,7,11,5,10,1,5
102723754,0,0,0,0,0,0
102723766,2,2,1,0,0,1
102723769,0,0,0,0,0,0
102723775,2,2,4,10,18,32
102723778,0,0,0,0,0,0
102723780,1,0,0,0,0,0
102723788,0,0,0,0,0,0
102723796,0,0,0,0,0,0
102723809,46,37,40,2,1,3
102723818,0,0,0,0,0,0
102723822,0,0,0,0,0,0
102723824,0,0,0,0,0,0
102723828,0,0,0,0,0,0
102723831,0,0,0,0,0,0
102723833,0,0,0,0,0,0
102723838,0,0,0,0,0,0
102723849,1,0,0,0,0,0
102723854,5,6,7,1,4,2
102723859,11,22,22,4,1,3
102723872,2,3,3,0,0,0
102723875,0,0,0,0,0,0
102723883,0,0,0,0,0,0
102723885,6,7,3,3,0,0
102723886,8,10,3,1,0,1
102723891,0,0,0,0,0,0
102723895,0,0,0,0,0,0
102723896,0,0,0,0,0,0
102723897,95,144,174,91,119,136
102723899,8,7,2,5,1,2
102723912,0,0,0,0,0,0
102723927,0,0,0,0,0,0
102723930,0,0,0,0,0,0
102723955,0,0,0,0,0,0
102723963,0,0,0,0,0,0
102723968,12,17,12,2,1,1
102723971,0,0,0,0,0,0
102723989,0,3,1,1,0,0
102723996,207,149,195,125,47,113
102724000,0,0,0,0,0,0
102724009,5,2,13,9,2,3
102724014,0,0,0,0,0,0
102724020,0,0,0,0,0,0
102724023,56,33,62,55,78,54
102724034,0,0,0,0,0,0
102724050,2,5,6,0,0,1
102724052,0,0,0,0,0,0
102724053,0,0,0,0,0,0
102724058,0,0,0,0,0,0
102724062,0,0,0,0,0,0
102724064,9,10,18,20,15,9
102724076,0,0,0,0,0,0
102724077,37,42,45,31,32,41
102724084,0,0,0,0,0,0
102724094,5,4,3,9,16,14
102724096,0,0,0,0,0,0
102724097,1,1,4,1,0,9
102724101,0,0,0,0,0,0
102724105,94,75,85,27,25,16
102724112,19,21,24,21,16,10
102724123,0,0,0,0,0,0
102724127,0,0,0,0,0,0
102724134,0,0,0,0,0,0
102724135,10,0,8,0,0,0
102724153,0,1,0,2,0,0
102724156,19,18,18,9,12,11
102724159,21,45,28,37,32,34
102724163,0,6,0,0,0,0
102724164,126,152,138,241,343,271
102724167,0,0,0,0,0,0
102724175,0,0,0,1,0,0
102724179,0,0,0,0,0,0
102724183,0,0,1,0,0,3
102724184,0,0,0,0,0,0
102724188,0,0,0,0,0,0
102724190,1,2,1,1,2,2
102724196,2,9,8,0,0,0
102724197,0,0,0,0,0,0
102724200,43,35,36,29,24,24
102724201,0,0,0,0,0,0
102724205,0,0,0,0,0,0
102724207,0,0,0,0,0,0
102724219,0,0,0,0,0,0
102724224,0,0,0,0,0,0
102724229,0,0,0,1,0,0
102724235,38,31,28,28,11,25
102724237,0,0,0,0,0,0
102724238,0,0,0,0,0,0
102724241,0,0,0,0,0,0
102724246,1,0,1,4,0,2
102724250,0,0,0,0,0,0
102724258,0,0,0,0,0,0
102724279,0,0,0,0,0,0
102724284,0,0,0,0,0,0
102724297,5,3,3,1,3,4
102724300,0,0,0,0,0,0
102724301,0,7,4,1,3,7
102724307,0,0,0,2,1,0
102724312,11,20,17,20,25,21
102724316,264,273,309,311,242,288
102724321,0,0,0,0,0,0
102724323,0,0,0,0,0,0
102724326,0,0,0,0,0,0
102724329,1,3,6,1,6,0
102724332,0,0,0,0,0,0
102724333,0,0,0,0,0,0
102724334,2,0,0,0,0,0
102724341,0,1,11,8,7,16
102724352,50,37,46,62,113,127
102724357,0,0,0,0,0,0
102724368,6,4,14,16,15,14
102724371,0,0,5,1,0,0
102724378,57,74,67,33,18,33
102724383,0,1,4,0,0,0
102724385,0,0,1,0,0,2
102724386,2,4,3,1,1,2
102724398,1,1,2,1,1,0
102724404,3,0,0,0,1,5
102724417,0,0,0,0,0,0
102724421,0,0,0,0,0,0
102724428,60,77,123,80,60,64
102724434,3,0,0,0,0,0
102724436,0,0,0,0,0,0
102724441,0,0,0,0,0,0
102724450,6,2,4,6,14,10
102724452,0,0,0,0,0,0
102724467,22,16,16,16,13,18
102724473,0,0,0,0,0,0
102724474,11,14,15,10,19,23
102724484,6,1,4,1,3,1
102724485,0,0,0,0,0,0
102724488,143,170,185,252,194,199
102724502,0,0,0,0,0,0
102724507,0,0,0,0,0,0
102724508,0,4,0,7,1,3
102724511,0,0,0,0,0,0
102724515,13,14,12,15,2,9
102724532,15,12,15,22,43,30
102724539,6,5,6,5,8,9
102724541,0,6,2,0,1,0
102724550,48,43,62,84,46,101
102724552,0,0,5,1,0,5
102724555,0,0,0,0,0,0
102724558,1,1,2,2,4,2
102724560,11,3,9,288,355,3
102724579,2,1,0,0,0,0
102724580,0,0,0,0,0,0
102724589,0,1,0,0,0,0
102724593,11,7,10,23,7,13
102724594,8,107,466,18,15,21
102724596,4,5,5,1,6,2
102724601,4,3,0,2,3,1
102724604,0,0,0,0,0,0
102724612,0,0,0,0,0,0
102724623,0,0,0,0,0,0
102724624,4,3,5,4,11,4
102724631,0,0,0,0,0,0
102724642,9,10,18,5,11,10
102724646,1,0,0,1,0,1
102724651,0,0,0,0,0,0
102724652,0,0,0,0,0,0
102724657,0,0,1,0,0,0
102724659,0,0,0,0,0,0
102724661,0,0,0,0,0,0
102724663,0,0,0,0,0,0
102724665,0,0,0,0,0,0
102724668,3,4,3,4,5,3
102724669,0,0,0,0,0,0
102724678,0,0,0,0,0,0
102724691,0,0,0,0,1,0
102724699,38,37,44,13,21,23
102724708,4,4,2,0,0,0
102724710,0,0,0,0,0,0
102724719,0,0,0,0,0,0
102724728,0,0,0,0,0,0
102724730,32,36,63,5,1,6
102724742,0,0,0,0,0,0
102724751,0,0,0,0,0,0
102724760,0,0,0,0,0,0
102724770,0,0,0,0,0,0
102724776,0,0,0,0,0,0
102724777,0,0,0,0,0,0
102724782,3,4,10,0,0,6
102724784,0,0,0,0,0,1
102724788,0,0,0,0,0,0
102724804,0,0,0,0,0,0
102724813,0,0,0,0,0,0
102724814,136,159,197,34,13,52
102724819,1,0,0,0,0,0
102724820,3,9,5,0,0,2
102724823,0,0,0,0,0,0
102724826,87,95,115,54,65,50
102724827,39,42,46,7,6,23
102724828,0,0,0,0,0,0
102724843,0,0,0,0,0,0
102724844,0,0,0,0,0,0
102724846,0,0,0,0,0,0
102724849,0,0,0,0,0,0
102724852,0,0,0,0,0,0
102724855,0,0,0,0,0,0
102724862,0,5,0,4,0,1
102724874,0,0,0,0,0,0
102724877,17,34,34,1,4,2
102724890,0,1,0,0,0,0
102724896,0,0,0,0,0,0
102724904,0,0,0,0,0,0
102724908,0,0,0,0,0,0
102724913,0,0,0,0,0,0
102724919,1,5,4,4,1,2
102724927,2,7,5,1,2,2
102724928,0,0,0,0,0,0
102724933,5,0,2,0,0,0
102724951,0,0,0,0,0,0
102724954,3,3,4,0,0,0
102724957,0,0,0,0,0,0
102724958,0,0,0,0,0,0
102724965,8,11,14,5,0,5
102724970,5,0,5,7,7,6
102724971,0,0,0,0,0,0
102725021,0,0,0,0,0,0
102725022,0,1,0,0,0,0
102725101,0,0,0,0,0,0
102725121,1,0,0,2,4,0
102725191,15,15,11,9,9,9
102725204,0,0,0,0,0,0
102725509,68,88,91,71,45,66
102725541,1,0,6,2,1,3
10273,849,1092,1126,1434,1910,1479
10274,670,713,760,301,271,328
10276,4020,4149,4589,1838,1547,1796
10277,1147,1276,1362,1192,815,1194
10278,23,35,38,130,110,139
10279,229,190,245,545,533,381
1028,29,3,9,103,87,15
10280,742,830,916,1079,970,1157
102800310,0,0,0,0,0,0
102800314,0,0,0,0,0,0
102800315,0,0,0,0,0,0
102800316,0,0,0,0,0,0
102800317,9,6,5,9,7,6
102800446,0,0,0,0,0,0
102800447,0,0,0,0,0,2
10281,0,0,0,0,0,0
10282,1134,1115,1081,792,900,708
10283,437,430,533,381,482,356
10284,751,759,707,1325,1602,1280
10285,637,701,794,831,833,629
10286,1288,1419,1404,1275,1414,1210
10287,459,465,583,793,923,777
10288,0,0,0,0,0,0
10289,574,603,652,1289,1446,1090
1029,4164,4414,4738,7826,11044,7756
10290,853,897,1011,1824,1206,1749
10291,2366,2658,2969,3088,2563,2861
10293,196,188,204,131,167,183
10294,3343,3475,3592,3664,3487,3374
10295,1064,1061,1211,1779,1780,1706
10296,869,1073,1207,1176,1212,1333
10297,170,174,224,404,324,338
10298,1102,1114,1273,2255,2478,2344
10299,6105,5889,6350,5255,3583,4607
103,5513,5703,6290,7255,4464,6301
1030,1500,1526,1510,2859,2417,3049
10300,852,1036,1113,1069,1149,1309
10301,248,267,288,171,177,183
10302,70,91,92,151,141,148
103021164,5,7,3,5,2,8
103021165,0,0,1,0,0,0
103021295,1,0,2,0,4,2
103021296,1,0,4,0,1,0
10307,193,181,240,166,152,205
10308,210,209,198,102,92,86
10309,160,157,234,244,294,236
103091864,4,2,3,3,2,1
103091865,7,6,6,2,9,4
103091866,127,136,142,128,98,153
1031,50,63,98,79,57,84
103106903,1,0,2,0,0,0
10311,693,698,783,1007,802,919
10312,1649,1783,2087,1960,2073,2116
10313,7300,7510,8102,6196,6068,5393
10314,797,757,782,722,501,594
103157000,1,0,0,2,0,0
10316,0,0,0,2,0,0
103164619,1,0,0,0,0,0
10317,0,0,0,0,0,0
103171574,0,0,0,0,0,1
10318,5394,5844,7229,14544,14925,14726
10319,13,23,16,19,16,17
103191607,0,0,0,0,0,0
1032,70,72,63,219,256,147
10320,0,0,0,0,0,0
10321,1,1,1,2,2,1
10322,504,566,599,586,588,594
10324,0,4,6,4,1,0
10325,134,111,160,123,115,110
10326,29,25,38,21,17,40
10327,1047,1102,1298,1984,2651,1911
10328,374,354,398,595,689,496
10329,379,272,302,164,190,158
1033,728,757,793,419,486,461
10330,768,889,924,685,883,812
10331,1628,1807,1956,2796,2331,2714
103312105,0,0,0,0,0,0
10332,0,0,0,0,0,0
10333,514,547,576,360,201,342
103344718,0,0,0,0,0,0
103344926,0,0,0,0,0,0
103344929,0,0,0,0,0,0
103344930,0,1,1,0,0,0
103344931,0,0,0,0,0,0
103344932,0,0,0,0,0,0
10335,10,1,9,3,6,10
103352539,95,85,84,24,14,31
103352541,0,0,0,0,0,0
103352670,0,0,0,0,0,0
10336,1356,1368,1604,1120,760,1064
10342,7517,7596,8065,6326,5917,5753
10343,12,11,13,5,0,12
10344,13,16,19,10,23,13
10345,0,0,0,0,0,0
10346,2,2,3,3,5,0
10347,1139,1228,1500,1507,1440,1454
10349,70,98,112,52,68,73
10350,0,0,0,0,0,0
103504726,0,0,0,0,0,0
103504727,0,0,0,0,0,0
103504728,0,0,0,0,0,0
103504729,0,0,0,0,0,0
103504730,0,0,0,0,0,0
103504731,0,1,0,1,0,2
103504732,0,0,0,0,0,0
103504733,0,0,0,0,0,0
103504734,0,0,0,0,2,0
103504735,0,0,0,0,0,0
103504736,0,0,0,0,0,0
103504737,0,0,0,0,0,0
103504738,3,5,8,4,0,3
103504739,0,1,0,0,0,0
103504740,0,0,0,0,0,0
103504741,0,0,0,0,0,0
10351,0,0,0,0,0,0
10352,1047,1005,1107,880,850,816
103581031,0,0,0,0,0,0
1036,0,2,1,0,0,0
10360,323,407,389,698,967,567
10361,0,0,3,0,0,0
103611081,105,97,94,55,30,51
103611157,0,0,0,0,0,0
10362,1204,1510,1589,2315,2556,1979
103625681,15,18,6,4,9,15
103625683,4,2,3,0,3,0
103625684,0,1,0,1,0,0
10363,587,614,706,667,489,600
10365,39,39,75,51,67,57
10367,968,993,1146,1108,1116,1014
10368,0,0,0,0,0,0
103689843,0,0,0,0,0,0
103689844,0,0,0,0,0,0
103689845,0,0,0,0,0,0
103689846,0,0,0,0,0,0
103689911,3,3,6,1,0,1
103689912,2,7,4,8,1,1
103689913,0,0,0,0,0,0
103689915,0,0,0,0,0,0
103689917,9,3,2,0,0,1
103689918,0,0,0,0,0,0
10369,0,0,0,0,0,2
103695363,0,0,0,0,0,1
103695364,0,0,0,0,0,0
103695365,0,0,0,0,0,0
103695366,3,5,1,13,3,11
103695431,0,0,0,0,0,0
103695432,0,0,0,0,0,0
103695433,2,4,4,1,0,0
103695434,0,0,0,0,0,0
103695435,4,13,7,18,22,32
103695436,58,100,84,63,28,69
10370,836,819,941,1525,1570,1630
10371,48,44,34,84,74,88
103724386,0,2,0,0,0,0
103724387,0,1,2,20,8,5
103724388,12,8,7,3,2,7
103724389,0,0,0,0,0,0
103724390,0,0,0,0,0,0
103752554,0,0,0,0,0,0
103752555,0,0,0,0,0,0
103752581,0,0,0,0,0,0
103752583,0,0,0,0,0,0
103752584,0,0,0,0,0,0
103752585,0,0,0,0,0,0
103752586,1,5,1,0,0,1
103752587,0,0,0,0,0,0
103752588,1,1,0,0,0,0
103752589,38,25,35,57,45,31
10376,8385,10437,12108,7943,9062,8905
10379,398,434,508,813,880,755
1038,0,1,0,0,0,0
10380,948,1076,1163,1550,1849,1393
10381,442,531,651,1214,1399,1240
10382,9,10,17,21,32,9
10383,5364,5757,6633,6989,7933,7512
10384,152,171,156,243,180,208
10385,192,167,198,350,265,343
10388,147,124,119,28,17,19
10389,121,162,158,120,69,100
1039,464,472,476,700,595,498
10390,653,625,660,736,704,563
103908605,6,8,6,1,3,1
10391,28,38,37,100,76,94
103910,3053,3095,3558,4331,4886,3799
10392,200,222,235,266,222,239
10393,100,134,139,116,126,107
10394,0,0,2,0,0,0
10395,84,116,95,167,68,206
10396,20,33,23,3,2,5
10397,4104,3000,4800,5100,5089,3960
10398,111,110,110,766,870,717
10399,25829,27789,30102,37466,43959,35789
104,289,342,412,494,306,388
1040,1657,1704,1717,1273,1001,1009
10400,526,605,712,653,815,597
10401,936,935,1083,1164,1043,1112
10402,4,0,2,1,0,0
10403,402,479,475,277,316,249
10404,0,0,0,0,1,0
104054148,0,0,0,0,0,0
10406,1428,1672,1767,1666,2316,1398
10407,0,0,0,0,0,0
10408,0,0,0,0,0,0
10409,619,620,665,2117,1936,1976
1041,0,0,0,0,0,0
10410,1120,1290,1376,3577,4709,3472
10411,147,135,186,132,99,139
10412,1562,1665,1761,1226,1274,1168
10413,6171,5908,6747,6795,4610,6164
104169670,0,0,0,0,1,0
104169671,0,0,0,0,0,0
10417,19,21,19,9,2,21
10418,9,15,32,10,2,12
10419,1193,1412,1565,2299,2102,2358
10420,179,166,222,173,134,158
10421,1143,1270,1527,1913,2276,2156
10422,176,209,211,315,422,309
10423,906,1030,1123,1799,2210,1909
10424,1107,1081,1200,1992,1897,1718
10425,2027,2123,2243,2157,1763,2247
10426,678,736,951,646,403,553
104266956,0,0,0,0,0,0
104266957,0,0,0,0,0,0
104266958,4,4,6,3,8,15
104266959,0,0,0,0,0,0
104266960,0,0,0,0,0,0
104266961,0,0,0,0,0,0
104266963,0,0,0,0,0,0
10427,957,936,1085,758,550,725
10428,401,376,429,627,850,626
1043,1,1,0,0,0,0
10430,745,846,924,1512,2045,1418
104310350,0,0,0,0,0,0
104310351,0,0,0,0,0,0
104310353,0,0,0,0,0,0
10432,637,874,837,561,609,608
104326051,0,1,0,1,1,2
104326052,0,0,0,0,0,0
104326053,0,0,0,0,0,0
104326054,0,0,0,0,0,0
104326055,0,1,2,0,0,0
104326057,0,0,0,0,0,0
104326058,0,0,0,0,0,0
104326188,0,0,0,0,0,0
104326189,1,0,1,0,0,0
104326190,0,0,0,0,0,0
104326191,1,1,3,3,2,0
104326193,1,1,2,0,0,2
10434,1526,1497,1572,1636,1553,1344
10435,267,285,371,963,945,1111
104355135,5,2,9,3,0,1
104355136,0,0,0,0,0,0
104355137,0,0,0,0,0,0
104355138,0,0,0,0,0,0
104355139,7,9,15,1,0,5
104355140,0,0,0,0,0,0
104355141,0,0,0,0,0,0
104355143,3,5,5,2,1,0
104355145,6,0,2,0,0,0
104355146,0,0,0,0,0,0
104355147,0,0,0,0,0,0
104355149,3,0,0,2,0,0
104355150,0,0,0,0,0,0
104355152,1,0,0,0,0,0
104355218,0,0,0,0,0,0
104355219,0,0,0,2,8,0
104355220,0,1,0,0,0,1
104355285,0,0,0,0,0,0
104355286,0,0,0,0,0,0
104355287,0,0,0,0,0,0
104355288,0,0,0,0,0,0
104355289,0,0,0,0,0,0
104355290,0,0,0,0,0,0
104355291,0,0,0,0,1,0
104355292,0,0,0,0,0,0
104355293,0,0,0,0,0,0
104355294,1,1,3,0,0,0
104355295,58,57,66,65,34,57
104355296,0,3,0,0,0,0
104355297,0,0,0,0,0,0
104355426,8,3,8,11,3,8
10436,663,699,745,838,1130,896
10437,414,466,466,716,994,719
10438,382,314,295,439,507,322
104384744,0,5,7,1,3,1
10439,0,0,0,0,0,0
1044,0,0,0,1,1,0
10440,710,756,800,883,1055,929
104413890,0,0,0,0,0,0
104413891,0,0,0,0,0,0
104413892,0,0,0,0,0,1
10443,1599,1439,1765,962,920,744
10444,1098,1234,1350,2091,1695,1701
10445,865,1055,1127,730,911,897
10446,332,287,386,509,472,493
10447,1398,1306,1245,1171,1469,1138
104472519,0,2,0,0,0,0
104472713,0,0,0,0,0,0
104472714,0,1,0,0,0,0
104472716,0,0,0,0,0,1
104472717,0,0,0,0,0,0
104472718,0,0,0,0,0,0
104472848,3,1,5,7,4,4
10449,951,979,1169,911,991,930
1045,0,0,0,0,0,0
10450,726,768,865,744,798,754
104502416,0,2,1,0,0,0
104502417,0,0,0,0,0,0
10451,135,144,165,141,108,105
10452,738,936,1017,1367,1576,1710
104533120,0,0,0,0,0,0
10454,558,664,738,918,834,988
104548971,1,0,0,0,0,0
104548972,0,0,0,0,0,0
104548973,0,0,0,0,0,0
10455,284,218,255,446,470,339
10456,1555,1692,1916,2319,2786,2300
104564224,1,0,12,10,3,3
104564225,0,0,0,0,0,0
10457,15,21,6,36,44,41
10458,953,1001,1108,1443,1604,1464
10459,298,309,383,587,784,546
1046,0,0,0,0,0,0
10460,702,882,995,702,757,728
10461,43,59,72,161,143,139
104613533,0,0,0,0,0,0
10462,0,0,0,0,0,0
10463,2015,2017,2188,1645,1361,1403
10464,257,242,307,111,110,87
104644205,0,0,0,0,0,0
10465,245,312,358,370,415,363
10466,1217,1246,1295,1143,869,921
10467,1051,1154,1152,1312,1897,1295
10468,15,10,21,24,30,22
10469,566,535,633,630,776,706
1047,165,148,155,6,10,15
10471,0,0,0,0,0,0
10472,804,813,817,654,595,706
10473,1528,1616,1765,1817,1748,1609
10474,2511,2845,3122,3996,5039,3909
10475,940,1050,1195,703,484,777
10476,818,842,1197,1339,1737,1178
10477,1758,1797,1882,2156,2447,2191
10478,337,368,404,356,373,367
10479,537,501,603,789,451,626
104797536,0,0,2,2,0,0
104797537,0,0,0,0,0,0
104797538,93,98,104,161,211,129
104798195,6,0,5,7,8,4
1048,316,311,349,8,4,7
10480,4980,4950,5472,3908,4178,3462
10481,0,5,4,6,0,1
10482,1038,1048,1083,855,674,845
10483,1926,2111,2065,2429,2121,2191
10484,1542,1551,1728,1902,1596,1357
10485,133,120,209,102,128,127
10486,516,457,532,655,500,613
10487,6309,6528,7204,8944,7719,8986
10488,334,381,476,697,884,745
10489,2336,2669,2890,3851,3523,3603
10490,1111,1311,1368,1674,1659,1680
104909134,0,0,0,0,0,0
10491,3140,3311,3691,5360,4368,4177
10492,4417,4573,4636,3786,3515,3817
10493,4430,4953,5452,8426,8548,6982
10494,963,1113,1332,1605,1745,1699
10495,532,566,656,425,357,475
104968399,4,3,6,3,3,10
10497,25,15,21,0,0,1
10498,1565,1780,1859,2517,2289,2325
10499,756,849,893,547,247,389
105,0,0,0,1,0,0
1050,232,205,227,290,348,250
10500,137,122,134,114,98,98
10501,482,437,606,1480,1687,1296
10505,245,235,286,417,383,360
10507,483,626,642,745,602,579
10509,2007,2105,2609,3024,2466,2422
1051,2708,2724,3247,7441,8834,6429
10512,950,1057,1180,627,549,661
10513,688,710,729,521,399,437
10514,1007,1209,1284,1548,945,1516
10516,18,13,22,27,31,28
10517,335,307,374,105,57,119
10518,25,28,31,40,40,35
10519,1565,1578,1835,2293,2957,2396
1052,271,328,336,746,941,657
10520,596,635,603,489,314,359
10521,19177,19645,19976,8294,4898,8977
10522,275,253,331,539,416,425
105221694,250,284,250,216,245,216
10523,821,931,1072,1349,919,1256
10524,406,447,502,572,534,589
10525,1681,1923,1987,2929,2812,2853
10526,2212,2268,2498,1691,1213,1456
10527,5913,6087,6331,4615,3273,3916
105274304,9,3,10,3,2,8
10528,2055,2391,2520,1803,1744,1923
10529,1231,1186,1311,726,511,514
1053,0,0,0,0,0,0
10531,2236,2327,2711,2382,1840,2466
10533,1544,1643,2035,2752,2907,2794
10534,423,546,559,736,983,811
10535,440,541,627,795,1102,852
10536,0,0,2,5,8,2
105369140,0,2,0,0,0,1
105369145,0,0,0,0,0,0
105369146,0,0,0,0,0,0
105369153,0,0,0,0,0,0
105369154,17,16,30,54,14,34
105369155,8,3,12,3,6,1
105369169,0,1,1,0,0,0
105369174,54,61,65,31,22,49
105369175,0,0,0,0,0,0
105369176,0,0,0,0,0,0
105369184,0,0,0,0,0,0
105369187,0,0,0,0,0,0
105369188,2,5,6,2,3,0
105369189,0,0,0,0,0,0
105369190,49,35,49,10,7,13
105369191,0,0,0,0,0,0
105369195,532,489,600,213,117,204
105369199,0,2,0,0,1,0
105369201,500,562,653,847,455,578
105369205,3,2,1,1,0,0
105369209,2,0,1,0,0,0
105369214,4,5,2,0,0,0
105369215,0,0,0,0,0,0
105369216,0,0,0,0,0,0
105369246,0,2,0,0,0,0
105369266,0,0,0,0,0,0
105369274,0,0,0,0,0,0
105369311,8,18,11,6,6,9
105369316,0,0,0,0,0,0
105369337,4,0,1,0,1,0
105369444,0,0,0,0,0,0
105369445,11,16,9,14,11,13
105369447,0,0,0,0,0,0
105369535,0,0,2,0,0,0
105369590,1,8,8,15,0,10
105369591,0,0,0,0,0,0
105369647,28,43,34,2,0,3
105369660,13,12,13,12,8,14
105369669,16,19,16,13,7,20
105369728,4,1,0,0,1,3
105369729,0,0,0,0,0,0
105369834,0,0,0,0,0,0
105369868,0,0,0,0,0,0
105369869,0,0,0,0,0,0
105369889,41,35,43,23,30,20
105369914,0,1,0,0,1,0
105369970,0,1,0,0,0,0
105369971,0,0,0,0,0,0
105369972,0,0,0,0,0,0
105369997,0,0,0,0,0,0
10537,0,0,0,0,0,0
105370045,0,0,0,0,0,0
105370059,0,0,0,0,0,0
105370098,0,0,0,0,0,0
105370172,0,0,4,0,0,0
105370288,0,0,0,0,0,0
105370295,0,0,0,0,0,0
105370296,0,0,0,0,0,0
105370297,0,0,0,0,0,0
105370362,3,2,0,3,2,0
105370367,0,0,0,0,0,0
105370368,9,6,18,6,7,9
105370369,0,0,0,0,0,0
105370374,0,3,4,0,0,2
105370399,1,0,0,3,8,2
105370548,21,27,30,7,3,20
105370551,2,0,0,0,0,0
105370554,1,2,3,3,0,4
105370579,18,11,13,48,40,34
105370641,4,4,6,3,0,1
105370691,0,0,1,0,0,0
105370705,2,2,1,2,9,5
105370706,0,0,0,0,0,0
105370707,21,18,31,29,20,15
105370708,1,0,2,4,1,0
105370719,0,0,0,0,0,0
105370748,0,0,0,0,0,0
105370815,0,0,0,0,0,0
105370828,0,0,0,0,0,0
105370849,0,0,1,0,0,0
105370929,0,0,2,0,2,2
105370939,0,0,0,0,0,0
105370940,0,0,0,0,0,0
105370941,16,23,16,2,0,1
105370943,7,7,8,14,29,28
105370945,13,12,9,4,6,4
105370971,0,0,0,0,0,0
105370980,0,0,0,0,0,0
105371026,0,0,0,0,0,0
105371031,0,0,0,1,0,0
105371045,0,0,0,0,0,0
105371063,0,0,0,1,0,0
105371095,0,0,1,0,0,0
105371130,14,10,10,1,2,0
105371162,0,1,0,0,0,0
105371164,36,21,21,19,10,17
105371169,2,0,4,45,30,44
105371176,0,0,0,0,0,0
105371179,0,0,0,0,0,0
105371184,1,0,0,3,1,2
105371190,0,0,0,0,0,0
105371191,0,0,0,0,0,0
105371192,0,0,0,0,0,1
105371215,0,0,0,0,0,0
105371242,0,0,0,0,0,0
105371253,0,0,0,0,0,0
105371346,0,0,0,1,0,0
105371371,13,6,17,6,11,15
105371397,167,201,180,122,62,100
105371405,0,0,0,0,1,0
105371409,24,22,33,34,13,45
105371414,50,57,64,94,36,108
105371417,0,0,1,1,1,4
105371419,6,15,30,4,7,9
105371430,1,3,0,0,1,1
105371432,2,1,0,0,0,0
105371437,9,1,8,5,2,3
105371448,0,0,0,0,0,0
105371478,6,0,4,2,4,9
105371558,0,0,0,0,0,0
105371566,0,0,0,0,0,0
105371591,5,3,12,5,1,3
105371592,8,17,27,14,8,21
105371697,49,58,57,12,4,12
105371729,3,0,2,3,3,3
105371730,9,15,14,24,41,27
105371789,0,0,2,12,3,6
105371810,1,4,6,0,1,2
105371844,0,0,0,0,0,0
105371899,5,0,1,3,1,7
105371905,0,0,0,0,0,0
105371906,0,0,0,0,0,0
105371907,0,0,0,0,1,2
105371910,3,0,5,2,0,2
105371921,8,4,5,0,2,2
105371930,6,1,4,0,0,0
105371931,15,17,11,41,10,50
105371932,16,24,14,23,26,31
105371933,0,0,0,0,0,0
105371934,0,1,4,0,0,0
105371935,1,4,0,2,0,4
105371937,7,6,1,17,11,34
105371944,0,0,0,0,0,0
105372013,0,0,0,0,0,0
105372014,0,0,0,0,0,0
105372015,0,0,0,0,0,0
105372022,0,14,5,10,4,7
105372109,14,15,22,12,2,12
105372192,0,0,0,0,0,0
105372204,0,0,0,0,0,0
105372267,0,0,0,0,0,0
105372269,0,1,3,0,0,0
105372271,0,0,0,0,0,0
105372277,0,4,1,4,0,0
105372280,7,6,19,3,2,6
105372315,0,0,0,0,0,0
105372342,5,6,4,0,8,2
105372343,16,18,34,5,2,12
105372384,1,0,3,0,0,0
105372412,20,17,18,17,7,12
105372417,36,46,52,32,17,28
105372474,0,0,0,0,0,0
105372476,24,34,50,34,36,28
105372478,0,0,0,0,0,1
105372483,94,92,103,28,11,44
105372487,1,0,0,0,0,0
105372489,10,7,3,19,7,14
105372490,0,0,0,0,0,0
105372493,3,1,1,8,8,5
105372585,0,0,0,0,0,0
105372682,0,0,0,0,0,0
105372704,0,0,0,0,0,0
105372714,0,0,0,0,0,0
105372715,3,2,2,0,0,4
105372731,1,0,0,2,2,2
105372811,0,0,0,0,0,0
105372818,9,0,8,2,2,2
105372824,8,28,8,7,8,16
105372836,5,2,7,4,4,7
105372843,1,0,0,0,0,1
105372855,0,0,0,0,0,0
105372867,0,0,0,0,0,0
105372883,0,0,4,0,2,0
105372911,0,0,0,0,0,0
105373057,4,11,14,9,0,3
105373071,4,5,9,5,0,0
105373090,9,13,29,2,0,5
105373091,0,0,0,0,0,0
105373094,0,0,1,0,0,0
105373099,3,1,5,1,0,0
105373102,0,0,0,0,0,0
105373132,81,96,86,43,24,44
105373133,0,0,0,0,0,0
105373154,0,0,2,1,0,2
105373156,0,0,0,0,0,0
105373226,0,0,0,0,0,0
105373237,4,2,4,6,4,6
105373242,0,0,0,0,0,0
105373244,2,0,1,0,1,1
105373256,0,0,0,0,0,0
105373268,11,10,20,4,2,0
105373280,0,3,3,0,0,0
105373289,8,10,6,11,8,12
105373297,0,0,0,0,0,0
105373311,10,15,19,17,9,34
105373314,18,21,38,24,17,30
105373347,0,0,0,0,0,0
105373352,0,0,0,0,0,0
105373353,0,0,0,0,0,0
105373368,0,0,0,0,0,0
105373377,0,0,0,0,0,0
105373380,0,0,0,0,0,0
105373381,1,0,0,0,0,0
105373382,0,0,0,0,0,0
105373386,0,2,0,0,0,7
105373395,0,0,0,0,0,0
105373397,0,0,0,0,0,0
105373442,0,0,0,0,0,0
105373468,4,9,13,2,0,5
105373472,4,9,7,2,0,4
105373474,5,12,6,15,18,23
105373477,0,1,6,1,1,0
105373480,0,0,0,0,0,0
105373489,0,0,0,0,1,0
105373498,2,0,3,0,0,1
105373551,20,9,28,4,2,10
105373602,0,0,0,0,0,0
105373606,2,2,6,2,0,1
105373619,0,0,0,0,0,0
105373759,23,43,30,42,36,26
105373764,0,0,0,0,0,0
105373780,0,0,0,0,0,0
105373800,0,0,0,0,0,0
105373801,17,10,2,8,3,7
105373840,3,5,5,0,0,1
105373926,0,0,0,0,0,0
105373957,12,18,8,9,15,9
105373982,9,5,9,6,8,8
105373983,1,2,2,0,0,0
105373984,0,0,0,0,0,0
105373985,3,2,6,4,3,5
105373986,3,3,0,6,0,2
105373987,2,0,4,0,0,0
105373988,4,1,2,0,1,0
105373989,280,308,396,1297,829,1015
105373990,2,3,4,0,0,0
105373991,16,37,17,38,16,31
105374013,124,154,142,40,9,27
105374089,5,3,3,4,0,1
105374091,12,9,19,1,0,6
105374103,0,0,0,0,0,0
105374156,5,1,2,2,0,0
105374250,0,0,0,0,0,0
105374278,0,0,3,0,1,0
105374297,0,0,0,0,0,0
105374299,0,1,0,1,0,1
105374301,2,4,9,4,0,1
105374312,2,1,0,5,9,7
105374313,0,0,0,0,0,0
105374314,0,0,0,1,1,1
105374372,2,7,11,0,0,2
105374378,33,34,34,84,142,98
105374379,0,0,0,2,0,0
105374380,0,0,0,0,0,0
105374382,5,5,3,2,7,2
105374567,8,18,16,29,15,38
105374620,0,0,0,0,0,0
105374693,0,0,0,0,0,0
105374700,1,0,0,0,0,0
105374752,0,0,1,0,0,0
105374753,1,0,3,0,0,3
105374860,13,14,19,64,48,75
105374861,0,0,0,0,0,0
105374874,2,1,0,0,0,0
105374908,0,2,1,0,0,1
105375007,0,0,0,0,0,0
105375039,6,1,4,16,10,11
105375057,0,0,0,0,0,0
105375092,0,0,0,0,0,0
105375104,0,0,0,0,0,0
105375105,3,0,0,6,0,4
105375106,0,5,3,0,5,2
105375107,0,0,0,0,0,0
105375108,0,0,0,0,0,0
105375109,0,3,0,0,0,0
105375110,0,0,0,0,0,0
105375112,10,15,11,5,2,2
105375131,0,0,0,1,0,1
105375205,53,97,100,38,32,32
105375274,0,0,0,0,0,0
105375297,0,0,0,0,0,0
105375302,0,0,0,0,0,0
105375303,0,0,0,1,0,0
105375304,0,1,0,1,3,3
105375305,0,3,5,4,2,1
105375316,0,0,0,0,0,0
105375354,9,9,12,8,3,4
105375355,260,238,298,230,203,231
105375383,0,0,0,0,0,0
105375396,1,0,0,1,1,0
105375433,4,11,6,0,0,2
105375612,0,0,0,0,0,0
105375620,4,10,14,5,6,9
105375621,0,1,1,1,0,0
105375661,22,15,12,11,2,2
105375667,0,0,0,0,0,0
105375678,0,0,2,0,0,0
105375816,0,0,0,0,0,0
105375817,0,0,0,0,0,0
105375840,0,0,0,0,0,0
105375861,0,0,0,0,0,0
105375938,0,2,2,1,2,4
105375950,0,0,0,0,0,0
105375975,1,0,0,0,0,0
105376047,4,3,17,13,13,11
105376056,4,1,1,1,0,0
105376057,0,1,2,1,0,0
105376060,2,3,2,1,0,0
105376066,0,2,2,2,1,5
105376068,8,7,11,5,5,5
105376114,15,15,13,20,23,19
105376153,16,20,20,10,14,14
105376204,10,12,11,5,8,11
105376335,1,1,0,1,0,1
105376336,0,4,2,0,0,0
105376337,26,36,46,11,1,4
105376339,0,0,1,0,0,0
105376341,2,2,14,9,3,11
105376351,0,0,0,0,0,0
105376353,1,0,2,0,0,1
105376432,1,0,0,0,0,0
105376501,1,1,7,6,7,12
105376502,0,0,2,4,5,1
105376525,2,3,3,4,2,0
105376526,47,65,59,47,71,36
105376544,28,32,33,21,19,34
105376667,0,0,0,0,0,0
105376671,2,1,2,1,0,6
105376678,7,4,17,4,2,7
105376684,2,2,3,6,2,3
105376685,0,0,0,0,0,0
105376714,6,15,23,13,4,13
105376719,0,0,0,0,0,0
105376731,0,0,0,1,0,0
105376732,0,0,3,0,1,1
105376734,0,0,0,0,0,0
105376746,2,2,13,0,4,2
105376747,0,0,0,0,0,0
105376752,8,11,23,16,1,8
105376777,0,0,0,0,0,0
105376779,6,8,9,4,4,10
105376780,26,9,18,20,9,9
105376791,0,0,0,0,0,0
105376798,1,0,0,2,0,2
105376847,1,0,2,0,0,1
105376849,0,0,1,0,0,0
105376851,1,4,2,0,0,4
105376854,0,0,0,0,0,0
105376855,6,9,8,3,2,2
105376875,0,0,0,0,0,0
105376887,0,0,0,0,1,0
105376900,0,0,2,0,0,0
105376902,6,18,11,14,2,11
105376906,1,6,0,0,1,0
105376907,0,0,0,0,0,1
105376908,9,13,5,7,2,3
105376909,5,7,8,7,5,0
105376910,0,0,0,0,0,0
105376911,0,0,1,0,0,0
105376917,0,0,0,0,0,0
105376955,2,0,0,0,0,0
105377021,0,0,0,0,0,0
105377132,0,0,0,0,0,0
105377133,8,8,2,1,0,4
105377135,15,15,11,18,11,18
105377170,0,0,0,0,0,0
105377189,0,0,0,0,0,0
105377197,0,0,0,0,0,1
105377200,26,27,26,15,16,17
105377206,3,0,2,0,1,0
105377207,0,0,0,0,0,0
105377210,6,7,5,3,0,1
105377310,3,1,0,0,0,0
105377368,0,0,0,8,4,4
105377532,0,0,0,0,0,0
105377594,0,0,0,0,0,0
105377595,0,0,0,0,0,0
105377621,22,8,14,41,37,22
105377622,35,20,27,15,3,11
105377623,3,2,7,8,2,3
105377624,0,0,0,0,0,0
105377637,0,0,2,0,0,3
105377638,0,0,0,0,0,0
105377639,0,0,0,0,1,0
105377643,0,0,0,0,0,0
105377650,7,0,2,5,0,5
105377716,0,0,0,0,0,0
105377746,0,0,0,0,0,0
105377772,0,0,0,0,0,0
105377774,23,18,17,7,1,11
105377777,0,0,0,0,0,0
105377789,0,0,0,0,0,0
105377792,0,0,0,0,0,0
105377805,0,2,0,0,2,0
105377808,0,0,3,0,0,1
105377819,3,0,0,0,0,0
105377821,0,0,0,0,0,0
105377825,0,0,0,0,0,0
105377866,5,8,22,7,6,11
105378056,0,2,0,0,0,0
105378081,0,0,0,0,0,0
105378101,2,4,9,4,0,6
105378105,0,0,0,0,0,0
105378107,0,0,0,0,0,0
105378145,0,0,0,0,0,0
105378146,0,0,0,0,0,0
105378148,0,0,0,0,0,0
105378152,0,0,0,0,0,0
105378158,0,0,0,0,0,0
105378159,0,0,0,0,0,0
105378160,0,0,0,0,0,0
105378161,0,0,0,0,0,0
105378176,12,6,21,5,0,4
105378189,1,1,7,0,0,0
105378190,0,0,0,0,0,0
105378191,4,7,2,1,3,2
105378192,11,8,16,2,1,2
105378193,0,0,0,0,0,0
105378220,0,0,0,0,0,0
105378254,0,0,0,0,0,0
105378260,0,0,0,0,0,0
105378283,0,0,0,0,0,0
105378423,30,27,27,7,3,5
105378479,0,0,0,0,1,0
105378510,7,5,9,6,0,6
105378559,4,3,14,6,0,5
105378577,1,1,1,0,0,0
105378578,0,0,0,0,0,0
105378579,6,6,6,10,12,10
105378592,11,10,13,3,0,5
105378594,3,5,7,5,1,13
105378684,13,7,9,5,3,10
105378722,16,8,22,20,7,19
105378775,3,0,3,0,0,1
105378803,0,0,0,0,0,0
105378804,0,0,0,0,0,0
105378828,6,9,9,11,3,15
105378832,0,0,0,0,0,0
105378846,2,4,13,2,0,1
105378862,1,6,5,11,11,10
105378947,3,6,3,1,2,6
105378948,90,53,83,15,32,50
105378949,1,0,4,8,1,4
105378950,0,2,2,0,0,0
105378951,5,1,12,18,8,16
105378952,0,0,0,0,1,0
105378954,3,2,11,12,27,23
105378955,0,0,0,0,0,0
105378957,0,0,0,0,0,0
105378958,0,0,0,0,0,0
105378979,0,0,0,0,0,0
105378994,0,2,5,2,1,4
105379029,41,45,28,22,14,45
105379045,17,8,24,6,2,5
105379046,9,12,11,15,16,20
105379054,0,0,0,0,0,0
105379177,1,6,7,3,3,6
105379194,2,3,2,0,2,4
105379197,0,0,0,1,0,0
105379198,12,3,3,10,2,3
105379199,0,0,0,0,0,0
105379200,0,2,0,1,0,0
105379210,0,0,0,0,0,0
105379211,0,0,0,2,0,0
105379238,2,1,1,0,0,0
105379247,0,0,0,0,2,0
105379260,0,0,4,0,0,0
105379261,0,0,0,0,0,0
105379272,0,0,0,0,0,0
105379282,23,22,18,0,4,6
105379290,0,0,0,0,0,0
105379398,0,0,0,0,0,0
105379399,0,0,0,0,0,0
105379411,3,0,0,1,0,0
105379416,0,0,2,0,0,0
105379419,1,1,2,0,0,0
105379422,0,0,0,0,0,0
105379423,0,0,0,0,0,0
105379425,0,0,0,0,0,0
105379427,0,0,0,0,0,0
105379433,0,0,0,1,0,0
105379443,0,0,0,0,0,0
105379472,0,2,0,1,0,0
105379473,0,0,0,0,0,0
105379474,0,0,0,0,0,0
105379522,0,0,0,0,0,0
105379528,0,0,0,0,0,0
105379532,0,0,0,0,0,0
105379534,0,0,0,0,0,0
105379538,0,0,0,0,0,0
105379539,0,0,0,0,0,0
105379541,0,0,0,0,0,0
105379542,0,0,0,0,0,0
105379545,0,0,0,0,0,0
105379546,0,0,0,0,0,0
105379547,0,0,0,0,0,0
105379550,0,0,0,0,0,0
105379554,0,0,0,0,0,0
105379557,0,0,0,0,0,0
105379559,0,0,0,0,0,0
105379561,0,0,0,0,0,0
105379672,0,0,0,0,0,0
10538,552,637,700,943,1272,1058
10539,1147,1293,1400,1342,1480,1341
1054,1522,1642,1577,1197,1084,1111
10540,1887,2059,2103,2429,2410,2164
10541,4701,4941,5481,5557,6503,5471
10542,986,967,961,1385,1665,1260
10544,236,251,233,471,455,368
10548,2171,2296,2599,3185,3015,2839
10549,722,729,838,1365,1626,1327
10550,1304,1298,1299,1796,1850,1574
10551,768,757,856,323,351,320
10552,3987,4223,4601,4679,5061,4381
10553,3526,3682,4234,4832,5460,4745
10554,2,0,1,1,0,2
10555,1064,1180,1317,2139,2754,1990
10556,507,583,675,478,537,471
10557,248,305,268,244,267,302
10558,1983,2013,2081,1778,1849,1612
10559,268,229,276,234,202,183
1056,13,13,30,7,13,17
10560,198,236,232,251,165,202
10561,35,37,19,16,40,15
10562,0,0,0,0,0,0
10563,1,1,0,0,0,1
10564,2945,2828,3100,1539,826,1286
10565,1599,1587,1637,1184,808,858
10566,12,16,7,24,8,8
10567,1107,1130,1312,3172,5252,3289
10568,21,12,36,25,28,40
10569,1625,1593,1767,1588,1415,1338
1057,0,0,0,0,0,0
10570,31,47,40,13,6,22
10572,459,502,549,730,1075,711
10573,942,1005,1086,2180,2901,2174
10574,3476,3895,4367,5383,6641,5700
10575,3871,4122,4474,5834,6531,5060
10576,2534,2759,2957,2081,2094,2181
10577,4176,3730,4672,8402,9204,7935
10578,1,1,3,0,0,0
10579,508,556,608,678,473,568
1058,218,233,254,168,182,178
10580,137,152,182,144,77,88
10581,5,8,2,23,51,15
10584,17,20,25,21,19,20
10585,421,504,607,655,602,692
10586,0,2,0,0,0,1
10587,286,297,317,911,1167,1092
10588,17,13,25,33,44,27
10589,1325,1462,1682,6039,9403,6512
1059,1573,1928,2189,3209,3757,3316
10590,2,0,0,0,0,0
10591,236,313,358,1260,2109,1437
10592,997,1096,1296,696,570,477
10594,1,3,3,1,1,0
10595,1,0,5,1,2,0
10597,282,234,285,267,322,255
10598,2694,3249,3253,4258,4784,4296
10599,18,16,28,8,1,3
1060,217,228,218,144,135,116
10600,599,732,722,332,279,273
10602,1261,1214,1425,1809,1386,1715
10603,136,116,108,202,294,173
10605,2195,2383,2548,2525,2612,2216
10606,2582,2931,3189,2668,2448,2543
10607,774,918,989,1295,1590,1372
10608,503,520,662,694,785,776
10609,683,728,789,1647,1881,1505
10610,79,92,99,173,153,129
10611,3464,3315,3635,4270,3178,4403
10612,89,99,107,144,112,139
10613,1150,1179,1213,1783,1541,1480
10614,1619,1892,2035,1574,1598,1752
10615,515,531,671,384,289,353
10616,6966,7466,8117,9703,9406,9151
10617,1083,1091,1239,1438,968,1318
10618,6644,7058,7826,7083,4413,6655
1062,696,637,815,174,144,137
10620,174,183,222,247,143,201
10621,333,298,317,185,185,204
10622,64,103,64,76,74,57
10623,622,698,722,495,464,542
10625,974,1001,1098,1353,1198,1201
10626,2823,3003,3266,4202,4187,4162
10627,2151,2004,2275,4268,4567,3790
10628,11423,11917,12865,16195,15654,10009
10629,335,317,320,433,429,484
1063,2822,2936,3513,842,568,737
10630,0,0,0,0,0,0
10631,0,0,0,0,0,0
10632,1222,1433,1528,2247,2974,2199
10633,4,3,6,2,0,2
10634,354,377,462,404,414,425
10635,388,338,374,119,151,121
10636,94,115,134,174,234,200
10637,2,5,2,2,3,4
10638,0,0,0,0,0,0
10640,1997,2068,2235,1409,1261,1112
10641,342,414,370,493,535,486
10642,1989,2086,2416,1936,1190,2004
10643,2471,2313,2619,1762,1189,1590
10644,3324,3561,3904,3734,2377,3279
10645,849,1079,1246,794,574,764
10647,0,0,0,0,0,0
10648,0,0,0,0,0,0
10650,44,60,69,86,82,87
10651,606,600,606,712,808,760
10652,1500,1575,1886,2910,3333,2881
10653,10378,11296,12291,23327,30657,22202
10654,147,177,194,371,546,371
10655,0,0,0,0,0,0
10656,0,4,0,0,4,5
10657,4747,4898,5395,6111,6062,5591
10658,4250,4618,5143,4568,2640,4190
10659,0,0,0,3,2,1
1066,3,1,1,0,0,0
10660,0,0,0,0,0,0
10661,0,2,2,4,4,4
10663,18,14,12,1,0,3
10664,913,1007,1051,889,747,916
10665,0,0,0,0,0,0
10666,3,4,7,0,0,0
10667,254,320,344,361,379,324
10668,245,249,311,348,342,275
10669,0,0,0,0,1,4
10670,537,508,610,1030,1073,947
10671,596,619,610,493,591,427
10672,904,954,989,749,532,632
10673,36,47,43,47,42,26
10675,14,14,32,43,52,34
10677,74,59,90,19,8,33
10678,1036,973,1133,933,784,776
1068,0,0,0,0,0,0
10681,344,345,308,368,331,345
10682,351,417,549,1208,1500,1055
10683,28,42,35,73,110,75
10686,4,11,23,21,16,8
10687,8,15,4,7,8,19
1069,1689,1676,1865,1733,2239,1838
10690,668,708,724,130,64,131
10691,129,117,170,98,101,137
10692,0,2,1,0,1,0
10693,10,12,18,28,41,27
10694,2954,3173,3442,2925,3899,2836
10695,531,648,686,1227,1459,1285
10699,7,8,14,10,1,4
107,7,4,2,3,3,1
1070,300,216,290,230,390,239
1071,3,1,2,4,0,6
10712,0,0,0,1,1,0
10713,1157,1250,1276,1650,1577,1499
10714,595,710,734,569,429,423
10715,13,9,8,31,19,22
10716,0,0,2,0,0,1
10717,305,316,311,251,226,260
10718,0,0,0,0,0,0
1072,9018,10169,11111,17018,21606,19342
10720,0,0,0,0,0,0
10721,283,343,311,128,79,149
10723,177,271,228,303,258,216
10724,4602,4349,4882,2948,2203,3080
10725,5808,5928,6448,2954,1254,2615
10726,781,875,976,1442,1851,1652
10728,6932,7152,7602,4875,4827,4344
1073,693,708,700,937,919,812
10730,2994,3060,3168,3480,3061,3081
10732,965,958,1123,998,905,880
10733,218,231,241,103,76,84
10734,177,191,242,46,15,55
10735,5693,5749,6194,3385,2816,2457
10736,59,59,69,76,86,46
10737,1,0,0,0,0,0
10738,0,0,0,0,0,0
10739,2,0,0,0,0,3
10740,85,77,99,146,86,132
10741,803,765,821,790,615,742
10742,0,0,0,0,0,0
10743,1690,2030,2247,2528,1891,2525
10744,1,1,1,0,0,0
10745,1725,1796,1999,1526,1342,1649
10746,2607,2401,2449,1331,888,1085
10747,41,22,44,16,3,17
10748,119,106,99,10,10,4
10749,2780,3292,3553,6846,5831,6939
1075,3435,3600,4057,4038,4079,3907
10750,2,4,5,2,7,5
10752,0,0,0,0,0,0
10753,21,17,14,16,15,27
10755,2975,3358,3999,7944,10471,8295
10758,892,1008,1179,1382,1099,1277
10761,61,55,42,94,113,98
10762,1102,1284,1409,1082,776,901
10763,219,287,370,535,563,428
10765,3848,3981,4490,3074,2043,2702
10766,1198,1198,1489,1542,1097,1453
10767,1354,1378,1348,1247,1310,1133
10768,6213,6526,6937,7825,5660,6871
10769,2255,2298,2509,4045,3546,3933
10771,1598,1573,1648,1397,963,1359
10772,1727,1740,1843,864,861,814
10773,412,375,366,245,201,159
10775,381,383,460,366,425,352
10776,3005,2919,2963,2127,1422,1672
10777,0,0,0,0,0,0
10778,323,356,386,183,232,210
10780,238,245,267,152,86,150
10781,220,229,248,178,138,136
10782,1874,1912,2096,1707,1532,1866
10783,423,428,539,823,661,609
10785,242,246,276,237,200,294
10786,0,0,0,0,0,0
10787,9112,9238,9678,7205,6183,5798
10788,24,43,67,22,18,24
10791,35,31,62,115,205,94
10793,18,17,12,2,2,2
10794,955,817,896,555,129,568
10795,595,521,528,188,129,164
10797,6397,6575,6910,6826,6236,6260
10798,0,0,0,0,0,0
10799,242,259,316,204,197,191
108,0,0,0,0,1,0
1080,0,0,0,0,0,0
10800,0,0,0,0,0,0
10801,5920,6096,7061,10319,9434,10557
10802,1150,1206,1280,1278,828,877
10803,1,0,1,2,0,0
10804,0,0,0,0,0,0
10806,44,105,50,47,35,57
10807,454,498,589,518,604,494
10808,2440,2956,2828,2243,2258,1827
10809,2834,3228,3477,5032,6649,4717
1081,0,0,0,0,0,0
10810,79,88,68,93,67,70
10811,315,295,432,381,322,496
10813,865,962,1124,1229,1189,1259
10814,2,2,0,1,3,2
10815,46,45,62,98,145,78
10816,0,0,0,0,0,0
10817,119,102,127,203,211,177
10818,535,527,508,276,161,197
10819,84,121,100,88,113,87
1082,0,4,0,0,2,0
10821,0,0,0,0,0,0
10824,1,9,5,2,0,0
10825,206,207,238,224,94,211
10826,84,57,118,101,60,75
10827,352,397,388,499,452,364
10838,423,479,515,537,206,506
1084,0,0,0,0,0,0
10840,57,62,83,217,206,143
10841,1,4,7,4,12,2
10842,0,0,0,0,0,0
10844,1089,1089,1278,1191,1162,1154
10845,712,711,758,629,577,465
10846,2,0,0,0,0,0
10847,2563,3071,3559,2557,1402,2688
10848,1871,2245,2510,4672,4629,4326
10849,34,76,61,74,72,71
10850,1,0,0,0,0,0
10855,119,109,107,157,150,133
10856,1741,2125,2306,3082,3844,3529
10857,2202,2200,2311,2379,2354,2114
10858,0,2,0,3,0,0
10859,0,0,0,0,0,0
10861,64,104,99,36,25,60
10863,12,12,13,8,5,18
10864,0,0,1,0,0,0
10865,119,173,193,319,375,284
10866,0,0,0,1,0,0
10867,328,339,418,852,736,891
10868,508,521,643,663,655,693
10869,1413,1703,1891,1825,1571,1858
1087,0,0,0,0,1,0
10870,10,7,12,20,27,17
10871,0,0,0,0,0,0
10873,350,397,507,374,358,368
10874,7,6,4,1,4,4
10875,7,9,5,1,0,1
10876,0,0,0,0,0,0
10877,0,0,0,0,0,0
10878,0,0,0,0,0,0
10879,0,0,0,0,0,0
1088,0,2,0,0,0,0
10880,0,1,0,0,0,0
10881,0,0,0,1,0,0
10882,13,28,25,77,90,64
10884,1019,1097,1141,993,959,836
10885,2162,2388,2466,2596,2224,2577
10886,0,0,0,0,0,0
10887,0,1,0,0,0,0
10888,0,1,0,0,0,2
1089,0,0,0,0,0,0
10890,4266,4386,4590,4189,3887,3905
10891,1,0,2,9,10,14
10892,438,457,475,230,210,261
10893,30,40,39,42,10,23
10894,0,0,0,0,0,0
10895,0,0,0,0,0,0
10896,23,10,16,6,0,11
10897,1165,1384,1296,2594,3191,2482
10898,624,601,743,800,777,844
10899,1688,1775,1987,2647,3189,2571
109,771,893,962,1538,1191,1504
10900,57,57,52,45,55,61
10901,211,195,227,379,502,354
10902,1227,1306,1411,924,689,1023
10903,493,457,524,660,573,582
10904,1534,1526,1775,2813,2775,2877
10905,2905,2897,3176,2269,1354,1982
10906,641,727,842,869,813,737
10907,950,1184,1249,1314,1829,1354
10908,1526,1813,2008,2766,2803,2693
10910,534,610,655,706,937,547
10911,218,172,233,252,376,233
10912,3,3,10,25,35,25
10913,3,3,4,0,0,0
10914,2993,3141,3345,1653,1476,1614
10915,2122,2225,2558,1426,1130,1222
10916,714,787,891,1488,1670,1245
10917,0,0,0,0,0,0
10919,2,0,1,2,0,0
10920,869,927,932,876,871,859
10921,2416,2774,2970,3034,3141,3216
10922,873,955,1054,1235,1349,1278
10923,2060,2116,2260,1503,2241,1331
10924,73,71,58,65,58,73
10926,451,479,522,291,309,222
10927,2638,2505,2686,2090,1316,2089
10928,1264,1388,1519,1835,1364,1577
10929,423,502,480,603,517,639
10930,12,10,19,8,0,4
10933,3081,3250,3281,4751,4980,4511
10935,2904,2773,2942,2508,2472,2240
10936,32,43,56,6,1,5
10938,1744,2011,2098,3356,3278,3623
10939,547,611,671,827,831,903
10940,368,421,411,330,285,426
10941,0,0,0,0,0,0
10942,1625,1814,1973,2787,3346,2957
10943,685,629,802,442,341,432
10944,1621,1563,1598,1711,1980,1758
10945,4780,5344,5928,8850,10159,7280
10946,1811,1882,2102,2232,2213,2244
10947,536,544,616,448,355,401
10948,469,528,603,898,963,885
10949,2836,3119,3405,6181,7317,6392
10950,143,164,143,250,323,159
10951,1462,1532,1584,2436,2341,2212
10952,713,775,874,1134,1457,1184
10953,1024,1112,1297,1360,1432,1280
10954,373,421,481,958,963,754
10955,3614,3643,4005,3483,2391,3173
10956,2225,2245,2625,2692,3115,2562
10957,722,690,872,862,843,656
10959,3725,4121,4117,2909,2293,2790
10960,2552,2822,3143,5002,6923,4656
10961,1669,1778,1838,2475,3081,2517
10962,865,855,798,1655,1590,1695
10963,4246,5062,5436,7359,7280,6875
10964,4,8,17,19,28,10
10965,491,512,574,745,776,920
10966,122,148,174,178,196,151
10969,1335,1675,1858,1981,2379,2188
10970,1751,1884,2279,2425,2505,1905
10971,8171,8182,8424,10369,9552,9376
10972,13950,13650,14925,14936,12849,12318
10973,1758,1915,1938,1377,970,1001
10974,68,68,84,81,89,84
10975,1020,1199,1285,1636,2357,1755
10978,249,269,243,284,357,298
10979,1255,1307,1446,2147,1792,2070
10980,1103,1292,1453,2353,3039,2446
10981,251,332,360,976,1192,930
10982,91,94,73,92,74,85
10983,5558,5534,6076,6975,6510,5306
10984,255,303,313,61,12,53
10985,4636,5436,5785,3818,2727,3386
10987,578,655,679,663,747,702
10988,2514,2638,2686,1222,1436,1137
10989,2978,3080,3619,3148,3123,2781
10990,0,0,0,0,0,0
10991,15,7,12,16,16,13
10992,4469,5083,5666,7838,7205,6994
10993,2,3,1,0,2,8
10994,591,618,804,1000,1202,981
10998,128,162,189,342,470,391
10999,612,730,852,905,850,1044
11000,0,1,0,0,0,16
11001,451,542,581,372,345,312
11004,1081,1220,1320,895,906,793
11005,24,29,14,10,15,7
11006,0,0,0,0,0,0
11007,781,847,871,2601,4320,2573
11009,0,1,0,0,2,3
1101,89,98,125,16,3,19
11010,20,38,40,24,32,20
11011,505,604,679,553,570,571
11012,3,5,1,4,2,3
11013,0,0,0,0,0,0
11014,4191,4304,4615,6959,6340,5030
11015,714,716,791,993,890,687
11016,722,628,784,447,270,424
11017,485,462,591,427,514,427
11018,383,416,504,899,1295,943
11019,359,327,299,410,359,361
1102,31,34,28,17,11,11
11020,549,614,671,450,508,389
11021,1001,1165,1182,1038,924,1084
11022,386,417,450,516,432,444
11023,0,0,0,0,0,0
11024,0,0,0,0,0,0
11025,0,0,0,0,0,0
11027,0,0,0,0,0,0
1103,0,0,0,0,0,0
11030,485,415,539,407,453,254
11031,1126,1101,1218,1357,981,1184
11033,471,513,662,1071,1311,1037
11034,8281,7961,8265,8173,8776,7322
11035,0,0,0,0,0,0
11036,0,0,0,0,0,0
11037,46,50,58,40,20,26
11039,1,0,2,3,0,0
1104,1623,1898,2119,2356,2172,2468
11040,29,55,49,74,65,68
11041,332,361,437,788,895,663
11042,1,1,1,0,0,1
11043,68,107,95,223,138,136
11044,1555,1624,1642,1235,955,1201
11045,8,5,4,20,17,15
11046,529,637,577,720,738,676
11047,1960,2365,2622,2767,3213,2881
1105,1333,1530,1544,766,590,595
11051,5181,5240,5857,3752,3754,3463
11052,1869,1950,2034,1127,1243,1310
11054,648,798,819,1052,1305,1040
11055,0,0,0,0,0,0
11056,172,187,227,165,144,182
11057,4764,4844,5373,3325,1993,3183
11059,1391,1475,1773,1378,1143,1025
1106,3260,3266,3809,3675,2061,3058
11060,808,899,996,954,701,1095
11061,0,0,0,0,0,0
11062,334,286,356,213,244,231
11063,10,9,6,0,3,0
11064,760,779,881,361,265,353
11065,1233,1413,1497,972,1241,949
11066,113,131,143,154,170,183
11067,243,255,313,966,1165,640
11068,248,253,290,650,645,628
11069,17,14,28,11,6,10
1107,4469,4975,5708,6612,4943,6081
11070,589,653,719,1140,1182,1195
11072,0,0,0,1,0,0
11073,1164,1293,1411,580,378,409
11074,0,0,0,0,0,0
11075,0,0,0,0,0,0
11076,51,54,69,34,19,30
11077,15,23,26,22,25,15
11078,3514,3651,4482,2652,2283,2670
11079,1410,1662,1645,1520,1640,1437
1108,5628,6235,6766,6332,4731,6174
11080,424,426,409,232,300,174
11081,0,0,0,0,0,0
11082,0,0,0,0,0,0
11083,2324,2774,3018,1722,996,1593
11085,0,0,0,0,0,0
11086,0,0,1,0,0,0
1109,69,50,66,10,1,12
11091,927,1031,1130,1169,1144,1144
11092,273,226,258,402,439,351
11093,130,128,121,139,152,147
11094,370,392,457,616,759,637
11095,0,1,5,0,0,2
11096,0,0,0,0,0,0
11097,511,562,556,425,429,375
11098,1179,1243,1350,1749,1664,1478
11099,212,207,197,285,160,255
111,108,115,205,14,5,13
11100,4807,5456,6135,7425,5645,7828
11101,611,653,642,468,288,384
11102,367,378,448,537,443,533
11103,327,336,340,134,110,106
11104,380,349,359,357,412,305
11105,2,0,6,1,3,2
11107,0,0,0,0,0,0
11108,627,638,691,586,364,543
1111,233,258,319,295,271,295
11112,1544,1600,1677,1863,1807,1765
11113,552,620,750,265,128,261
11116,639,658,724,335,301,382
11117,19,20,17,44,41,74
11118,307,386,422,639,429,454
11119,449,491,590,613,355,507
1112,300,279,309,268,142,211
11120,436,467,465,486,399,481
11122,0,0,0,0,0,0
11123,428,367,420,283,213,284
11124,1359,1468,1590,1837,1799,1547
11126,15,26,23,12,1,8
11127,821,662,757,431,425,335
11128,1340,1502,1479,1667,1024,1568
11129,681,724,774,965,989,935
1113,0,0,0,0,0,0
11130,415,502,612,389,421,545
11131,0,0,1,4,1,0
11132,208,251,305,296,301,352
11133,204,224,213,255,309,276
11135,1304,1399,1518,1959,1952,2187
11136,3,4,0,0,0,1
11137,830,853,969,854,817,759
11138,1633,1677,1952,845,496,726
1114,0,0,0,0,0,0
11140,2661,3111,3264,5500,5843,6277
11141,0,0,0,1,0,2
11142,365,365,390,663,803,658
11143,802,801,896,1018,708,940
11144,18,12,12,12,3,4
11145,741,814,910,1863,2261,1712
11146,133,176,131,86,85,81
11147,232,227,193,337,440,326
11148,0,1,0,0,2,0
11149,108,116,102,76,41,77
11151,85,100,113,74,82,94
11152,589,681,747,1244,1584,1282
11153,91,88,80,78,64,77
11154,202,250,259,197,243,261
11155,35,43,54,41,33,37
11156,0,2,0,7,37,2
11157,113,87,89,201,199,231
11158,487,484,532,350,322,422
11159,107,123,131,112,82,90
1116,0,0,0,0,0,0
11160,967,1134,1214,1245,1080,1187
11161,967,1068,1184,1708,1854,1408
11162,22,29,23,22,19,29
11163,1920,2017,2060,829,652,763
11164,1501,1525,1822,1497,1688,1337
11165,67,90,55,282,381,344
11166,0,0,0,0,0,0
11167,497,528,520,2685,2265,2448
11168,1149,1302,1502,1102,1096,792
11169,422,498,558,317,363,289
1117,1,1,3,33,32,11
11170,2,0,5,0,0,0
11171,4497,4914,4991,4460,4677,3965
11172,2,0,0,0,0,0
11173,96,122,117,99,50,42
11174,4,5,3,22,12,14
11176,4230,4651,5121,3928,1783,3213
11177,1716,1854,2003,1287,1296,1194
11178,0,0,0,0,0,0
11179,758,809,810,662,799,529
1118,0,0,0,1,0,0
11180,1832,1825,1952,1753,1445,2031
11181,0,0,0,0,1,2
11182,736,824,878,1658,1583,2002
11183,1158,1157,1235,757,621,680
11184,14,13,40,27,27,29
11185,0,0,0,0,0,0
11186,214,219,292,494,530,349
11187,1059,1209,1392,1641,1941,1731
11188,1967,2121,2420,1894,1368,1919
11189,14,14,9,4,1,3
1119,1639,1783,1794,1182,1072,1142
11190,493,615,714,443,367,389
11191,4,3,1,1,1,2
11193,323,302,302,194,209,159
11194,551,684,698,484,511,595
11196,863,980,1022,1012,785,762
11197,0,0,0,0,0,0
11198,2957,3298,3456,3189,2797,3129
11199,26,35,44,7,10,9
112,1549,1542,1883,1344,1086,1235
1120,2,4,6,2,1,1
11200,366,415,429,450,421,316
11201,303,295,298,126,77,102
11202,530,471,584,747,936,776
11209,63,58,74,56,29,51
1121,778,821,881,451,334,357
11211,74,92,80,38,21,26
11212,639,655,644,610,570,564
11213,3,3,1,0,0,1
11214,1576,1813,2076,1789,881,1676
11215,2431,2528,2579,1829,1254,1395
11216,840,839,963,688,529,631
11217,3,1,2,4,1,4
11218,371,398,436,325,325,319
11219,1,5,4,9,8,5
1122,1961,1988,2137,869,582,764
11221,143,147,160,151,119,170
11222,2220,2387,2527,1702,1739,1794
11223,5,4,18,5,5,6
11224,6575,7966,8028,13317,19214,13277
11226,1603,1880,2034,1819,1398,1595
11227,0,0,0,0,0,0
11228,436,436,448,203,136,175
1123,22,27,27,10,18,19
11230,155,177,228,531,489,443
11231,2535,2546,2675,1884,1694,1775
11232,154,132,166,100,77,93
11234,1281,1311,1532,1857,1347,1815
11235,1155,1267,1336,941,1106,796
11236,698,676,718,961,762,863
11237,3093,3053,3905,2565,1140,2359
11238,179,181,186,225,194,209
112398,0,0,4,2,0,6
112399,379,318,499,519,510,409
1124,279,304,364,148,105,147
11240,475,481,613,812,543,609
112401,0,0,0,0,0,0
11243,139,173,199,233,268,257
11244,942,930,965,574,481,440
11245,59,73,53,717,511,625
112464,19,24,30,23,40,24
11247,439,434,542,693,777,648
112476,98,86,91,20,16,31
112479,260,287,284,188,133,162
11248,2,2,6,12,22,12
112483,414,496,534,936,1249,944
112487,373,447,467,510,463,543
11249,0,0,0,0,0,0
112495,390,474,450,477,629,555
11250,0,0,1,2,0,0
11251,10,13,9,11,5,10
11252,1592,1666,1796,2694,2251,2610
11253,1085,1257,1396,2144,2480,2037
11254,5,1,3,2,0,0
11255,0,0,0,0,0,0
11257,174,222,225,377,629,377
112574,680,671,707,796,530,842
11258,383,475,479,707,913,736
11259,832,852,865,1261,911,1160
112597,294,302,351,566,684,528
11260,5836,6006,6418,3383,2430,3044
112609,2,0,0,0,0,0
11261,2945,3279,3753,4256,3266,3400
112611,189,189,159,168,194,135
112616,239,204,271,288,389,280
11262,6,6,6,6,2,3
11264,249,247,347,314,330,290
11266,501,526,495,329,416,485
11267,675,773,922,1054,1330,985
11269,495,577,607,668,687,646
11270,0,0,0,0,0,0
112703,84,74,96,210,230,139
112714,7,2,0,0,0,1
11272,0,0,0,0,0,0
112724,0,1,0,0,15,1
11273,4134,4550,5127,8128,5648,6754
11274,65,56,83,293,251,262
112744,0,0,0,0,0,0
11275,767,802,767,743,664,582
112752,968,999,1056,1107,1332,1174
112755,74,52,88,71,36,87
11276,0,1,8,6,23,7
11277,84,104,106,95,87,125
112770,456,539,643,842,677,771
11278,378,362,418,195,126,182
11279,387,389,396,332,170,384
1128,0,0,3,0,4,0
11280,0,0,0,0,1,0
112802,0,0,0,0,0,0
11281,0,0,0,0,0,0
112812,239,265,266,440,682,559
112817,17,10,17,6,2,9
11282,5539,6218,6901,6748,8262,7235
11283,4,11,6,0,0,0
11284,508,671,858,860,1091,1085
112840,469,475,484,218,308,232
112849,1052,1035,946,782,603,799
11285,335,420,443,788,841,756
112858,476,527,512,468,487,383
112869,280,308,324,453,520,440
112885,83,78,86,89,64,89
1129,0,0,0,0,0,0
112936,423,499,460,743,642,653
112937,0,0,2,0,0,0
112939,2611,2673,3069,5733,4629,5556
112942,699,723,793,608,623,496
112950,638,685,711,1156,1205,1015
112970,0,0,0,0,0,0
113,1424,1634,1950,2385,1364,2252
1130,956,1025,1067,590,387,440
113000,587,728,761,1092,1317,1200
113026,979,1174,1286,1338,1253,1239
11309,194,217,284,631,513,844
113091,0,0,0,0,3,1
1131,0,0,0,0,0,0
11311,556,597,647,576,554,509
113115,87,71,89,69,73,62
11313,822,945,1056,1584,1912,1712
113130,612,849,882,713,792,750
11314,0,1,0,0,0,0
113146,714,710,913,1167,463,935
11315,1262,1445,1582,2523,3221,2707
113157,6,2,6,11,9,12
11316,1184,1379,1534,1607,2115,1827
11317,11,4,17,4,6,7
113174,694,680,779,679,757,669
113177,13,7,15,9,4,14
113178,1157,1343,1286,2002,1679,2041
113179,63,78,88,51,67,72
11318,1,2,0,2,2,3
113189,105,114,132,317,380,356
11319,720,838,833,916,794,786
1132,6,2,7,5,4,14
11320,1224,1209,1343,1062,793,786
113201,3096,2946,3122,2459,2030,2108
11321,750,750,762,974,993,865
11322,1927,1939,2472,3449,3424,3429
113220,0,0,0,0,0,0
113230,61,85,81,179,221,163
113235,165,254,210,259,145,233
113246,1106,1303,1380,1432,2025,1305
11325,1873,1922,2215,2355,1997,2294
113251,1958,2216,2125,876,828,829
11326,0,0,0,0,0,0
113263,522,555,541,632,433,537
113277,45,44,73,39,36,45
113278,937,954,1177,1006,1058,912
11328,978,970,1127,1790,1494,1642
11329,1642,1683,1940,1291,1007,1215
1133,1,0,4,0,0,2
11330,0,0,6,0,0,0
11331,4370,4948,5493,4658,5612,4979
11332,856,903,1072,1670,2200,1637
11333,1246,1389,1537,2388,2578,2719
11334,561,672,789,889,1054,963
11335,3568,3595,4059,2412,3158,2269
11336,2160,2423,2680,2491,2443,2548
11337,3725,3859,4212,5509,7093,5275
11338,5725,6253,6809,8412,8295,9876
11339,83,93,120,54,58,52
1134,16,13,11,0,0,1
11340,813,904,921,791,820,720
113402,786,811,898,921,1136,912
11341,0,4,0,0,0,0
113419,1129,1182,1238,958,678,1105
11342,1000,945,1009,677,612,552
11343,1536,1572,1860,4268,2971,3808
11344,2486,2432,2874,3965,5402,3851
113444,325,371,386,580,586,591
11345,1171,1161,1186,1677,1867,1397
113451,66,62,83,77,76,69
113452,767,844,916,1535,2302,1566
113457,19,17,32,6,1,20
11346,420,440,428,1420,995,1018
1135,0,0,1,2,0,1
113510,134,128,144,83,72,85
113540,44,92,59,41,25,34
1136,1,1,1,0,1,0
113612,59,50,50,102,95,85
113622,221,261,317,428,487,449
113655,496,506,657,1577,2041,1556
113675,313,368,336,352,496,414
113691,0,0,0,0,2,0
1137,0,1,0,0,0,0
113730,302,276,276,329,308,369
113746,1,1,2,0,0,0
113763,83,113,101,126,108,215
113791,119,109,115,275,248,182
1138,64,74,62,38,27,27
113802,296,346,358,259,343,373
113828,3,3,4,0,0,4
113829,1317,1418,1446,2127,1939,2127
113835,0,0,0,0,0,0
113878,292,271,327,323,352,334
1139,0,0,0,0,0,0
114,0,0,0,0,1,0
1140,1029,1128,1132,1441,1377,1762
114026,0,0,0,0,0,0
114034,132,156,195,161,151,174
114036,1,0,2,0,0,0
114038,0,0,0,0,0,0
114041,0,0,0,0,0,0
114043,1,2,0,1,0,0
114044,133,141,143,57,25,94
114049,1181,1249,1290,1374,1639,1502
114088,232,231,247,194,113,120
1141,8,4,10,2,1,3
114112,167,137,189,361,340,364
114131,0,0,0,0,0,0
114132,0,1,0,0,1,0
114134,5,3,7,3,2,0
1142,0,0,0,0,0,0
114294,304,304,325,384,358,296
114299,51,52,53,50,23,47
1143,2,1,5,11,3,9
114327,399,434,423,96,84,109
114335,0,0,0,1,0,0
114336,1,0,1,7,10,2
1144,0,0,0,1,0,0
1145,2,2,1,1,2,4
114548,0,0,0,0,0,0
114569,10604,10333,10792,9681,9337,7993
114571,0,0,0,0,0,0
114599,7,2,6,1,0,6
1146,5,2,9,5,0,8
114609,152,140,167,180,98,141
114614,0,0,2,1,0,0
114625,450,434,462,394,320,451
114659,118,98,120,61,43,57
1147,692,799,663,700,567,610
114757,13,8,13,11,10,5
114758,0,0,0,0,0,0
114760,0,0,0,0,0,0
114761,0,0,0,0,0,0
114769,0,2,0,1,1,1
114770,0,0,0,0,0,0
114771,4,1,2,0,0,0
114780,312,313,424,226,198,161
114781,262,274,289,445,308,449
114783,371,363,426,809,841,788
114784,0,0,0,0,2,1
114785,1018,958,1156,1035,692,1025
114786,0,0,0,0,0,0
114787,312,396,387,764,670,603
114788,0,0,0,0,0,0
114789,200,281,344,444,443,461
114790,615,677,809,629,714,779
114791,30,18,24,10,3,45
114792,6,4,2,1,2,5
114793,1085,1201,1326,1228,794,1060
114794,747,771,808,852,696,766
114795,1,3,4,8,6,0
114796,128,131,177,235,196,259
114798,0,0,0,0,0,0
114799,511,565,549,333,357,235
114800,0,0,0,0,0,0
114801,0,0,0,0,0,0
114803,983,997,1063,322,163,300
114804,22,30,32,24,20,31
114805,0,0,0,0,0,0
114814,15,3,9,9,12,10
114815,0,0,0,0,0,1
114818,145,148,146,300,177,270
114819,113,154,156,45,33,76
114821,28,18,30,18,13,13
114822,1165,1299,1606,1115,936,1311
114823,34,8,1188,1,2,25
114824,0,0,0,2,1,0
114825,365,348,431,300,274,260
114826,365,374,451,353,342,384
114827,83,90,116,52,32,76
114836,0,0,0,0,0,0
114876,1111,1087,1174,1117,946,921
114879,166,187,247,266,227,266
114880,1,0,3,1,1,1
114881,727,829,874,491,378,520
114882,868,929,939,264,163,202
114883,4429,4746,4857,3885,2880,3587
114884,680,708,808,640,468,536
114885,752,840,838,912,686,833
114897,537,533,599,919,898,891
114898,0,3,0,3,0,1
114899,24,26,28,12,4,14
1149,3,0,0,0,0,0
114900,3,0,2,1,10,0
114902,0,0,0,0,0,0
114904,1270,1272,1439,1100,986,1321
114905,0,0,3,0,0,0
114907,692,687,760,1036,976,857
114908,8899,8762,9897,6841,6285,5084
114915,481,514,511,671,844,545
114926,321,322,358,336,340,245
114928,0,0,0,0,0,0
114932,653,670,799,947,994,817
114960,0,0,0,0,0,0
114971,590,645,672,923,1078,1064
114984,270,296,355,632,853,716
114987,241,173,257,248,94,268
114990,34,2,3,6,4,106
114991,12,14,4,1,1,2
115,374,410,575,1065,593,782
115004,416,431,459,470,440,394
115019,2,10,10,2,4,2
115024,377,509,460,703,752,704
115098,683,765,720,1920,2633,2152
115106,212,216,236,225,305,183
115110,0,0,0,1,0,0
115111,6,3,12,0,3,5
115123,37,20,55,37,21,25
115196,110,96,90,121,116,112
1152,992,1121,1240,1552,2327,1563
115201,423,456,485,632,569,484
115207,17,27,16,15,23,16
115209,337,435,376,329,325,252
115265,32,21,24,117,108,152
115273,22,13,7,15,11,14
115286,200,197,219,350,406,365
115290,223,215,267,479,447,451
115294,906,888,984,489,449,391
1153,1194,1280,1407,1587,2180,1927
115330,28,19,22,26,30,26
115350,0,0,0,0,0,0
115352,0,0,0,0,0,0
115353,1483,1461,1618,2726,3075,2410
115361,0,0,0,1,0,0
115362,0,0,0,1,0,0
115399,22,15,26,24,38,18
1154,67,39,59,137,99,75
115416,269,333,321,552,623,489
115426,659,681,800,578,466,492
1155,1036,1254,1329,1901,2539,2004
115509,140,149,179,186,155,213
115548,520,512,530,282,273,205
115557,443,441,461,682,595,663
115560,122,106,91,63,61,46
115572,8,17,22,34,29,19
115584,31,47,40,18,15,27
115650,12,8,10,3,5,7
115653,0,0,0,0,0,0
115677,2,2,4,0,0,0
115701,4,4,3,4,1,7
115703,74,103,131,224,215,203
115704,381,425,497,1056,1044,1055
115708,480,619,666,554,656,761
115727,0,6,0,0,0,0
115749,0,1,1,0,1,1
115752,366,413,417,357,245,333
115761,213,243,290,249,254,287
115795,0,0,0,1,1,1
1158,0,0,2,4,3,3
115811,97,115,155,68,106,93
115817,570,579,719,1041,1225,1046
115825,940,905,1045,794,496,815
115827,0,2,0,0,0,0
115861,1,1,1,3,1,0
1159,4,8,1,1,3,3
115908,1,0,2,0,0,0
115939,612,743,806,1300,1676,1358
115948,10,9,16,10,23,7
115950,69,77,98,117,121,103
115992,198,243,269,287,292,262
116,0,0,0,0,0,0
1160,21,32,28,15,2,16
116028,126,120,146,181,215,200
116039,93,86,123,160,177,191
116064,1567,1699,1761,1043,775,794
116068,368,349,358,303,198,207
116071,17,15,16,23,20,29
116085,0,0,0,0,0,0
116092,1489,1722,1960,1368,1706,1515
116093,0,1,0,0,0,0
1161,220,260,308,325,269,232
116113,1143,1234,1456,2585,2042,2117
116115,265,302,356,412,230,344
116123,0,1,1,0,0,0
116135,0,0,0,0,0,0
116138,1084,1259,1454,2118,2403,2081
116143,181,253,229,214,231,210
116150,1091,1105,1187,1089,1076,995
116151,462,586,598,584,521,626
116154,15,10,19,12,21,5
116159,1,0,0,0,0,0
116173,0,0,0,0,0,0
116179,0,0,0,0,0,0
116211,1,2,1,0,0,1
116224,266,269,292,275,196,280
116225,296,346,343,518,643,558
116228,10,7,6,11,16,24
116236,120,145,160,191,149,192
116238,105,116,134,199,235,186
116254,640,635,728,831,855,709
116255,1,1,2,0,0,1
116285,0,0,2,1,3,2
1163,810,817,933,901,1300,998
116328,0,0,0,0,0,2
116337,0,0,0,0,0,0
116349,47,35,81,141,140,151
116362,14,8,6,41,55,33
116369,34,22,26,8,2,17
116372,19,14,12,27,29,31
116379,0,0,0,0,0,0
1164,385,376,438,416,424,359
116412,135,131,167,177,206,209
116437,0,0,0,0,0,0
116441,2,0,0,0,0,2
116442,7,4,2,7,6,16
116443,3,10,4,4,5,9
116444,52,43,42,22,30,22
116447,851,939,986,1137,1320,1203
116448,0,0,0,0,0,0
116449,0,0,0,0,0,0
116461,921,918,967,865,843,785
116496,102,74,107,6,16,12
116511,0,0,0,0,0,0
116512,0,0,0,0,0,0
116519,0,0,0,1,0,0
116534,0,0,0,0,0,0
116535,3,3,1,2,0,2
116540,235,321,376,468,715,485
116541,194,202,244,273,447,317
116729,0,1,0,4,3,0
116828,92,87,75,11,3,6
116832,334,342,413,506,749,531
116835,14,7,17,11,14,10
116840,624,763,803,842,843,891
116841,1020,1122,1227,1185,1391,1144
116842,19,13,9,4,1,9
116843,526,520,499,420,456,562
116844,556,598,666,1843,2233,1554
116931,110,126,124,58,45,37
116933,1,0,0,0,0,0
116936,44,32,48,60,32,38
116937,27,23,40,16,8,26
116938,19,14,24,24,7,20
116966,402,332,397,50,37,47
116969,2,6,0,10,12,4
116983,689,671,855,497,461,500
116984,1047,906,1038,692,506,579
116985,3366,3838,4277,4174,3448,4574
116986,13,19,17,19,12,8
116987,1911,2102,2214,2164,1144,1979
116988,645,767,874,1158,1344,1148
117,0,0,0,0,0,0
117143,177,155,147,188,154,176
117144,153,141,187,298,396,301
117145,222,210,292,247,247,236
117153,0,2,5,2,0,0
117154,0,0,0,0,0,0
117155,118,111,93,17,20,36
117156,2,5,0,1,4,1
117157,3,1,5,1,2,1
117159,0,0,0,0,0,0
117166,7,13,11,13,11,6
117177,755,819,815,471,396,397
117178,377,444,460,265,259,263
117194,0,0,0,0,0,0
117195,2,5,0,2,0,0
117196,0,0,0,0,0,0
117245,0,0,0,0,0,0
117246,548,606,673,552,627,579
117247,7,4,5,5,4,5
117248,2,1,2,1,1,1
117283,4,2,5,4,0,0
117285,0,0,0,0,0,0
117286,2,3,1,0,0,2
117289,1,0,1,2,6,2
1173,6283,6839,7628,9453,10130,9372
1174,2549,2747,2966,4284,6038,4577
1175,1924,2135,2461,4119,6219,4145
117531,28,22,25,27,30,19
117532,0,3,4,0,0,1
117579,3,0,0,0,0,0
117581,110,132,140,247,304,209
117583,40,51,43,55,32,46
117584,97,113,117,99,62,109
1176,435,445,563,585,572,445
117608,215,203,254,77,68,68
1178,0,0,0,0,0,0
117854,127,135,118,160,160,153
1179,0,0,0,1,0,0
118,1759,1785,2094,2241,2074,2430
1180,3,1,4,1,2,2
1181,260,245,312,385,338,336
1182,3617,3567,3826,2727,1832,2416
1183,230,221,230,280,201,288
1184,72,83,91,93,54,78
118421,0,0,0,0,0,0
118424,523,621,679,908,1055,968
118425,0,0,0,0,0,0
118426,367,361,335,201,169,192
118427,0,0,0,0,0,0
118429,334,281,276,502,386,497
118430,0,0,0,0,0,0
118432,0,0,1,0,1,0
118433,88,74,105,97,117,120
118442,1,0,0,1,0,1
118460,199,237,257,347,323,370
118461,0,0,0,0,0,0
118471,1,1,8,0,1,3
118472,159,166,200,156,203,216
118487,553,665,604,848,1134,894
118490,74,93,93,25,8,25
118491,148,154,134,115,88,90
1185,269,290,328,324,231,249
1186,1800,1958,2112,2301,2086,2558
118611,12,5,14,2,1,1
118663,7,5,4,0,1,0
118670,0,0,1,0,0,0
118672,48,62,69,70,46,53
1187,19,24,38,18,15,22
118738,146,149,185,93,49,73
118788,42,19,19,62,54,57
1188,12,11,14,33,40,25
118812,498,552,550,732,769,789
118813,543,623,624,711,660,828
118856,0,2,2,1,1,2
118881,740,816,949,1000,1502,1103
118924,290,364,391,277,316,206
118932,240,261,278,163,197,202
118980,27,44,41,73,34,73
118987,814,865,937,657,455,579
119,2,11,11,1,1,0
119016,390,501,513,178,91,216
119032,186,205,218,128,137,129
1191,998,1079,1326,929,1201,899
119180,0,0,2,0,0,0
1192,0,1,1,233,2,1
1193,41,40,42,39,50,29
119369,4,6,5,2,5,9
119385,30,17,28,6,5,8
119391,445,426,446,458,510,369
119392,153,176,170,88,115,93
119395,79,45,74,67,94,95
119437,8,16,26,4,0,2
119467,0,1,0,0,1,0
1195,762,1018,827,294,257,229
119504,3069,3216,3426,3476,3775,3294
119548,0,0,0,0,0,0
119559,275,254,270,271,359,340
119587,0,2,0,0,0,1
1196,0,0,0,0,0,0
119678,0,0,0,0,0,0
119679,0,0,0,0,0,0
119682,0,0,0,0,0,0
119687,0,0,0,0,0,0
119692,0,0,0,0,0,0
119694,0,0,0,0,0,0
119695,0,0,0,0,0,0
1197,1,4,1,2,0,1
119710,160,183,191,112,164,101
119749,0,0,0,0,0,0
119764,0,0,0,0,0,0
119765,0,0,0,0,0,0
119772,0,0,0,0,0,0
119774,0,0,0,0,0,0
1198,517,521,662,826,836,691
12,25,22,27,11,13,5
120,1665,1805,2100,1106,974,919
1200,1097,1246,1271,1567,1148,1319
120065,0,0,0,0,0,0
120066,0,0,0,0,0,0
120071,156,205,203,334,381,358
1201,984,1052,1182,1680,1825,1725
120103,185,169,191,136,96,86
120114,0,0,0,0,0,0
120146,0,0,0,0,0,0
120224,772,777,855,1278,1215,972
120227,150,146,166,118,100,91
120237,0,0,0,0,0,0
1203,180,242,168,230,192,193
120376,23,14,31,1,3,5
120379,54,40,70,5,24,25
120400,0,0,0,0,0,0
120406,0,0,0,0,0,0
120425,0,0,0,0,0,0
120526,476,427,409,376,343,301
120534,418,464,399,348,301,270
120586,0,0,0,0,0,0
1207,2014,2074,2214,2071,2256,1761
120775,0,0,0,0,0,0
120776,0,0,0,0,0,0
120787,0,0,1,0,0,0
120793,0,0,0,0,0,0
120796,0,0,0,0,0,0
1208,0,0,0,0,0,0
120863,72,87,91,33,22,26
120892,11,2,5,0,0,0
1209,1704,2000,2134,2662,2341,2745
120935,7,7,8,2,0,3
120939,136,163,147,203,151,171
121006,8,6,2,1,0,6
121053,170,224,245,182,176,134
1211,1731,1747,1997,2468,2913,2404
121129,0,0,0,0,0,0
121130,0,0,0,0,0,0
1212,1669,1955,2074,5228,6898,5824
121214,0,2,1,0,3,1
121227,201,223,219,111,100,99
121256,0,0,0,0,0,0
121260,505,526,581,434,365,347
121268,48,33,54,29,32,27
121273,0,0,0,0,0,2
121274,280,260,291,279,146,246
121275,13,9,15,1,2,1
121278,0,0,0,0,0,0
1213,6206,6211,6933,7616,5550,6287
121340,0,1,0,0,0,0
121355,0,0,0,0,0,0
121364,0,0,0,0,0,0
121391,0,0,0,0,0,0
121441,558,585,598,339,356,232
121456,3,15,7,0,0,0
121457,55,77,82,37,59,31
1215,1,0,3,0,0,3
121504,8,1,2,2,0,9
121506,83,80,102,157,148,117
121512,692,636,731,486,359,345
121536,936,918,1007,541,567,517
121549,0,0,0,0,0,0
121551,206,190,222,237,144,209
121599,0,0,0,0,0,0
121601,0,0,0,0,0,0
121642,209,199,271,228,271,245
121643,81,75,104,25,28,28
121665,962,1108,1251,1033,989,1026
121793,2,1,0,0,1,0
121838,20,29,15,0,0,1
121952,0,0,0,1,1,0
122011,0,2,0,2,0,0
122042,0,0,0,0,0,0
122046,0,0,0,0,0,0
122060,2,3,4,0,0,0
122183,0,0,0,0,0,0
122258,0,0,0,0,0,0
122402,6,4,1,0,0,1
122416,1240,1291,1545,2490,2689,1811
122481,24,20,16,25,29,8
122509,5,8,1,39,28,3
122525,145,89,145,101,156,111
122553,802,783,852,605,610,528
122616,245,249,287,214,262,275
122618,0,1,2,0,0,0
122622,50,72,74,185,132,96
122651,0,0,0,0,0,0
122664,1,0,0,0,0,0
122665,0,0,0,0,0,0
122704,367,420,409,692,1169,787
122706,0,1,0,2,0,0
122740,0,0,0,0,0,0
122742,0,0,0,0,0,0
122748,0,0,0,0,0,0
122769,255,284,314,242,287,282
122773,46,46,45,26,17,25
122786,1264,1366,1322,2628,1888,2821
122809,2008,1948,2071,1055,724,845
122830,1002,920,1069,973,809,882
122876,0,0,0,0,0,0
122945,142,142,164,54,50,61
122953,1266,1403,1601,2026,2159,2005
122961,783,803,853,1364,1904,1391
122970,291,304,346,458,483,418
123,488,449,566,404,484,391
1230,5,1,1,3,2,3
123016,477,513,514,249,253,271
123036,0,0,0,0,0,0
123041,0,1,1,1,2,0
123096,609,675,733,858,707,781
123099,27,26,23,29,46,34
123103,0,2,0,0,3,0
123169,499,583,596,388,409,308
1232,8,1,1,0,1,2
123207,300,316,338,316,306,302
123228,33,34,30,23,24,28
123263,111,134,120,129,126,148
123264,0,0,0,0,0,0
123283,36,26,32,62,75,42
1233,0,0,0,0,0,0
123346,0,0,0,0,4,5
123355,143,124,155,139,149,133
1234,0,0,0,0,0,0
1235,1,0,2,2,3,0
123591,7,13,7,10,2,6
1236,2,2,7,1,1,7
123606,432,491,465,519,316,374
123624,0,0,0,0,0,0
123688,48,73,58,61,66,54
1237,0,4,0,0,0,0
123720,314,352,397,384,325,395
123722,26,38,24,1,4,3
123745,0,7,1,2,5,3
123775,132,121,146,121,112,118
1238,1014,1092,1196,936,556,1075
123803,6,1,12,19,7,7
123811,298,266,299,165,180,142
123872,12,12,10,2,3,6
123876,0,0,0,0,0,0
123879,207,200,246,338,176,298
123904,0,0,6,5,5,1
123920,344,352,410,652,661,605
123970,0,0,0,0,0,0
124,1,0,0,0,0,0
1240,0,0,0,0,0,0
124044,157,175,200,244,336,279
124045,95,117,94,78,79,75
124056,196,214,287,250,268,256
124093,106,107,120,77,93,115
1241,332,380,388,144,84,182
124149,0,0,0,0,0,0
124152,666,686,743,440,411,407
124220,384,413,448,1492,1847,1503
124221,22,23,32,41,44,34
124222,620,715,905,1058,1115,1011
124245,934,1113,1196,1358,1182,1407
124274,0,0,0,0,0,0
124359,42,30,44,1,1,0
1244,6073,6644,6980,1510,971,2149
124401,224,240,239,225,205,248
124402,315,343,418,624,629,706
124404,11,10,16,10,2,5
124411,147,170,158,151,161,118
124446,1061,1152,1369,1703,2381,1645
124454,613,705,785,727,533,733
124460,0,0,2,2,0,1
124491,668,766,694,516,468,496
124512,530,511,488,705,733,607
124535,0,0,0,2,0,0
124538,0,0,0,0,0,0
124540,1976,2167,2280,1359,876,1265
124565,2220,2421,2650,3260,3252,3343
124583,3674,4220,4562,5236,5032,5449
124590,3,4,3,15,19,15
124599,0,0,0,0,0,0
124602,0,0,0,0,0,0
124626,0,0,0,0,0,0
124637,553,554,712,448,233,478
124641,61,58,56,97,149,108
124739,429,392,472,612,494,631
124751,97,107,105,70,27,57
124773,0,0,0,0,1,0
124783,17,14,18,15,3,6
124790,285,288,284,332,402,384
124801,529,653,671,547,474,388
124808,185,224,253,285,262,295
124817,13,19,12,11,9,10
124842,0,0,0,0,0,0
124857,0,0,1,0,0,0
124871,0,0,0,0,0,0
124872,6,5,10,10,19,8
124912,0,0,0,0,0,0
124923,214,239,202,62,21,64
124925,2,1,0,0,0,0
124930,256,282,315,317,256,286
124935,5,0,0,6,17,5
124936,188,191,261,353,335,365
124944,0,0,0,0,0,0
124961,136,146,179,60,25,84
124975,15,20,21,22,18,24
124976,781,879,1129,1187,1055,1092
124989,92,64,96,22,7,20
124995,972,1034,1122,1447,1516,1287
124997,87,86,85,107,139,111
125,0,0,0,0,0,0
125050,21,27,31,19,18,32
125058,1515,1697,1978,2561,1600,2352
125061,168,204,225,277,268,236
125111,174,213,199,373,387,449
125113,0,0,0,0,0,0
125115,0,0,0,0,0,0
125144,13295,13598,14048,16741,17986,15141
125150,198,196,212,312,338,239
125170,320,355,502,707,674,706
125206,108,125,112,306,355,329
125228,297,299,282,218,227,224
125336,1,2,1,0,2,0
125476,175,216,239,334,319,269
125488,255,299,313,262,261,245
125704,0,0,0,0,0,0
1258,205,171,238,359,221,318
125875,22,20,26,27,62,43
125893,66,72,69,48,35,19
1259,167,171,199,106,114,85
125919,239,335,296,263,205,305
125931,0,1,0,0,0,0
125950,978,1149,1183,1705,1362,1545
125958,0,0,0,0,0,0
125962,0,0,0,0,0,0
125963,3,0,0,0,1,0
125965,113,126,157,388,417,265
125972,1,1,1,4,2,3
125981,0,0,0,1,0,0
125988,169,191,278,589,851,662
125997,0,0,0,0,0,0
126,0,0,0,0,3,0
1260,0,0,0,0,0,0
126003,469,531,641,1135,1580,1124
126006,6,20,21,14,12,22
126014,6,4,3,14,11,5
126017,92,71,74,20,25,8
126068,42,38,41,5,6,10
126069,0,0,0,0,0,0
126070,61,62,63,26,17,14
126074,93,125,117,122,143,180
126075,88,101,109,40,59,66
1261,0,1,0,3,6,3
126119,190,169,198,487,817,667
126123,4,2,0,0,2,2
126129,29,20,30,84,101,93
126133,1094,1259,1540,1769,2203,2086
126147,37,47,45,45,37,43
1262,0,2,0,1,0,1
126204,0,0,0,3,0,1
126205,0,0,0,0,0,0
126206,0,0,0,0,0,0
126208,1527,1587,1786,2532,3066,2829
126231,88,74,86,25,18,30
126248,12,21,31,33,20,26
126259,4,6,4,0,1,1
126272,27,13,41,18,34,21
126282,497,502,607,649,614,641
126295,88,62,58,59,71,59
126298,736,681,760,861,516,942
126299,130,132,156,365,590,475
1263,342,387,470,859,833,913
126306,7,6,16,30,23,24
126308,480,529,672,471,474,509
126321,463,592,501,886,1025,918
126326,0,2,0,0,0,1
126328,914,934,976,1809,2858,1818
126353,1473,1672,1895,3016,3353,2957
126364,2,0,0,2,0,0
126370,0,1,0,0,0,0
126374,19,12,11,14,30,12
126375,119,94,146,121,90,92
126382,97,107,119,196,247,175
126393,12,19,17,29,25,18
1264,2,0,1,6,2,2
126402,0,0,0,0,0,0
126410,0,0,0,0,1,0
126432,75,64,74,57,80,69
126433,665,734,873,1309,1436,1210
1265,2847,3140,3737,5973,5964,5598
126520,3,0,0,2,1,3
126526,208,252,260,288,252,369
126536,0,0,0,0,0,0
126541,0,0,0,0,0,0
126549,25,24,33,12,5,13
126567,74,50,102,339,354,295
1266,1833,1910,2086,3600,3079,3526
126626,118,127,99,108,49,138
126637,0,0,0,1,0,1
126638,2,0,0,0,0,3
126661,30,57,23,44,37,43
126668,0,0,0,0,0,1
126669,0,0,0,0,0,1
126695,199,214,249,281,354,280
1267,567,657,728,817,713,885
126731,250,278,285,204,126,146
126755,0,0,0,0,0,0
126767,0,0,0,0,0,0
126789,204,250,280,249,260,245
126792,318,344,366,551,666,659
1268,0,0,1,0,0,0
126820,6,6,6,2,5,0
126823,74,121,118,163,191,164
126859,3,1,1,1,1,1
126868,5,11,9,6,1,4
1269,0,1,0,0,0,1
126917,249,265,308,407,240,333
126961,0,0,0,0,0,0
126969,238,212,277,221,224,253
127,0,0,0,0,0,0
1270,0,0,0,0,0,0
127002,131,180,122,96,121,127
127003,0,0,1,0,3,0
127018,413,405,445,536,669,541
127059,0,0,0,0,0,0
127062,0,0,0,0,0,0
127064,0,0,0,0,0,0
127066,0,0,0,0,0,0
127068,0,0,0,0,0,0
127069,0,0,0,0,0,0
127074,0,0,0,0,0,0
127077,0,0,0,0,0,0
1271,6,8,14,3,4,3
127124,0,0,0,0,0,0
1272,0,0,0,0,0,0
127247,0,0,0,0,0,0
127253,424,473,466,248,255,199
127254,0,0,0,0,0,0
127255,6,2,7,4,10,8
127262,696,771,859,1351,1473,1069
127281,39,0,0,2,2,1
127294,3,2,1,2,5,0
127343,45,36,70,29,29,34
127385,0,0,0,0,0,0
127391,0,0,0,0,0,0
127396,45,59,55,34,30,22
127428,403,464,413,292,207,277
127435,0,1,0,0,0,1
127495,80,58,55,8,7,12
127534,275,237,342,323,318,355
127540,0,0,0,0,0,0
127544,425,423,420,628,653,586
127550,0,4,2,4,0,0
127579,27,54,46,43,20,20
127602,351,442,402,320,309,216
127623,0,0,0,0,0,0
127665,1,0,1,0,0,0
127670,1,6,1,1,0,0
127687,376,355,476,725,996,781
1277,348,394,444,506,445,570
127700,193,233,255,230,247,219
127703,189,234,237,254,258,253
127707,10,17,21,2,4,3
127731,0,0,0,0,0,0
127733,423,434,517,228,175,209
127795,0,0,0,0,0,0
1278,0,0,0,0,0,0
127829,659,686,746,1268,1358,1357
127833,57,53,80,19,3,8
127841,1,1,3,1,0,6
127845,364,341,405,658,880,616
127933,3796,3666,3857,2490,1357,2203
127943,3,13,10,21,28,18
128,1193,1220,1326,1593,1864,1556
1280,1,0,1,0,3,1
128025,7,14,25,3,16,14
128061,299,294,298,227,227,176
128077,9,13,5,29,18,15
1281,0,0,1,0,0,0
128102,2,1,9,6,0,3
128153,81,80,75,35,40,43
128178,34,40,51,13,16,3
1282,366,418,425,666,453,637
128209,2,4,0,19,17,20
128218,663,675,718,1165,1319,1090
128229,29,42,39,17,11,14
128239,1019,1056,1297,753,467,808
128240,1152,1374,1443,1956,2840,2236
128272,661,696,874,819,824,679
128308,420,511,518,761,856,642
128312,1,1,3,0,2,2
128338,1190,1249,1241,1393,1272,1001
128344,2,5,5,2,8,5
128346,15,24,11,5,4,9
128360,0,0,0,0,0,0
128366,0,0,0,0,0,0
128367,0,0,0,0,0,0
128368,0,0,0,0,0,0
128371,0,0,0,0,0,0
128372,0,0,0,0,0,0
128387,191,219,245,257,290,231
1284,370,376,510,1204,982,916
128408,0,0,0,0,0,0
128414,0,0,1,2,2,2
128434,197,194,245,715,797,600
128439,213,169,205,150,201,225
128486,39,49,52,73,54,88
128488,2,0,1,4,0,1
128497,28,22,49,30,9,32
1285,26,39,56,116,84,94
128506,0,0,0,0,0,0
128553,0,2,0,0,2,0
1286,36,41,46,73,31,61
128602,0,0,0,0,0,0
128611,0,0,0,0,0,0
128637,1474,1672,1898,1577,1152,1544
128646,0,0,1,0,0,1
128653,11,3,7,28,27,18
128674,0,0,0,0,0,0
1287,2348,2406,2505,3275,2195,2858
128710,282,277,416,194,75,133
1288,388,420,433,1636,1169,1668
128817,0,0,0,0,0,0
128821,0,0,0,0,0,0
128822,0,0,0,0,0,0
128826,0,0,0,0,0,0
128853,0,0,0,10,9,0
128854,2,0,2,0,1,5
128859,0,0,0,0,0,0
128861,0,0,0,0,0,0
128864,8,24,19,32,11,26
128866,3073,3392,3755,3980,4853,4035
128869,476,572,578,397,472,367
128872,0,0,0,0,0,0
128876,0,0,1,0,0,0
1289,367,387,460,3097,1949,2703
128954,0,0,0,0,0,0
128977,161,148,155,614,702,501
128989,408,395,482,1302,1230,1298
1290,29,21,31,30,14,21
129025,0,0,0,0,0,0
129049,32,54,69,891,630,646
129080,39,52,41,217,273,166
1291,582,592,737,2672,2393,2128
129138,317,341,394,333,311,315
1292,252,279,311,1252,1314,929
129285,371,355,448,345,255,324
129293,2,1,6,2,2,2
1293,1,3,5,1,0,0
129303,236,225,242,353,405,345
1294,4666,5194,5927,4687,4255,5361
129401,304,299,307,167,197,159
129446,0,0,0,0,0,0
129450,299,330,331,222,197,201
1295,314,341,343,190,101,231
129521,0,0,0,0,0,0
129530,40,44,46,14,8,19
129531,611,571,580,477,672,457
129563,429,584,556,506,446,522
1296,11,8,17,15,26,18
129607,0,0,0,0,0,0
129642,831,819,822,930,768,718
129684,0,0,0,0,0,0
129685,495,588,597,573,491,550
1297,0,0,0,0,0,0
129787,307,313,336,274,311,327
129790,176,165,196,243,255,270
1298,183,151,237,303,329,351
129804,2,9,7,17,18,22
129807,0,0,0,0,0,0
129831,227,226,226,123,133,147
129852,9,3,1,0,2,3
129868,0,0,0,0,0,0
129880,119,130,158,113,119,133
129881,18,19,20,14,4,8
1299,170,160,220,312,351,385
13,280,331,298,104,110,121
130,0,0,2,0,0,0
1300,2,2,10,0,2,0
130013,2,2,8,0,0,1
130026,15,16,28,35,14,33
130074,3042,3167,3158,4089,2912,3777
130075,0,0,0,0,0,0
1301,0,0,0,0,0,0
130106,1,0,3,0,0,1
130120,0,0,0,0,0,0
130132,2,4,10,1,0,0
130162,184,236,221,47,48,75
1302,0,0,1,0,0,0
130271,208,222,269,107,56,70
1303,529,628,653,1115,569,1294
130340,936,914,1045,997,789,916
130355,83,71,57,90,91,62
130367,504,563,580,1271,712,1272
130399,3,2,1,0,0,0
130497,30,29,43,22,27,31
1305,83,120,119,288,313,341
130502,139,128,121,209,281,210
130507,648,656,704,412,318,403
130535,493,569,567,490,400,483
130540,6,2,20,2,1,3
130557,153,151,143,198,175,244
130560,0,0,0,0,0,0
130574,67,68,62,40,27,41
130576,144,182,180,127,140,132
130589,588,646,650,774,648,595
1306,5,6,3,14,20,27
130612,62,76,87,86,92,90
130617,329,407,415,497,592,513
1307,194,194,281,629,692,694
130733,17,16,32,16,4,13
130749,7,6,4,0,0,0
130752,36,45,50,25,22,16
1308,42,50,85,72,47,79
130813,4,15,0,6,3,0
130814,332,305,285,356,317,294
130827,191,206,200,211,192,158
130872,1343,1457,1625,493,207,652
130888,280,261,255,167,110,171
130916,332,319,362,258,212,296
130940,24,22,21,12,15,14
130951,137,141,168,161,150,147
131,0,0,0,0,0,0
1310,1,0,0,0,0,0
131034,24,25,21,39,48,40
131076,287,350,341,270,327,246
131096,0,0,0,1,0,0
1311,1,0,0,2,4,2
131118,559,567,586,553,717,537
131149,0,0,0,0,0,1
131177,0,0,0,0,0,0
1312,1777,2206,2342,6360,7770,6664
131368,0,0,2,0,1,1
131375,0,0,0,0,0,0
131377,0,0,0,0,0,0
1314,4466,4743,5313,6547,4404,5709
131405,0,0,0,0,0,2
131408,313,305,395,523,505,441
131450,2,3,1,6,0,1
131474,390,418,441,427,490,493
1315,3754,3704,3941,3460,3382,2577
131540,1,0,2,4,3,3
131544,718,737,795,268,97,186
131566,1493,1482,1433,1442,858,1515
131578,0,0,0,4,1,0
131583,306,387,365,748,743,772
1316,655,549,654,1132,757,973
131601,838,947,997,2418,2838,2088
131616,176,161,161,329,496,325
131669,0,1,0,1,0,2
1317,1059,1111,1180,1950,1364,1522
1318,202,251,241,401,403,523
131831,5,11,4,1,1,3
131870,542,600,620,735,560,758
131873,2,3,2,0,3,0
131890,0,2,1,0,0,0
131909,19,14,17,16,17,14
131920,0,0,0,0,0,0
131965,334,411,376,429,411,449
132,2548,2631,2812,2608,2871,2498
132001,182,145,157,109,143,117
132014,524,515,579,685,777,689
132112,0,1,0,0,0,0
132141,0,0,0,0,0,0
132158,61,54,70,30,42,55
132160,387,433,600,686,753,588
132200,4,3,2,1,0,2
132203,0,0,0,0,0,0
132204,0,0,0,0,0,0
132228,2,7,16,2,0,7
132241,320,318,361,238,145,228
132243,0,0,0,0,0,0
132299,853,952,955,2161,2805,2166
132320,126,152,166,92,115,111
132321,121,112,120,118,103,82
132332,0,3,0,4,1,0
132430,20,6,15,14,5,15
1325,5,2,8,1,0,1
1326,487,444,513,389,310,373
132612,0,0,0,0,0,0
132625,0,5,0,1,3,0
132660,258,313,284,217,177,159
132671,0,0,0,0,0,0
1327,2489,2722,2745,3886,5521,3719
132720,293,255,279,224,191,276
132724,0,0,0,0,0,0
132789,311,335,259,232,208,191
132851,12,14,8,2,7,5
132864,259,224,239,364,294,283
132884,0,0,0,0,0,0
1329,1742,2017,2203,3643,5767,3657
132946,3,1,0,0,0,2
132949,294,256,267,212,186,169
132954,0,0,0,0,0,0
132989,24,23,27,30,31,36
133,250,220,284,271,314,283
133015,191,205,223,156,111,153
133022,0,0,0,0,0,0
133060,0,0,0,0,0,0
133121,3,0,0,0,0,0
133308,50,61,55,55,50,57
133383,41,51,44,31,23,26
133396,5,3,5,1,4,12
133418,1,0,0,0,0,0
133482,0,0,0,0,0,0
133491,1,0,0,0,1,2
133522,157,189,180,190,82,175
133558,0,0,0,0,0,0
133584,2,0,0,0,0,0
133619,1472,1394,1504,1737,1527,1255
133686,575,716,669,609,564,494
133688,0,0,0,0,0,0
133690,0,0,0,0,0,0
1337,2412,2859,3117,2783,3757,2560
133746,1180,1184,1172,922,619,736
133874,0,0,0,0,0,0
1339,0,0,0,0,0,0
133923,1,1,1,5,1,0
133957,488,481,501,435,518,442
134,208,236,270,338,412,284
1340,1100,967,1133,2054,2769,2088
134083,0,0,0,0,0,0
134111,0,0,0,0,0,0
134121,0,0,0,0,0,0
134145,236,267,316,129,107,164
134147,2017,2058,2319,2965,2472,2327
134187,0,1,0,0,0,1
134218,1293,1415,1462,1207,1141,985
134265,495,522,551,943,790,884
134266,1572,1580,1626,1046,833,1059
134285,130,159,151,357,405,419
134288,0,0,0,0,0,0
134353,146,165,185,272,180,212
134359,307,301,362,282,242,177
134391,0,0,0,0,0,0
134429,1,0,1,0,0,0
134430,734,794,828,588,367,513
134466,0,0,1,0,1,0
134492,631,649,760,888,1115,923
1345,1578,1711,1862,1963,2799,1848
134510,1082,977,1058,893,886,636
134526,0,0,0,0,0,0
134548,2,4,4,4,1,3
134549,417,409,478,351,386,336
134553,1286,1202,1202,724,565,733
1346,10,13,11,9,2,4
134637,230,228,221,111,46,87
1347,1181,1182,1199,1492,2104,1507
134701,0,0,0,0,0,0
134728,162,157,131,68,66,84
134829,0,0,0,0,0,0
134860,0,0,0,0,0,0
134864,0,0,2,0,0,1
1349,1186,1215,1412,1559,1931,1280
134957,419,355,415,438,289,425
135,1,5,1,7,4,10
1350,3231,3437,3492,4084,5023,4236
1351,2474,2646,3197,3182,4226,3540
135112,3049,3204,3514,4040,3278,3288
135114,658,644,625,792,793,592
135138,0,0,0,0,0,0
135152,0,0,0,0,0,0
135154,142,168,172,315,366,241
1352,308,341,376,448,307,454
135228,2343,2254,2444,1922,1315,1771
135250,8,4,6,5,1,4
135293,832,961,963,599,512,497
135295,0,0,0,0,0,0
1353,578,520,579,393,394,398
135398,49,58,71,13,10,17
135458,4,0,5,0,1,0
1355,1245,1361,1456,1347,1090,1347
1356,96,58,92,8,6,9
135644,0,0,0,0,0,0
135656,0,0,0,0,0,0
1357,0,0,0,0,0,0
1358,0,0,1,1,0,0
135886,7,5,4,3,14,2
135892,0,0,0,1,0,1
1359,0,0,0,0,0,0
135924,0,0,0,0,0,0
135927,0,0,0,0,0,0
135932,1075,1112,1243,1042,1172,1394
135935,0,0,0,0,0,0
135941,0,0,0,0,0,1
135946,0,0,0,0,0,0
135948,0,0,0,0,0,0
136,388,402,435,313,279,276
1360,0,0,0,0,0,0
136051,161,231,219,216,188,245
1361,1,0,0,0,0,0
1362,3133,3089,3215,2782,1993,2083
136227,41,59,91,123,117,138
136242,1,2,0,0,0,1
136259,0,0,0,0,0,0
136263,0,1,0,0,0,1
136288,2,5,2,1,3,3
1363,71,60,81,79,102,96
136306,21,18,39,43,53,42
136319,0,0,0,0,0,0
136332,54,55,67,4,6,13
136371,0,0,0,2,2,0
1364,4682,4952,5632,10194,12856,8182
1365,522,534,661,1148,1486,898
136541,0,0,0,0,0,0
1366,5755,5950,6830,11313,13793,9606
136647,332,329,355,1016,1241,933
1368,45,34,45,77,75,40
136853,23,23,27,40,49,52
136895,60,49,107,112,120,90
1369,0,0,0,0,0,0
136991,0,0,0,0,1,0
1370,0,0,0,0,0,0
137075,139,158,155,209,235,188
1371,935,904,1074,570,551,529
137196,0,0,0,0,0,0
137209,125,108,134,64,42,75
1373,140,148,163,33,20,23
137362,0,0,0,0,0,0
137392,236,186,226,101,58,61
1374,1719,1946,2159,2203,1607,2036
137492,594,640,636,550,512,572
1375,3,10,6,8,0,5
1376,924,1038,1093,1083,972,908
137682,235,240,286,195,183,171
137695,272,255,189,211,298,194
137735,0,2,2,0,0,0
137797,1,3,5,1,0,0
1378,0,0,0,0,0,0
137814,0,0,0,0,0,0
137835,22,20,22,7,8,5
137868,0,0,0,0,0,0
137872,90,67,78,81,77,70
137886,525,482,496,295,172,232
1379,2,0,0,0,0,0
137902,11,8,11,5,4,5
137964,706,786,744,858,757,821
137970,0,0,0,0,0,0
137994,135,134,142,93,63,118
1380,2,2,1,0,3,0
138009,0,0,0,0,0,0
138046,0,0,0,0,0,0
138050,568,532,557,607,348,588
138065,4,5,6,4,4,1
1381,0,0,0,0,0,0
138151,559,634,764,891,792,947
138162,102,109,89,,,
